churn,tenure,preferred_login_device,city_tier,warehouse_to_home,preferred_payment_mode,gender,hour_spend_on_app,number_of_device_registered,prefered_order_cat,satisfaction_score,marital_status,number_of_address,complain,order_amount_hike_fromlast_year,coupon_used,order_count,day_since_last_order,cashback_amount
1,4.0,Mobile Phone,3,6.0,Debit Card,Female,3.0,3,Laptop & Accessory,2,Single,9,1,11.0,1.0,1.0,5.0,160
1,10.189899366380917,Phone,1,8.0,UPI,Male,3.0,4,Mobile,3,Single,7,1,15.0,0.0,1.0,0.0,121
1,10.189899366380917,Phone,1,30.0,Debit Card,Male,2.0,4,Mobile,3,Single,6,1,14.0,0.0,1.0,3.0,120
1,0.0,Phone,3,15.0,Debit Card,Male,2.0,4,Laptop & Accessory,5,Single,8,0,23.0,0.0,1.0,3.0,134
1,0.0,Phone,1,12.0,CC,Male,2.9315348837209303,3,Mobile,5,Single,3,0,11.0,1.0,1.0,3.0,130
1,0.0,Computer,1,22.0,Debit Card,Female,3.0,5,Mobile Phone,5,Single,2,1,22.0,4.0,6.0,7.0,139
1,10.189899366380917,Phone,3,11.0,Cash on Delivery,Male,2.0,3,Laptop & Accessory,2,Divorced,4,0,14.0,0.0,1.0,0.0,121
1,10.189899366380917,Phone,1,6.0,CC,Male,3.0,3,Mobile,2,Divorced,3,1,16.0,2.0,2.0,0.0,123
1,13.0,Phone,3,9.0,E wallet,Male,2.9315348837209303,4,Mobile,3,Divorced,2,1,14.0,0.0,1.0,2.0,127
1,10.189899366380917,Phone,1,31.0,Debit Card,Male,2.0,5,Mobile,3,Single,2,0,12.0,1.0,1.0,1.0,123
1,4.0,Mobile Phone,1,18.0,Cash on Delivery,Female,2.0,3,Others,3,Divorced,2,0,15.707921714818266,9.0,15.0,8.0,295
1,11.0,Mobile Phone,1,6.0,Debit Card,Male,3.0,4,Fashion,3,Single,10,1,13.0,0.0,1.0,0.0,154
1,0.0,Phone,1,11.0,COD,Male,2.0,3,Mobile,3,Single,2,1,13.0,2.0,2.0,2.0,134
1,0.0,Phone,1,15.0,CC,Male,3.0,4,Mobile,3,Divorced,1,1,17.0,0.0,1.0,0.0,134
1,9.0,Mobile Phone,3,15.0,Credit Card,Male,3.0,4,Fashion,2,Single,2,0,16.0,0.0,4.0,7.0,196
1,10.189899366380917,Phone,2,12.0,UPI,Male,3.0,3,Mobile,5,Married,5,1,22.0,1.0,1.0,2.0,121
1,0.0,Computer,1,12.0,Debit Card,Female,2.9315348837209303,4,Mobile,2,Single,2,1,18.0,1.0,1.0,0.0,129
1,0.0,Mobile Phone,3,11.0,E wallet,Male,2.0,4,Laptop & Accessory,3,Single,2,1,11.0,1.0,1.0,3.0,157
1,0.0,Computer,1,13.0,Debit Card,Male,3.0,5,Laptop & Accessory,3,Single,2,1,24.0,1.0,1.0,6.0,161
1,19.0,Mobile Phone,1,20.0,Debit Card,Female,3.0,3,Mobile Phone,4,Divorced,10,1,18.0,1.0,4.0,3.0,150
1,0.0,Mobile Phone,3,12.0,Debit Card,Male,3.0,5,Laptop & Accessory,3,Divorced,5,1,18.0,6.0,7.0,7.0,162
1,20.0,Mobile Phone,1,29.0,Credit Card,Female,3.0,3,Fashion,2,Divorced,2,0,12.0,11.0,15.0,6.0,203
1,10.189899366380917,Mobile Phone,3,28.0,E wallet,Male,2.0,3,Mobile Phone,3,Single,2,1,19.0,0.0,1.0,0.0,117
1,0.0,Phone,3,26.0,Debit Card,Female,3.0,5,Laptop & Accessory,3,Divorced,4,1,11.0,1.0,2.0,2.0,146
1,14.0,Computer,1,14.0,Debit Card,Male,2.0,5,Fashion,2,Single,3,0,15.0,0.0,1.0,3.0,207
1,0.0,Phone,1,15.0,Credit Card,Female,2.0,3,Mobile Phone,5,Single,8,0,22.0,1.0,1.0,4.0,142
0,8.0,Mobile Phone,3,6.0,E wallet,Male,3.0,3,Fashion,4,Divorced,2,0,13.0,1.0,1.0,6.0,173
0,10.189899366380917,Phone,3,12.0,E wallet,Male,2.0,3,Laptop & Accessory,3,Divorced,3,1,20.0,0.0,4.0,5.0,123
0,18.0,Phone,1,15.639895891429633,Debit Card,Male,2.0,3,Laptop & Accessory,4,Married,9,0,18.0,1.0,1.0,15.0,123
0,5.0,Computer,3,14.0,E wallet,Female,2.0,3,Fashion,2,Single,2,0,14.0,2.0,3.0,7.0,190
0,2.0,Computer,1,6.0,COD,Male,2.0,3,Laptop & Accessory,3,Divorced,2,0,13.0,0.0,1.0,9.0,143
0,0.0,Mobile Phone,1,13.0,Credit Card,Male,2.0,4,Laptop & Accessory,3,Divorced,3,0,17.0,1.0,1.0,0.0,161
0,30.0,Phone,1,15.0,CC,Female,3.0,4,Mobile,4,Divorced,5,1,20.0,1.0,1.0,0.0,133
0,13.0,Mobile Phone,3,10.0,E wallet,Male,3.0,4,Fashion,2,Divorced,8,0,11.0,2.0,2.0,11.0,209
0,10.189899366380917,Computer,3,8.0,E wallet,Female,3.0,3,Mobile,3,Divorced,7,0,18.0,1.0,1.0,2.0,122
0,0.0,Phone,1,15.639895891429633,CC,Male,3.0,3,Mobile,2,Divorced,2,0,24.0,0.0,2.0,2.0,123
0,10.189899366380917,Computer,1,15.0,CC,Male,2.0,3,Mobile,4,Married,7,0,18.0,0.0,2.0,2.0,120
0,1.0,Phone,1,27.0,CC,Male,2.9315348837209303,3,Mobile,2,Divorced,2,0,11.0,0.0,1.0,2.0,127
0,30.0,Mobile Phone,1,30.0,Debit Card,Male,2.0,2,Fashion,2,Married,4,1,16.0,1.0,1.0,4.0,194
0,0.0,Computer,1,15.639895891429633,CC,Male,3.0,4,Mobile,3,Married,2,1,15.0,0.0,1.0,1.0,126
0,23.0,Mobile Phone,1,17.0,Debit Card,Female,2.0,3,Others,4,Single,4,0,15.707921714818266,2.0,4.0,4.0,299
0,14.0,Phone,1,15.639895891429633,Debit Card,Male,2.0,3,Mobile,3,Married,5,0,12.0,1.0,1.0,8.0,125
0,3.0,Mobile Phone,3,11.0,Debit Card,Female,2.0,3,Fashion,2,Divorced,3,0,12.0,2.0,7.0,4.0,194
0,11.0,Mobile Phone,3,6.0,Debit Card,Female,2.0,4,Laptop & Accessory,2,Single,5,0,22.0,1.0,1.0,1.0,187
0,5.0,Phone,1,12.0,Debit Card,Male,2.9315348837209303,3,Mobile,3,Single,4,0,20.0,0.0,1.0,4.0,130
0,0.0,Phone,1,23.0,COD,Male,2.9315348837209303,3,Mobile,4,Divorced,1,1,16.0,1.0,1.0,1.0,131
1,0.0,Computer,3,15.639895891429633,COD,Female,3.0,5,Mobile,5,Single,1,0,21.0,1.0,1.0,0.0,123
0,10.189899366380917,Computer,1,9.0,CC,Male,1.0,3,Mobile,4,Single,5,0,12.0,4.0,7.0,2.0,121
0,3.0,Computer,1,15.0,CC,Male,2.9315348837209303,3,Laptop & Accessory,5,Married,2,0,11.0,0.0,6.0,10.0,131
0,18.0,Mobile Phone,3,10.0,Debit Card,Female,1.0,3,Laptop & Accessory,5,Married,5,1,11.0,0.0,1.0,3.0,150
0,29.0,Phone,1,14.0,Debit Card,Female,3.0,3,Mobile Phone,5,Married,5,1,18.0,1.0,2.0,2.0,143
0,6.0,Phone,1,15.639895891429633,Debit Card,Male,2.0,3,Mobile,2,Single,1,0,14.0,0.0,1.0,2.0,125
1,0.0,Mobile Phone,1,8.0,Debit Card,Male,2.0,4,Mobile Phone,2,Single,2,0,22.0,0.0,1.0,0.0,111
0,19.0,Mobile Phone,3,6.0,E wallet,Female,3.0,3,Fashion,5,Married,2,0,25.0,4.0,15.0,7.0,205
0,10.189899366380917,Phone,1,15.0,Debit Card,Female,3.0,3,Mobile,2,Single,2,0,12.0,1.0,2.0,1.0,123
0,4.0,Phone,1,18.0,Credit Card,Female,3.0,3,Mobile Phone,2,Divorced,9,1,23.0,1.0,1.0,2.0,139
0,10.189899366380917,Phone,1,33.0,CC,Female,3.0,3,Mobile,4,Single,3,0,15.0,1.0,1.0,2.0,123
1,4.0,Phone,3,26.0,E wallet,Female,2.9315348837209303,3,Mobile,4,Single,2,1,22.0,0.0,1.0,2.0,131
0,23.0,Phone,1,6.0,Credit Card,Male,2.0,4,Mobile Phone,3,Divorced,3,0,15.0,0.0,1.0,2.0,137
0,26.0,Phone,1,19.0,Credit Card,Female,2.0,2,Laptop & Accessory,5,Married,2,0,11.0,1.0,1.0,3.0,145
0,6.0,Phone,1,20.0,CC,Female,2.9315348837209303,3,Mobile,4,Divorced,2,0,13.0,0.0,1.0,6.0,128
0,13.0,Mobile Phone,1,10.0,Credit Card,Female,2.0,3,Others,3,Divorced,2,0,14.0,1.7510234462225531,9.0,9.0,290
0,28.0,Mobile Phone,1,20.0,Credit Card,Male,3.0,2,Others,4,Single,9,0,11.0,1.7510234462225531,2.0,15.0,287
0,7.0,Computer,1,8.0,Debit Card,Male,2.0,4,Laptop & Accessory,3,Divorced,2,0,17.0,0.0,1.0,9.0,195
0,24.0,Mobile Phone,1,9.0,Credit Card,Female,3.0,3,Grocery,4,Single,4,0,18.0,0.0,3.0080044676098288,0.0,237
0,25.0,Mobile Phone,1,6.0,Debit Card,Male,3.0,4,Others,3,Divorced,1,0,15.707921714818266,1.0,11.0,9.0,300
0,10.189899366380917,Phone,1,15.0,CC,Female,2.0,3,Mobile,4,Single,2,0,16.0,1.0,1.0,3.0,123
1,0.0,Mobile Phone,1,29.0,Debit Card,Male,2.0,4,Laptop & Accessory,3,Divorced,4,1,13.0,1.0,1.0,1.0,159
0,10.189899366380917,Computer,1,13.0,CC,Male,2.0,2,Mobile,2,Married,5,0,14.0,0.0,2.0,2.0,121
0,18.0,Computer,1,8.0,Credit Card,Male,3.0,4,Grocery,2,Divorced,10,0,23.0,1.7510234462225531,11.0,8.0,268
0,10.0,Phone,1,27.0,Debit Card,Male,3.0,2,Mobile Phone,5,Divorced,2,1,12.0,0.0,1.0,7.0,136
0,8.0,Computer,1,8.0,Credit Card,Female,2.0,3,Laptop & Accessory,4,Single,6,0,11.0,1.0,1.0,2.0,144
0,15.0,Computer,1,27.0,Credit Card,Female,2.0,3,Laptop & Accessory,3,Married,3,0,16.0,0.0,1.0,2.0,153
0,11.0,Mobile Phone,1,8.0,Debit Card,Male,2.0,3,Laptop & Accessory,3,Divorced,10,0,14.0,0.0,1.0,0.0,166
0,11.0,Mobile Phone,1,35.0,COD,Male,2.0,3,Laptop & Accessory,2,Divorced,4,0,18.0,0.0,1.0,7.0,163
0,0.0,Computer,1,6.0,COD,Male,2.0,4,Laptop & Accessory,5,Divorced,6,0,19.0,0.0,2.0,0.0,143
0,22.0,Computer,1,24.0,Debit Card,Male,3.0,3,Laptop & Accessory,2,Married,2,1,15.0,0.0,1.0,7.0,168
0,7.0,Computer,1,16.0,Credit Card,Male,2.0,3,Mobile Phone,3,Married,2,1,17.0,2.0,2.0,0.0,138
0,13.0,Phone,1,25.0,CC,Male,2.9315348837209303,3,Laptop & Accessory,2,Divorced,9,1,15.0,1.0,3.0,7.0,127
1,1.0,Mobile Phone,1,35.0,Credit Card,Male,3.0,3,Laptop & Accessory,5,Divorced,8,1,19.0,0.0,1.0,0.0,167
1,0.0,Mobile Phone,3,33.0,E wallet,Female,2.0,3,Fashion,2,Divorced,2,0,22.0,1.0,1.0,9.0,176
0,0.0,Phone,1,15.639895891429633,Debit Card,Male,2.0,2,Mobile,4,Married,2,1,16.0,0.0,2.0,2.0,123
0,10.189899366380917,Computer,1,24.0,CC,Female,3.0,3,Mobile,2,Single,2,0,13.0,1.0,1.0,7.0,122
0,13.0,Computer,1,15.0,Debit Card,Male,3.0,4,Laptop & Accessory,2,Divorced,10,0,14.0,1.0,1.0,2.0,149
0,19.0,Mobile Phone,1,6.0,Credit Card,Male,3.0,3,Fashion,5,Married,8,0,16.0,0.0,1.0,3.0,194
1,0.0,Mobile Phone,3,10.0,Credit Card,Male,2.0,5,Fashion,2,Divorced,2,0,11.0,7.0,9.0,8.0,204
0,3.0,Computer,1,6.0,Debit Card,Male,2.0,4,Fashion,3,Single,2,0,22.0,2.0,5.0,8.0,185
0,0.0,Computer,3,26.0,Debit Card,Female,2.0,3,Laptop & Accessory,3,Single,2,0,14.0,1.0,1.0,7.0,200
0,24.0,Mobile Phone,1,14.0,Debit Card,Male,2.0,4,Fashion,4,Divorced,6,0,16.0,1.0,4.0,4.543490512868683,225
1,0.0,Phone,1,15.639895891429633,COD,Female,2.0,3,Mobile,5,Single,6,1,11.0,1.0,1.0,4.0,127
0,14.0,Mobile Phone,3,12.0,Debit Card,Female,3.0,3,Fashion,2,Single,4,1,18.0,0.0,3.0080044676098288,0.0,236
1,0.0,Computer,3,32.0,E wallet,Female,2.0,4,Laptop & Accessory,5,Single,6,0,15.0,0.0,1.0,1.0,167
1,10.189899366380917,Phone,1,6.0,Cash on Delivery,Male,2.0,3,Mobile,3,Single,1,0,14.0,0.0,1.0,5.0,121
0,18.0,Computer,3,12.0,Credit Card,Female,2.0,4,Fashion,2,Single,7,0,12.0,12.0,12.0,8.0,189
0,27.0,Mobile Phone,3,9.0,E wallet,Female,2.0,3,Laptop & Accessory,5,Divorced,3,0,14.0,1.0,1.0,5.0,159
0,9.0,Mobile Phone,1,11.0,Debit Card,Male,3.0,3,Laptop & Accessory,4,Single,9,0,16.0,0.0,3.0,7.0,159
0,6.0,Phone,1,15.639895891429633,CC,Female,2.0,4,Mobile,4,Divorced,7,0,21.0,0.0,1.0,1.0,126
0,10.0,Computer,1,17.0,UPI,Male,2.0,3,Fashion,2,Married,2,1,14.0,0.0,1.0,4.543490512868683,222
0,11.0,Mobile Phone,3,9.0,Debit Card,Male,3.0,3,Fashion,3,Married,1,0,12.0,1.0,5.0,13.0,206
0,4.0,Computer,1,6.0,Credit Card,Male,2.0,5,Laptop & Accessory,3,Divorced,1,0,12.0,1.0,1.0,4.0,143
0,10.189899366380917,Phone,1,9.0,Debit Card,Male,3.0,4,Mobile,2,Divorced,4,0,17.0,0.0,1.0,0.0,122
0,10.0,Computer,3,10.0,E wallet,Male,2.0,3,Mobile Phone,2,Married,5,0,17.0,1.0,5.0,8.0,0
0,2.0,Computer,3,6.0,Credit Card,Female,2.0,3,Fashion,2,Divorced,2,0,14.0,4.0,4.0,1.0,179
0,8.0,Computer,3,6.0,E wallet,Female,3.0,3,Fashion,3,Single,2,0,14.0,1.0,1.0,8.0,188
1,0.0,Phone,1,15.639895891429633,CC,Male,2.0,4,Mobile,2,Single,2,1,13.0,0.0,1.0,1.0,124
0,25.0,Phone,1,8.0,Debit Card,Female,2.0,4,Mobile,2,Single,8,0,15.0,0.0,2.0,2.0,132
0,15.0,Mobile Phone,1,10.0,Cash on Delivery,Male,2.0,3,Others,2,Divorced,2,0,15.707921714818266,0.0,11.0,15.0,292
0,10.189899366380917,Phone,2,12.0,CC,Male,2.0,3,Mobile,3,Divorced,9,0,17.0,2.0,2.0,2.0,123
0,23.0,Mobile Phone,3,6.0,Credit Card,Female,3.0,3,Others,2,Married,4,0,15.707921714818266,1.0,1.0,6.0,295
1,0.0,Phone,1,15.639895891429633,CC,Male,2.0,3,Mobile,2,Divorced,6,1,13.0,0.0,1.0,4.0,124
0,16.0,Mobile Phone,3,22.0,E wallet,Female,3.0,3,Grocery,2,Divorced,6,1,22.0,0.0,3.0080044676098288,9.0,261
1,0.0,Phone,1,8.0,Debit Card,Female,2.9315348837209303,3,Mobile,5,Divorced,8,0,20.0,1.0,1.0,7.0,127
0,25.0,Computer,3,8.0,Debit Card,Male,3.0,4,Others,3,Single,2,1,18.0,1.7510234462225531,15.0,12.0,291
0,5.0,Phone,3,10.0,Debit Card,Female,2.0,3,Mobile Phone,4,Divorced,3,0,11.0,1.0,1.0,2.0,139
1,0.0,Phone,1,6.0,Debit Card,Male,3.0,4,Mobile Phone,3,Single,1,1,14.0,1.0,1.0,2.0,137
0,10.189899366380917,Phone,1,6.0,CC,Female,3.0,3,Mobile,3,Married,8,0,14.0,0.0,1.0,2.0,122
0,5.0,Computer,3,32.0,E wallet,Male,3.0,3,Laptop & Accessory,2,Divorced,1,0,18.0,1.0,2.0,2.0,145
0,14.0,Phone,1,25.0,Debit Card,Male,2.9315348837209303,3,Laptop & Accessory,5,Married,3,0,16.0,1.0,1.0,0.0,131
0,13.0,Phone,1,30.0,COD,Male,3.0,3,Laptop & Accessory,2,Married,2,0,17.0,2.0,4.0,7.0,133
0,18.0,Mobile Phone,1,6.0,UPI,Male,3.0,2,Others,2,Divorced,1,0,15.707921714818266,1.0,1.0,7.0,292
0,4.0,Computer,1,9.0,Credit Card,Male,3.0,3,Fashion,3,Married,10,0,12.0,1.0,3.0080044676098288,2.0,237
0,6.0,Phone,1,11.0,Debit Card,Female,2.9315348837209303,4,Mobile,2,Divorced,2,0,13.0,0.0,1.0,2.0,129
0,7.0,Mobile Phone,1,8.0,Debit Card,Male,2.0,4,Laptop & Accessory,5,Divorced,7,0,13.0,0.0,5.0,9.0,160
0,10.0,Phone,1,6.0,Credit Card,Female,2.0,4,Mobile Phone,5,Divorced,3,0,14.0,1.0,1.0,2.0,139
0,18.0,Computer,1,13.0,Debit Card,Male,3.0,2,Laptop & Accessory,3,Divorced,5,0,17.0,0.0,1.0,2.0,164
1,0.0,Computer,1,16.0,Credit Card,Male,3.0,3,Fashion,3,Married,7,0,11.0,1.0,1.0,0.0,200
0,12.0,Computer,1,8.0,Cash on Delivery,Female,3.0,3,Fashion,3,Single,1,0,25.0,10.0,11.0,4.543490512868683,209
0,2.0,Phone,1,15.639895891429633,Debit Card,Male,2.0,3,Mobile,2,Single,2,0,19.0,0.0,1.0,5.0,123
0,15.0,Mobile Phone,1,23.0,Debit Card,Female,2.0,2,Laptop & Accessory,5,Single,4,1,13.0,0.0,1.0,2.0,165
0,2.0,Mobile Phone,3,26.0,E wallet,Male,2.0,3,Laptop & Accessory,2,Married,3,0,14.0,1.0,1.0,2.0,169
0,0.0,Phone,1,6.0,Debit Card,Female,3.0,3,Laptop & Accessory,3,Divorced,1,0,12.0,1.0,1.0,2.0,149
0,15.0,Phone,1,15.639895891429633,CC,Female,2.0,4,Mobile,5,Married,1,1,11.0,4.0,7.0,8.0,126
0,13.0,Mobile Phone,1,8.0,Credit Card,Male,2.0,3,Others,3,Married,1,0,15.707921714818266,0.0,3.0,9.0,294
0,24.0,Phone,1,6.0,Debit Card,Male,2.9315348837209303,3,Mobile,2,Divorced,2,0,11.0,1.0,1.0,0.0,127
1,0.0,Computer,1,35.0,CC,Male,3.0,4,Mobile,4,Single,1,0,11.0,1.0,1.0,4.0,135
0,5.0,Computer,1,13.0,Debit Card,Male,2.9315348837209303,2,Mobile,4,Divorced,2,0,20.0,0.0,1.0,3.0,128
0,11.0,Computer,3,8.0,Debit Card,Male,2.0,4,Laptop & Accessory,2,Divorced,4,0,18.0,6.0,7.0,5.0,152
0,10.189899366380917,Phone,1,8.0,Cash on Delivery,Male,2.0,4,Laptop & Accessory,5,Single,5,0,13.0,0.0,1.0,4.0,122
0,19.0,Mobile Phone,3,8.0,Cash on Delivery,Female,3.0,5,Grocery,4,Divorced,4,1,12.0,1.7510234462225531,7.0,7.0,269
1,0.0,Phone,1,8.0,Debit Card,Male,3.0,3,Mobile,3,Single,3,0,11.0,1.0,1.0,0.0,135
0,2.0,Mobile Phone,3,8.0,Credit Card,Male,3.0,4,Laptop & Accessory,4,Divorced,3,0,19.0,0.0,1.0,0.0,166
0,4.0,Mobile Phone,1,29.0,Credit Card,Male,3.0,4,Laptop & Accessory,2,Divorced,1,0,21.0,1.0,7.0,8.0,156
0,0.0,Computer,1,11.0,Debit Card,Male,2.0,2,Laptop & Accessory,5,Married,2,0,12.0,1.0,1.0,5.0,140
0,18.0,Mobile Phone,1,26.0,Credit Card,Male,3.0,3,Grocery,2,Divorced,1,1,14.0,0.0,3.0080044676098288,10.0,235
0,9.0,Phone,1,12.0,Debit Card,Male,2.0,3,Mobile,2,Divorced,1,0,11.0,4.0,10.0,11.0,132
0,28.0,Mobile Phone,1,6.0,Credit Card,Male,2.0,3,Others,5,Single,1,1,14.0,1.7510234462225531,4.0,13.0,290
1,10.0,Computer,1,35.0,Debit Card,Male,2.0,3,Fashion,4,Divorced,2,1,12.0,5.0,9.0,4.543490512868683,218
0,10.189899366380917,Phone,1,15.0,CC,Male,3.0,3,Mobile,2,Divorced,2,0,23.0,1.0,1.0,4.0,121
0,10.0,Mobile Phone,3,12.0,Credit Card,Male,3.0,3,Laptop & Accessory,2,Divorced,5,0,14.0,0.0,1.0,1.0,165
0,0.0,Phone,1,9.0,CC,Male,3.0,4,Mobile,3,Single,2,0,17.0,1.0,1.0,0.0,132
0,10.0,Computer,1,6.0,Credit Card,Female,0.0,3,Fashion,2,Married,3,1,18.0,0.0,3.0080044676098288,2.0,236
0,2.0,Mobile Phone,1,28.0,Debit Card,Female,3.0,2,Fashion,4,Married,8,0,18.0,5.0,6.0,4.543490512868683,220
0,11.0,Mobile Phone,3,13.0,Credit Card,Female,2.0,2,Laptop & Accessory,5,Married,2,1,24.0,0.0,7.0,7.0,156
0,0.0,Computer,1,6.0,Debit Card,Female,2.0,3,Laptop & Accessory,4,Married,2,0,20.0,0.0,1.0,4.0,164
0,23.0,Mobile Phone,1,10.0,Debit Card,Male,3.0,3,Others,4,Married,4,0,14.0,1.7510234462225531,1.0,6.0,291
0,26.0,Mobile Phone,1,9.0,Credit Card,Male,2.0,3,Grocery,3,Divorced,4,1,16.0,1.7510234462225531,1.0,3.0,276
0,15.0,Phone,3,6.0,Debit Card,Male,2.0,3,Laptop & Accessory,3,Divorced,2,0,25.0,4.0,11.0,6.0,149
0,2.0,Computer,3,8.0,Debit Card,Male,2.0,3,Laptop & Accessory,2,Single,2,0,18.0,0.0,1.0,9.0,146
0,28.0,Mobile Phone,1,26.0,COD,Male,2.0,3,Laptop & Accessory,2,Divorced,4,1,19.0,1.0,1.0,8.0,154
0,0.0,Computer,1,17.0,Credit Card,Male,2.0,3,Laptop & Accessory,5,Divorced,2,1,13.0,2.0,3.0,3.0,147
0,10.189899366380917,Phone,1,6.0,Debit Card,Female,2.0,3,Mobile,2,Single,2,0,12.0,1.0,5.0,7.0,121
1,7.0,Computer,1,30.0,Debit Card,Male,2.9315348837209303,3,Mobile,3,Married,4,1,22.0,0.0,1.0,0.0,132
0,11.0,Mobile Phone,1,29.0,Debit Card,Male,2.0,3,Laptop & Accessory,2,Married,10,0,14.0,0.0,1.0,2.0,157
1,0.0,Phone,1,15.639895891429633,CC,Male,2.0,3,Mobile,4,Married,3,1,13.0,1.0,1.0,2.0,124
0,1.0,Phone,1,14.0,Debit Card,Female,3.0,3,Mobile,2,Single,2,0,21.0,0.0,1.0,2.0,133
0,22.0,Computer,1,16.0,Debit Card,Female,2.0,3,Others,5,Single,10,1,11.0,1.7510234462225531,1.0,2.0,287
0,9.0,Phone,1,9.0,COD,Male,1.0,3,Laptop & Accessory,4,Single,5,0,12.0,6.0,7.0,7.0,145
0,4.0,Computer,3,11.0,E wallet,Female,2.9315348837209303,3,Mobile,4,Married,2,0,11.0,0.0,2.0,2.0,128
1,0.0,Mobile Phone,3,10.0,E wallet,Male,2.0,4,Laptop & Accessory,2,Single,2,1,12.0,7.0,7.0,4.0,158
0,10.0,Computer,1,15.639895891429633,CC,Male,2.0,3,Mobile,2,Divorced,2,1,12.0,0.0,1.0,2.0,123
0,15.0,Computer,3,32.0,E wallet,Female,3.0,3,Grocery,4,Divorced,6,0,14.0,2.0,3.0080044676098288,8.0,235
1,10.189899366380917,Mobile Phone,1,9.0,Debit Card,Male,2.0,3,Mobile Phone,3,Single,2,0,13.0,0.0,1.0,0.0,114
0,8.0,Mobile Phone,3,22.0,E wallet,Male,3.0,3,Fashion,4,Divorced,1,0,15.0,3.0,6.0,9.0,180
0,9.0,Computer,1,24.0,Debit Card,Male,2.0,2,Mobile Phone,2,Divorced,5,0,18.0,0.0,1.0,0.0,137
0,24.0,Mobile Phone,1,8.0,Credit Card,Male,2.0,5,Laptop & Accessory,4,Married,6,0,18.0,0.0,1.0,2.0,155
0,14.0,Mobile Phone,3,8.0,Debit Card,Male,2.0,3,Grocery,4,Single,2,0,19.0,1.0,3.0080044676098288,4.0,260
0,0.0,Mobile Phone,3,16.0,Credit Card,Female,3.0,4,Mobile Phone,3,Single,2,0,12.0,1.0,1.0,0.0,112
0,1.0,Mobile Phone,1,22.0,Credit Card,Male,3.0,2,Laptop & Accessory,5,Single,1,0,19.0,0.0,1.0,7.0,157
0,4.0,Mobile Phone,3,13.0,COD,Male,3.0,2,Laptop & Accessory,2,Divorced,5,0,11.0,3.0,7.0,7.0,169
0,12.0,Mobile Phone,1,6.0,Credit Card,Male,2.0,2,Fashion,2,Married,1,0,17.0,3.0,3.0,7.0,196
0,9.0,Computer,1,30.0,Debit Card,Female,2.0,3,Laptop & Accessory,4,Divorced,8,0,15.0,0.0,1.0,8.0,157
0,5.0,Mobile Phone,3,13.0,Debit Card,Male,3.0,4,Laptop & Accessory,3,Divorced,2,0,14.0,1.0,4.0,8.0,155
0,11.0,Mobile Phone,1,31.0,Debit Card,Female,2.0,4,Fashion,4,Divorced,4,0,17.0,1.0,1.0,4.543490512868683,221
0,30.0,Computer,1,6.0,Debit Card,Male,2.0,5,Laptop & Accessory,3,Married,3,1,13.0,1.0,1.0,2.0,157
0,4.0,Phone,1,11.0,COD,Male,2.0,3,Mobile Phone,2,Divorced,1,1,12.0,0.0,1.0,3.0,148
0,4.0,Mobile Phone,2,8.0,UPI,Male,3.0,4,Laptop & Accessory,5,Divorced,4,0,12.0,0.0,1.0,0.0,164
0,18.0,Computer,1,13.0,Debit Card,Male,3.0,3,Fashion,5,Married,2,0,18.0,5.0,9.0,11.0,152
0,4.0,Phone,1,8.0,Debit Card,Male,2.9315348837209303,3,Mobile,2,Married,1,1,18.0,1.0,2.0,2.0,127
0,6.0,Computer,1,11.0,Debit Card,Female,3.0,3,Fashion,4,Divorced,7,0,11.0,2.0,8.0,4.543490512868683,219
0,12.0,Mobile Phone,1,16.0,Credit Card,Male,2.0,3,Grocery,5,Divorced,2,1,14.0,1.7510234462225531,11.0,10.0,271
0,16.0,Computer,1,15.639895891429633,Debit Card,Female,2.0,3,Mobile,2,Single,1,0,19.0,0.0,1.0,7.0,125
0,22.0,Mobile Phone,1,6.0,Cash on Delivery,Female,2.0,4,Grocery,3,Single,8,1,12.0,1.0,3.0080044676098288,7.0,240
1,15.0,Phone,1,14.0,Credit Card,Male,2.0,4,Laptop & Accessory,4,Divorced,3,0,15.0,7.0,7.0,7.0,149
0,0.0,Phone,1,15.639895891429633,Debit Card,Female,2.0,3,Mobile,4,Single,2,1,12.0,0.0,1.0,2.0,125
0,5.0,Mobile Phone,3,14.0,COD,Female,3.0,4,Laptop & Accessory,4,Divorced,2,1,11.0,6.0,11.0,9.0,152
0,0.0,Phone,3,8.0,Debit Card,Male,3.0,3,Laptop & Accessory,3,Single,2,1,11.0,1.0,1.0,4.0,145
0,4.0,Mobile Phone,3,13.0,E wallet,Male,3.0,3,Laptop & Accessory,2,Married,5,0,12.0,0.0,1.0,7.0,175
0,5.0,Mobile Phone,1,8.0,Credit Card,Female,3.0,2,Laptop & Accessory,2,Single,8,0,16.0,1.0,1.0,7.0,151
1,0.0,Phone,1,8.0,CC,Male,2.0,5,Mobile,2,Divorced,6,1,13.0,2.0,2.0,2.0,135
0,3.0,Mobile Phone,1,34.0,Credit Card,Female,3.0,3,Laptop & Accessory,2,Divorced,2,0,13.0,0.0,1.0,9.0,158
0,4.0,Computer,1,13.0,Debit Card,Female,2.0,4,Fashion,3,Divorced,2,0,24.0,3.0,8.0,9.0,189
0,12.0,Computer,1,5.0,Credit Card,Male,2.0,4,Others,2,Divorced,2,0,15.707921714818266,9.0,13.0,3.0,293
1,2.0,Mobile Phone,3,9.0,Credit Card,Female,2.0,3,Laptop & Accessory,3,Divorced,5,1,18.0,1.0,1.0,0.0,152
0,6.0,Computer,3,16.0,E wallet,Male,2.0,4,Laptop & Accessory,2,Single,4,0,14.0,1.0,1.0,1.0,147
0,20.0,Mobile Phone,1,11.0,Debit Card,Male,2.0,3,Others,3,Divorced,5,0,11.0,1.7510234462225531,1.0,1.0,283
0,16.0,Computer,1,16.0,Debit Card,Female,2.0,4,Laptop & Accessory,3,Married,2,0,11.0,0.0,1.0,0.0,153
0,0.0,Computer,3,6.0,E wallet,Male,3.0,3,Laptop & Accessory,4,Divorced,1,1,13.0,0.0,1.0,4.0,163
0,27.0,Computer,1,26.0,Debit Card,Female,2.0,3,Laptop & Accessory,3,Single,4,0,12.0,1.0,1.0,3.0,149
0,16.0,Mobile Phone,1,13.0,Debit Card,Female,2.0,3,Fashion,5,Divorced,9,0,16.0,1.0,1.0,0.0,200
0,18.0,Phone,1,14.0,UPI,Male,3.0,3,Laptop & Accessory,2,Divorced,10,0,14.0,7.0,9.0,8.0,137
0,13.0,Mobile Phone,3,6.0,Credit Card,Male,2.0,5,Laptop & Accessory,2,Divorced,3,1,22.0,1.0,1.0,2.0,175
1,10.189899366380917,Phone,1,14.0,UPI,Male,3.0,5,Mobile,5,Divorced,2,1,11.0,1.0,1.0,7.0,121
0,2.0,Phone,1,15.0,UPI,Male,1.0,4,Mobile Phone,2,Single,1,0,17.0,2.0,2.0,2.0,140
0,3.0,Mobile Phone,3,11.0,E wallet,Female,1.0,4,Laptop & Accessory,3,Married,2,0,13.0,0.0,1.0,2.0,161
0,0.0,Mobile Phone,3,14.0,E wallet,Female,2.0,3,Laptop & Accessory,4,Divorced,2,0,18.0,0.0,1.0,7.0,162
0,10.0,Mobile Phone,1,11.0,Credit Card,Male,3.0,3,Laptop & Accessory,2,Married,8,0,16.0,0.0,1.0,4.0,163
0,11.0,Mobile Phone,1,21.0,Debit Card,Male,3.0,4,Fashion,2,Married,1,1,14.0,1.0,2.0,4.543490512868683,215
0,4.0,Mobile Phone,1,13.0,Credit Card,Female,2.0,3,Fashion,2,Single,2,1,14.0,2.0,4.0,10.0,171
0,2.0,Mobile Phone,3,16.0,E wallet,Female,2.0,4,Laptop & Accessory,4,Married,2,1,14.0,0.0,1.0,7.0,183
0,8.0,Mobile Phone,1,11.0,COD,Male,3.0,3,Fashion,4,Single,1,0,13.0,0.0,1.0,13.0,181
0,0.0,Phone,1,32.0,Debit Card,Male,2.9315348837209303,3,Mobile,2,Married,2,0,12.0,1.0,1.0,2.0,129
0,14.0,Mobile Phone,1,12.0,Credit Card,Male,3.0,4,Laptop & Accessory,4,Single,7,1,15.0,1.0,1.0,2.0,160
0,20.0,Computer,3,10.0,CC,Male,2.9315348837209303,3,Laptop & Accessory,3,Single,4,0,19.0,0.0,1.0,0.0,130
0,15.0,Mobile Phone,1,29.0,Debit Card,Female,2.0,3,Grocery,2,Single,3,0,14.0,0.0,3.0080044676098288,0.0,260
0,2.0,Computer,3,8.0,Debit Card,Male,3.0,3,Laptop & Accessory,3,Divorced,2,0,14.0,1.0,1.0,2.0,146
0,15.0,Phone,2,8.0,COD,Male,2.9315348837209303,3,Mobile,3,Married,1,1,11.0,1.0,1.0,0.0,127
0,5.0,Phone,1,15.639895891429633,CC,Female,3.0,3,Mobile,4,Divorced,2,0,13.0,0.0,1.0,7.0,124
0,21.0,Mobile Phone,3,35.0,Credit Card,Female,3.0,3,Fashion,3,Divorced,4,0,21.0,0.0,1.0,4.543490512868683,225
0,10.0,Mobile Phone,1,12.0,Credit Card,Male,2.0,2,Laptop & Accessory,5,Married,5,1,13.0,2.0,6.0,7.0,160
0,3.0,Computer,3,31.0,COD,Female,2.0,3,Laptop & Accessory,3,Divorced,8,1,12.0,1.0,2.0,2.0,147
0,0.0,Mobile Phone,3,6.0,Debit Card,Male,2.0,3,Laptop & Accessory,3,Divorced,2,0,17.0,2.0,7.0,7.0,153
0,15.0,Mobile Phone,1,8.0,UPI,Male,3.0,4,Laptop & Accessory,2,Single,4,0,23.0,0.0,1.0,0.0,168
1,10.189899366380917,Computer,3,6.0,Cash on Delivery,Female,2.0,4,Mobile,4,Single,2,1,11.0,1.0,1.0,2.0,122
0,9.0,Computer,3,6.0,Credit Card,Female,2.0,3,Laptop & Accessory,2,Single,5,0,15.0,1.0,1.0,0.0,167
0,9.0,Computer,3,9.0,Credit Card,Male,2.0,4,Fashion,2,Divorced,5,0,11.0,0.0,1.0,12.0,197
0,30.0,Mobile Phone,1,6.0,Credit Card,Male,2.0,3,Laptop & Accessory,3,Divorced,3,0,11.0,1.0,1.0,2.0,168
0,10.189899366380917,Phone,1,16.0,Debit Card,Female,2.0,2,Mobile,3,Divorced,4,1,13.0,0.0,1.0,7.0,122
0,0.0,Computer,3,15.639895891429633,CC,Male,2.0,3,Mobile,2,Single,2,0,24.0,0.0,2.0,2.0,126
1,0.0,Phone,3,11.0,E wallet,Female,2.9315348837209303,3,Mobile,3,Single,2,1,13.0,1.0,1.0,0.0,129
0,10.0,Phone,1,16.0,CC,Female,3.0,3,Mobile,5,Divorced,7,0,20.0,1.0,1.0,3.0,135
0,19.0,Computer,1,13.0,Credit Card,Female,1.0,3,Laptop & Accessory,3,Divorced,3,0,14.0,0.0,1.0,0.0,153
1,4.0,Computer,3,10.0,E wallet,Male,2.0,3,Laptop & Accessory,4,Single,2,0,18.0,7.0,7.0,7.0,194
0,23.0,Mobile Phone,1,16.0,Cash on Delivery,Male,3.0,4,Fashion,2,Single,7,0,15.0,0.0,1.0,3.0,205
1,3.0,Mobile Phone,3,28.0,E wallet,Male,3.0,4,Laptop & Accessory,3,Divorced,3,1,12.0,1.0,1.0,0.0,164
0,4.0,Phone,1,15.639895891429633,Debit Card,Male,2.0,4,Mobile,4,Single,1,1,16.0,1.0,2.0,2.0,127
1,0.0,Phone,3,18.0,Debit Card,Female,2.9315348837209303,2,Mobile,4,Single,2,0,15.0,0.0,1.0,0.0,127
0,10.189899366380917,Phone,1,29.0,Debit Card,Male,2.0,3,Mobile,2,Single,10,0,16.0,1.0,1.0,2.0,122
0,8.0,Mobile Phone,1,15.0,Debit Card,Male,3.0,4,Laptop & Accessory,4,Single,10,0,19.0,1.0,1.0,0.0,165
0,0.0,Phone,1,6.0,Credit Card,Male,2.0,3,Mobile Phone,4,Married,2,0,11.0,0.0,1.0,4.0,138
0,1.0,Mobile Phone,3,15.0,Debit Card,Male,3.0,3,Laptop & Accessory,2,Single,2,0,16.0,1.0,1.0,7.0,153
0,22.0,Phone,1,13.0,UPI,Male,2.0,4,Fashion,3,Single,9,0,24.0,1.0,1.0,0.0,145
0,24.0,Phone,3,20.0,Debit Card,Female,2.0,3,Laptop & Accessory,2,Divorced,5,0,11.0,0.0,1.0,7.0,149
0,9.0,Phone,1,15.639895891429633,Debit Card,Female,3.0,3,Mobile,3,Divorced,5,0,13.0,1.0,2.0,2.0,125
1,0.0,Computer,3,25.0,E wallet,Male,3.0,2,Laptop & Accessory,2,Single,9,1,13.0,1.0,1.0,4.0,153
0,28.0,Mobile Phone,1,8.0,Debit Card,Female,3.0,3,Grocery,2,Single,3,1,13.0,1.7510234462225531,1.0,2.0,267
0,0.0,Phone,3,16.0,E wallet,Female,3.0,3,Laptop & Accessory,3,Married,2,1,12.0,0.0,1.0,3.0,143
0,3.0,Phone,3,15.639895891429633,COD,Male,3.0,3,Mobile,4,Divorced,2,0,18.0,1.0,1.0,0.0,125
1,0.0,Computer,1,9.0,COD,Male,2.9315348837209303,3,Mobile,5,Single,1,0,22.0,0.0,1.0,4.0,131
0,10.189899366380917,Phone,1,17.0,CC,Female,2.0,3,Mobile,4,Divorced,2,0,13.0,1.0,1.0,2.0,122
0,9.0,Mobile Phone,3,8.0,Credit Card,Male,3.0,4,Fashion,3,Divorced,2,0,13.0,9.0,9.0,0.0,176
1,10.189899366380917,Computer,1,10.0,COD,Male,2.0,3,Mobile,2,Single,19,1,23.0,1.0,1.0,0.0,123
0,10.0,Phone,1,20.0,Debit Card,Female,2.9315348837209303,3,Mobile,5,Married,2,0,12.0,3.0,12.0,17.0,130
0,13.0,Mobile Phone,3,8.0,E wallet,Female,2.0,3,Laptop & Accessory,4,Married,8,0,12.0,0.0,1.0,3.0,157
0,15.0,Phone,1,15.639895891429633,Debit Card,Female,3.0,3,Mobile,5,Married,4,0,16.0,1.0,1.0,2.0,126
0,10.0,Phone,1,16.0,Debit Card,Male,2.0,3,Laptop & Accessory,4,Single,3,1,12.0,0.0,1.0,1.0,142
0,16.0,Mobile Phone,1,18.0,Debit Card,Male,2.0,4,Grocery,4,Married,2,0,11.0,0.0,3.0080044676098288,9.0,243
0,13.0,Phone,1,8.0,CC,Female,3.0,4,Laptop & Accessory,3,Divorced,7,0,22.0,1.0,1.0,0.0,134
0,27.0,Mobile Phone,1,11.0,Credit Card,Male,2.0,3,Others,5,Divorced,5,0,15.707921714818266,1.0,1.0,2.0,294
0,7.0,Computer,3,10.0,E wallet,Female,3.0,3,Laptop & Accessory,3,Divorced,10,0,15.0,1.0,1.0,2.0,165
0,4.0,Phone,1,13.0,Credit Card,Female,2.0,3,Laptop & Accessory,5,Divorced,2,0,12.0,3.0,3.0,12.0,143
0,10.189899366380917,Computer,1,27.0,CC,Male,3.0,3,Mobile,2,Divorced,8,0,20.0,0.0,1.0,2.0,123
0,16.0,Phone,1,14.0,UPI,Female,3.0,3,Laptop & Accessory,3,Married,5,1,14.0,0.0,1.0,2.0,145
0,0.0,Phone,3,10.0,Debit Card,Female,2.0,4,Laptop & Accessory,2,Single,2,1,11.0,0.0,1.0,3.0,145
0,10.0,Computer,1,31.0,Credit Card,Female,3.0,3,Laptop & Accessory,3,Divorced,4,1,15.0,3.0,10.0,7.0,144
0,10.189899366380917,Phone,1,6.0,Debit Card,Male,3.0,4,Mobile,5,Divorced,2,0,12.0,0.0,3.0,2.0,122
0,12.0,Computer,1,6.0,Debit Card,Male,2.0,3,Others,3,Married,2,1,14.0,0.0,1.0,6.0,292
0,29.0,Computer,3,12.0,Debit Card,Female,2.0,2,Grocery,5,Divorced,10,0,11.0,2.0,3.0080044676098288,7.0,232
0,3.0,Mobile Phone,3,18.0,COD,Female,2.0,3,Laptop & Accessory,3,Single,1,0,11.0,3.0,4.0,4.0,166
0,14.0,Mobile Phone,3,6.0,E wallet,Male,2.0,2,Fashion,5,Divorced,2,0,16.0,1.0,1.0,7.0,184
0,1.0,Phone,1,23.0,Credit Card,Male,3.0,3,Laptop & Accessory,5,Married,2,0,12.0,0.0,1.0,8.0,146
1,0.0,Phone,1,9.0,Credit Card,Male,3.0,3,Mobile Phone,5,Divorced,6,0,13.0,1.0,1.0,2.0,140
0,25.0,Mobile Phone,1,9.0,Credit Card,Male,2.0,4,Fashion,3,Divorced,3,1,14.0,0.0,1.0,4.0,180
0,18.0,Phone,1,15.639895891429633,Debit Card,Male,3.0,3,Mobile,2,Divorced,4,0,21.0,1.0,1.0,2.0,127
0,25.0,Mobile Phone,1,10.0,Debit Card,Female,1.0,3,Grocery,2,Divorced,3,0,13.0,1.7510234462225531,1.0,4.0,266
0,15.0,Computer,1,35.0,Debit Card,Female,3.0,3,Laptop & Accessory,3,Married,3,0,11.0,1.0,1.0,2.0,146
0,3.0,Mobile Phone,1,8.0,Debit Card,Female,2.0,5,Laptop & Accessory,2,Single,3,0,20.0,0.0,1.0,2.0,161
0,30.0,Mobile Phone,1,13.0,Debit Card,Female,2.0,3,Others,5,Divorced,6,0,15.707921714818266,0.0,11.0,10.0,296
0,19.0,Phone,1,24.0,Credit Card,Female,2.0,3,Laptop & Accessory,3,Married,3,0,14.0,0.0,1.0,8.0,148
0,15.0,Computer,1,34.0,COD,Female,2.0,4,Laptop & Accessory,2,Divorced,1,0,11.0,0.0,1.0,4.0,145
1,0.0,Phone,3,6.0,COD,Female,3.0,3,Mobile,4,Single,2,1,16.0,1.0,1.0,4.0,132
1,0.0,Computer,3,15.639895891429633,E wallet,Female,2.0,5,Mobile,3,Married,1,0,16.0,1.0,1.0,0.0,124
0,10.189899366380917,Computer,1,8.0,Debit Card,Male,2.0,3,Mobile Phone,2,Divorced,2,1,23.0,1.0,1.0,0.0,117
0,13.0,Mobile Phone,3,8.0,Debit Card,Female,3.0,3,Others,3,Divorced,1,0,14.0,1.7510234462225531,1.0,12.0,280
0,0.0,Phone,1,29.0,Debit Card,Female,2.9315348837209303,3,Mobile,2,Married,2,0,22.0,1.0,1.0,2.0,129
0,10.189899366380917,Computer,1,9.0,Debit Card,Male,2.0,3,Mobile,2,Divorced,5,0,15.0,0.0,1.0,4.0,121
0,2.0,Mobile Phone,1,9.0,Credit Card,Male,3.0,4,Fashion,3,Divorced,2,0,18.0,1.0,1.0,4.543490512868683,219
1,0.0,Phone,1,15.639895891429633,COD,Female,3.0,4,Mobile,4,Divorced,6,0,16.0,0.0,1.0,1.0,125
1,0.0,Phone,2,15.639895891429633,COD,Male,2.0,4,Mobile,2,Single,2,0,12.0,1.0,1.0,0.0,126
0,3.0,Computer,3,28.0,UPI,Female,3.0,3,Fashion,5,Divorced,1,0,11.0,2.0,7.0,8.0,184
0,30.0,Mobile Phone,3,35.0,E wallet,Male,2.0,4,Grocery,2,Married,4,0,12.0,0.0,3.0080044676098288,0.0,241
0,23.0,Mobile Phone,1,35.0,Debit Card,Male,2.0,4,Grocery,3,Divorced,1,0,15.0,1.7510234462225531,15.0,7.0,270
0,3.0,Computer,1,15.639895891429633,CC,Female,2.0,3,Mobile,2,Single,1,0,14.0,5.0,6.0,7.0,126
0,30.0,Computer,3,34.0,E wallet,Female,3.0,4,Fashion,5,Divorced,5,0,19.0,13.0,13.0,11.0,203
0,20.0,Mobile Phone,1,8.0,Credit Card,Female,3.0,3,Laptop & Accessory,2,Married,6,0,13.0,0.0,1.0,4.0,151
0,19.0,Mobile Phone,1,8.0,Debit Card,Male,2.0,3,Grocery,3,Divorced,7,0,13.0,1.7510234462225531,1.0,1.0,279
0,8.0,Phone,1,28.0,Debit Card,Male,2.0,5,Mobile Phone,3,Single,1,0,15.0,2.0,4.0,3.0,142
0,27.0,Phone,1,14.0,Debit Card,Female,2.0,3,Laptop & Accessory,3,Single,8,0,11.0,1.0,1.0,0.0,138
0,7.0,Phone,1,8.0,Debit Card,Male,2.9315348837209303,4,Mobile,3,Married,4,0,12.0,5.0,5.0,7.0,128
0,19.0,Mobile Phone,3,16.0,E wallet,Female,3.0,4,Fashion,2,Divorced,3,1,19.0,1.0,1.0,2.0,191
0,4.0,Mobile Phone,1,15.0,Debit Card,Male,2.0,3,Fashion,4,Married,2,0,25.0,1.0,1.0,8.0,206
1,0.0,Mobile Phone,1,21.0,Credit Card,Male,2.0,3,Fashion,3,Divorced,8,1,12.0,0.0,3.0080044676098288,7.0,236
1,0.0,Phone,1,16.0,CC,Male,2.0,5,Mobile,2,Married,8,0,13.0,0.0,1.0,3.0,134
0,3.0,Phone,3,13.0,E wallet,Male,2.9315348837209303,3,Mobile,4,Single,1,0,14.0,1.0,1.0,2.0,130
0,8.0,Mobile Phone,1,22.0,Debit Card,Male,3.0,3,Fashion,3,Divorced,5,1,12.0,0.0,1.0,0.0,176
1,0.0,Computer,1,26.0,Debit Card,Male,3.0,3,Fashion,3,Divorced,4,0,12.0,1.0,1.0,0.0,198
1,0.0,Computer,2,29.0,UPI,Female,2.0,3,Fashion,5,Married,10,1,15.0,1.0,1.0,2.0,200
0,10.189899366380917,Computer,1,11.0,UPI,Male,3.0,3,Mobile,3,Divorced,5,0,17.0,2.0,2.0,0.0,121
0,9.0,Computer,3,16.0,Credit Card,Male,2.0,3,Fashion,2,Single,2,0,14.0,1.0,9.0,7.0,200
1,0.0,Computer,1,10.0,COD,Male,2.0,4,Mobile Phone,3,Single,6,0,16.0,1.0,1.0,2.0,139
0,21.0,Phone,3,8.0,E wallet,Female,2.0,3,Laptop & Accessory,2,Divorced,3,0,14.0,4.0,6.0,7.0,141
0,28.0,Mobile Phone,3,24.0,Debit Card,Female,2.0,3,Grocery,4,Single,4,0,23.0,1.7510234462225531,7.0,7.0,268
0,14.0,Computer,3,16.0,Debit Card,Male,2.0,3,Laptop & Accessory,2,Single,8,0,14.0,0.0,1.0,10.0,162
0,8.0,Phone,3,6.0,E wallet,Male,2.0,3,Laptop & Accessory,3,Divorced,10,0,11.0,3.0,6.0,9.0,147
0,13.0,Mobile Phone,1,12.0,Debit Card,Female,3.0,3,Grocery,3,Single,8,0,15.0,4.0,3.0080044676098288,13.0,232
0,12.0,Computer,1,14.0,Debit Card,Female,2.0,3,Mobile Phone,3,Divorced,2,0,11.0,0.0,1.0,7.0,138
0,4.0,Mobile Phone,3,8.0,Debit Card,Male,3.0,3,Laptop & Accessory,2,Single,5,1,13.0,1.0,1.0,5.0,166
0,15.0,Mobile Phone,1,30.0,Credit Card,Male,2.0,3,Fashion,5,Divorced,2,1,21.0,4.0,5.0,8.0,174
0,18.0,Phone,3,8.0,UPI,Male,3.0,3,Laptop & Accessory,4,Divorced,1,0,19.0,3.0,3.0,7.0,148
1,0.0,Computer,2,23.0,Debit Card,Female,2.9315348837209303,3,Mobile,3,Married,1,1,11.0,0.0,1.0,0.0,127
0,2.0,Phone,1,25.0,COD,Male,2.0,3,Laptop & Accessory,2,Married,5,0,12.0,0.0,1.0,2.0,143
0,6.0,Mobile Phone,1,6.0,Credit Card,Female,3.0,2,Grocery,3,Married,5,0,19.0,1.7510234462225531,1.0,5.0,262
0,0.0,Mobile Phone,3,13.0,Debit Card,Male,2.0,4,Fashion,2,Married,10,0,21.0,1.0,1.0,4.543490512868683,216
1,10.189899366380917,Computer,3,11.0,E wallet,Male,3.0,3,Mobile Phone,4,Single,2,1,14.0,1.0,1.0,0.0,119
0,13.0,Computer,3,34.0,UPI,Male,2.0,5,Fashion,5,Married,4,0,15.0,1.0,1.0,4.543490512868683,209
0,14.0,Computer,1,8.0,UPI,Female,3.0,4,Laptop & Accessory,3,Single,3,1,17.0,0.0,1.0,7.0,168
0,0.0,Phone,3,35.0,Credit Card,Male,2.0,3,Laptop & Accessory,3,Married,6,0,12.0,1.0,1.0,0.0,143
0,8.0,Phone,3,6.0,Credit Card,Female,3.0,3,Laptop & Accessory,3,Single,2,0,16.0,0.0,1.0,3.0,149
0,7.0,Mobile Phone,3,27.0,Debit Card,Male,3.0,2,Laptop & Accessory,2,Single,2,0,12.0,5.0,5.0,7.0,153
1,0.0,Phone,1,15.639895891429633,COD,Male,3.0,5,Mobile,2,Single,2,1,18.0,1.0,1.0,0.0,123
0,10.0,Mobile Phone,1,6.0,COD,Female,2.0,3,Fashion,2,Single,5,0,17.0,1.0,1.0,2.0,175
0,19.0,Computer,1,24.0,Credit Card,Female,2.0,3,Fashion,3,Divorced,6,0,11.0,1.0,1.0,2.0,205
0,14.0,Mobile Phone,3,8.0,Debit Card,Female,3.0,3,Grocery,5,Divorced,8,0,16.0,1.7510234462225531,11.0,8.0,266
0,10.0,Computer,3,15.0,Credit Card,Male,3.0,3,Fashion,4,Married,2,0,13.0,6.0,7.0,7.0,188
0,25.0,Mobile Phone,1,12.0,COD,Male,3.0,3,Laptop & Accessory,5,Married,4,1,12.0,2.0,6.0,9.0,156
1,0.0,Computer,3,17.0,UPI,Male,2.0,2,Laptop & Accessory,3,Divorced,9,0,12.0,1.0,1.0,2.0,147
0,0.0,Computer,3,15.639895891429633,CC,Male,2.0,3,Mobile,2,Divorced,1,0,13.0,0.0,2.0,1.0,124
0,11.0,Mobile Phone,1,16.0,Credit Card,Female,3.0,3,Laptop & Accessory,3,Divorced,4,0,19.0,1.0,1.0,0.0,198
0,10.0,Mobile Phone,1,6.0,Debit Card,Female,3.0,3,Laptop & Accessory,4,Divorced,7,0,12.0,3.0,4.0,3.0,164
0,22.0,Mobile Phone,1,24.0,Debit Card,Male,2.0,4,Others,3,Married,2,1,15.707921714818266,0.0,1.0,9.0,295
0,0.0,Phone,1,29.0,CC,Male,2.9315348837209303,2,Mobile,2,Divorced,2,1,11.0,0.0,1.0,4.0,127
0,0.0,Mobile Phone,3,34.0,E wallet,Male,3.0,3,Laptop & Accessory,4,Divorced,2,0,20.0,1.0,1.0,4.0,163
0,10.189899366380917,Phone,1,23.0,UPI,Male,3.0,4,Mobile,4,Divorced,2,0,21.0,1.0,1.0,0.0,121
0,23.0,Computer,2,9.0,Credit Card,Male,2.0,3,Others,4,Divorced,2,0,11.0,1.7510234462225531,10.0,7.0,282
0,10.189899366380917,Phone,3,19.0,CC,Male,2.0,3,Mobile,3,Divorced,2,0,11.0,1.0,1.0,6.0,121
1,0.0,Computer,1,13.0,Debit Card,Female,2.9315348837209303,3,Mobile,3,Divorced,2,1,16.0,0.0,1.0,2.0,129
1,10.189899366380917,Computer,3,18.0,Debit Card,Male,3.0,4,Mobile,5,Divorced,2,0,18.0,1.0,1.0,0.0,120
0,7.0,Phone,1,6.0,Debit Card,Male,2.0,4,Mobile Phone,2,Divorced,2,1,13.0,0.0,1.0,3.0,136
1,0.0,Phone,3,19.0,Credit Card,Male,2.0,3,Laptop & Accessory,5,Married,3,0,17.0,0.0,1.0,2.0,142
0,8.0,Phone,1,31.0,UPI,Male,2.0,4,Laptop & Accessory,2,Single,5,0,14.0,0.0,1.0,2.0,137
0,4.0,Mobile Phone,3,12.0,Credit Card,Male,3.0,2,Laptop & Accessory,2,Married,5,0,22.0,3.0,5.0,7.0,155
0,10.189899366380917,Phone,1,12.0,CC,Female,3.0,4,Mobile,3,Married,1,0,12.0,1.0,1.0,3.0,122
0,10.0,Mobile Phone,3,8.0,E wallet,Male,3.0,3,Laptop & Accessory,3,Divorced,5,1,11.0,0.0,1.0,0.0,196
0,0.0,Phone,1,6.0,Debit Card,Female,2.9315348837209303,4,Mobile,4,Single,2,0,13.0,1.0,1.0,0.0,128
0,15.0,Phone,1,8.0,Debit Card,Female,2.0,3,Laptop & Accessory,2,Divorced,2,0,13.0,2.0,2.0,2.0,141
0,16.0,Mobile Phone,1,12.0,UPI,Male,2.0,4,Grocery,2,Married,5,1,14.0,1.7510234462225531,1.0,0.0,266
0,11.0,Phone,1,15.639895891429633,Debit Card,Female,2.0,3,Mobile,5,Single,4,0,17.0,1.0,1.0,0.0,126
0,16.0,Computer,1,15.0,Credit Card,Male,3.0,3,Laptop & Accessory,3,Married,4,1,13.0,2.0,4.0,7.0,157
0,21.0,Mobile Phone,1,6.0,Debit Card,Female,2.0,4,Grocery,5,Divorced,8,0,11.0,0.0,3.0080044676098288,2.0,254
0,17.0,Mobile Phone,2,6.0,Debit Card,Female,2.0,4,Laptop & Accessory,3,Single,5,0,11.0,1.0,1.0,2.0,160
0,7.0,Phone,3,15.639895891429633,COD,Female,2.0,3,Mobile,3,Married,2,1,18.0,1.0,1.0,6.0,126
1,0.0,Phone,3,8.0,E wallet,Male,2.9315348837209303,3,Mobile,5,Married,1,0,11.0,0.0,1.0,2.0,130
0,0.0,Phone,3,28.0,COD,Male,2.0,3,Mobile,3,Single,2,0,11.0,1.0,1.0,2.0,134
0,17.0,Mobile Phone,1,9.0,UPI,Male,2.0,3,Others,2,Divorced,5,1,15.707921714818266,1.0,1.0,1.0,295
0,0.0,Phone,1,12.0,CC,Male,2.9315348837209303,3,Mobile,3,Divorced,1,0,20.0,2.0,2.0,2.0,128
0,6.0,Mobile Phone,3,14.0,E wallet,Male,2.0,3,Laptop & Accessory,3,Married,1,0,12.0,1.0,1.0,2.0,171
0,5.0,Mobile Phone,1,15.0,Debit Card,Female,3.0,3,Laptop & Accessory,2,Divorced,2,1,12.0,1.0,1.0,5.0,163
0,10.189899366380917,Computer,1,9.0,CC,Female,3.0,3,Mobile,3,Married,2,0,20.0,1.0,1.0,0.0,121
0,26.0,Mobile Phone,3,6.0,Credit Card,Female,2.0,3,Laptop & Accessory,5,Single,8,0,20.0,6.0,8.0,10.0,184
0,7.0,Phone,1,6.0,Debit Card,Male,2.9315348837209303,3,Mobile,2,Divorced,2,0,12.0,6.0,8.0,8.0,127
1,8.0,Computer,3,32.0,Debit Card,Female,3.0,3,Laptop & Accessory,5,Divorced,3,0,14.0,0.0,1.0,0.0,143
0,0.0,Phone,1,12.0,Debit Card,Female,3.0,3,Mobile,2,Divorced,2,1,13.0,0.0,1.0,2.0,127
0,10.0,Mobile Phone,1,9.0,UPI,Male,2.0,3,Fashion,3,Divorced,2,0,15.0,6.0,7.0,8.0,194
0,2.0,Mobile Phone,3,9.0,Credit Card,Female,3.0,3,Laptop & Accessory,3,Divorced,2,0,14.0,0.0,1.0,2.0,156
0,8.0,Mobile Phone,1,12.0,Debit Card,Male,2.0,5,Laptop & Accessory,2,Single,2,0,13.0,11.0,11.0,8.0,166
0,6.0,Computer,1,12.0,Debit Card,Male,1.0,3,Laptop & Accessory,2,Married,4,0,23.0,4.0,4.0,7.0,177
0,27.0,Mobile Phone,2,25.0,Credit Card,Male,2.0,3,Fashion,4,Divorced,3,0,15.0,3.0,7.0,1.0,207
0,9.0,Mobile Phone,1,15.0,Credit Card,Male,2.0,4,Laptop & Accessory,4,Married,3,1,11.0,1.0,1.0,2.0,188
0,10.189899366380917,Phone,1,9.0,CC,Male,2.0,4,Mobile,2,Single,1,0,13.0,0.0,1.0,1.0,120
1,0.0,Mobile Phone,1,16.0,Credit Card,Male,2.0,3,Mobile Phone,3,Single,2,1,11.0,0.0,1.0,1.0,110
1,0.0,Computer,1,9.0,Debit Card,Male,3.0,3,Mobile,5,Single,2,1,11.0,9.0,9.0,7.0,133
0,10.189899366380917,Computer,1,9.0,Debit Card,Male,2.0,4,Mobile Phone,3,Divorced,2,0,18.0,1.0,1.0,0.0,113
0,0.0,Phone,1,10.0,CC,Male,2.9315348837209303,2,Mobile,5,Divorced,3,0,16.0,0.0,1.0,2.0,128
0,0.0,Phone,3,14.0,Debit Card,Male,2.0,2,Laptop & Accessory,4,Divorced,1,0,22.0,0.0,1.0,2.0,149
0,11.0,Phone,3,13.0,E wallet,Female,2.0,4,Laptop & Accessory,2,Single,1,0,20.0,1.0,1.0,5.0,140
0,2.0,Computer,1,6.0,Debit Card,Male,2.9315348837209303,5,Mobile,2,Married,2,0,18.0,2.0,2.0,8.0,127
0,21.0,Mobile Phone,3,8.0,E wallet,Male,2.0,2,Laptop & Accessory,4,Divorced,4,0,12.0,2.0,2.0,2.0,181
0,0.0,Computer,3,9.0,Credit Card,Female,3.0,2,Laptop & Accessory,2,Married,2,1,20.0,1.0,1.0,4.0,146
0,10.0,Phone,1,16.0,Debit Card,Male,3.0,2,Mobile Phone,2,Single,4,0,17.0,1.0,1.0,0.0,147
0,23.0,Phone,1,34.0,CC,Male,3.0,2,Mobile,3,Divorced,2,1,11.0,3.0,3.0,8.0,132
0,7.0,Mobile Phone,1,15.0,Credit Card,Female,2.0,4,Fashion,4,Single,2,0,14.0,4.0,7.0,7.0,186
1,0.0,Phone,3,9.0,Debit Card,Female,3.0,3,Laptop & Accessory,3,Single,10,0,14.0,1.0,2.0,0.0,146
0,12.0,Phone,1,8.0,COD,Female,3.0,4,Laptop & Accessory,3,Single,2,0,11.0,2.0,11.0,10.0,146
0,5.0,Mobile Phone,3,16.0,E wallet,Male,2.0,3,Laptop & Accessory,2,Single,2,0,12.0,0.0,1.0,8.0,154
1,13.0,Computer,3,14.0,COD,Male,2.0,3,Laptop & Accessory,3,Divorced,4,1,14.0,1.0,1.0,3.0,168
0,11.0,Mobile Phone,1,6.0,Debit Card,Female,2.0,2,Laptop & Accessory,2,Single,1,0,13.0,1.0,1.0,8.0,176
0,0.0,Mobile Phone,1,6.0,Debit Card,Female,3.0,3,Fashion,5,Divorced,2,0,11.0,1.0,1.0,7.0,174
0,5.0,Mobile Phone,1,9.0,Debit Card,Female,2.0,3,Fashion,2,Single,4,0,15.0,3.0,7.0,4.543490512868683,212
0,20.0,Mobile Phone,3,20.0,E wallet,Male,2.0,3,Laptop & Accessory,5,Single,3,0,12.0,0.0,1.0,7.0,150
0,13.0,Computer,3,11.0,Debit Card,Male,2.0,4,Fashion,5,Divorced,6,1,21.0,0.0,1.0,12.0,205
0,26.0,Mobile Phone,1,13.0,Debit Card,Male,2.0,2,Grocery,3,Divorced,4,0,19.0,0.0,3.0080044676098288,3.0,248
0,14.0,Mobile Phone,2,16.0,UPI,Male,3.0,4,Others,2,Married,4,0,15.0,1.7510234462225531,12.0,6.0,291
0,30.0,Mobile Phone,3,22.0,E wallet,Male,2.0,3,Laptop & Accessory,5,Single,9,0,14.0,1.0,2.0,2.0,154
0,0.0,Computer,1,16.0,Debit Card,Male,2.0,3,Fashion,5,Married,2,0,21.0,1.0,1.0,7.0,188
0,14.0,Mobile Phone,2,6.0,UPI,Male,2.0,4,Others,3,Divorced,2,0,12.0,1.7510234462225531,2.0,10.0,292
0,23.0,Phone,3,14.0,E wallet,Male,2.0,3,Mobile Phone,4,Divorced,8,0,15.0,1.0,2.0,2.0,139
1,10.189899366380917,Phone,1,6.0,Debit Card,Female,3.0,5,Mobile,4,Single,8,1,13.0,1.0,3.0,7.0,122
0,9.0,Computer,1,14.0,Debit Card,Female,3.0,2,Fashion,5,Divorced,10,0,14.0,0.0,1.0,4.543490512868683,217
0,11.0,Mobile Phone,1,6.0,Debit Card,Female,2.0,3,Fashion,3,Single,5,1,14.0,0.0,1.0,0.0,179
0,17.0,Computer,1,30.0,Credit Card,Male,2.0,5,Mobile Phone,3,Single,3,0,14.0,0.0,1.0,4.0,137
0,20.0,Computer,3,9.0,Credit Card,Female,2.0,3,Grocery,3,Married,10,1,12.0,7.0,3.0080044676098288,13.0,238
0,3.0,Mobile Phone,3,33.0,E wallet,Male,2.0,3,Laptop & Accessory,2,Married,8,0,23.0,4.0,7.0,7.0,153
0,2.0,Phone,3,15.639895891429633,Debit Card,Male,2.0,3,Mobile,3,Single,2,0,11.0,0.0,1.0,0.0,126
1,5.0,Computer,1,25.0,CC,Male,2.9315348837209303,2,Mobile,3,Married,7,1,12.0,2.0,2.0,2.0,128
0,16.0,Computer,3,21.0,Debit Card,Male,2.0,4,Laptop & Accessory,2,Divorced,4,0,18.0,0.0,2.0,2.0,168
0,7.0,Mobile Phone,1,14.0,Credit Card,Female,3.0,3,Laptop & Accessory,3,Single,4,0,11.0,1.0,4.0,3.0,161
0,0.0,Phone,1,15.639895891429633,CC,Male,2.0,3,Mobile,5,Divorced,2,0,14.0,0.0,1.0,2.0,125
0,12.0,Mobile Phone,2,9.0,UPI,Female,2.0,2,Laptop & Accessory,4,Divorced,10,0,15.0,3.0,3.0,6.0,164
0,29.0,Mobile Phone,1,15.0,Credit Card,Male,2.0,3,Grocery,2,Divorced,8,0,11.0,0.0,1.0,4.543490512868683,211
0,13.0,Phone,1,15.639895891429633,CC,Female,2.0,4,Mobile,2,Single,1,1,20.0,2.0,2.0,3.0,123
0,0.0,Mobile Phone,1,13.0,Credit Card,Female,2.0,4,Laptop & Accessory,5,Single,9,0,19.0,1.0,1.0,7.0,168
0,10.189899366380917,Phone,3,16.0,E wallet,Male,2.0,3,Mobile,4,Married,2,0,14.0,0.0,2.0,2.0,123
0,26.0,Phone,1,15.639895891429633,Debit Card,Male,2.0,3,Laptop & Accessory,2,Single,3,0,17.0,1.0,2.0,2.0,125
0,8.0,Computer,1,8.0,Debit Card,Female,3.0,3,Laptop & Accessory,5,Married,3,0,11.0,0.0,1.0,0.0,151
0,5.0,Computer,1,30.0,Debit Card,Male,3.0,3,Laptop & Accessory,2,Divorced,2,0,15.0,2.0,4.0,7.0,153
0,11.0,Phone,1,8.0,CC,Male,2.9315348837209303,3,Mobile,3,Divorced,7,1,13.0,0.0,1.0,1.0,131
0,7.0,Mobile Phone,1,14.0,Debit Card,Female,2.0,3,Laptop & Accessory,5,Married,4,0,14.0,1.0,1.0,0.0,151
0,25.0,Mobile Phone,3,9.0,E wallet,Male,2.0,4,Grocery,5,Divorced,2,0,11.0,1.7510234462225531,1.0,16.0,269
1,0.0,Phone,1,6.0,UPI,Male,2.9315348837209303,3,Mobile,2,Single,2,1,13.0,5.0,7.0,8.0,127
0,0.0,Mobile Phone,3,32.0,Credit Card,Female,2.0,3,Laptop & Accessory,2,Single,2,0,23.0,0.0,1.0,4.0,162
0,18.0,Mobile Phone,3,8.0,COD,Male,2.0,5,Laptop & Accessory,3,Single,1,0,13.0,0.0,3.0,1.0,166
0,0.0,Phone,1,16.0,Credit Card,Male,3.0,2,Mobile,3,Single,2,0,18.0,1.0,1.0,2.0,135
1,10.0,Computer,3,33.0,Debit Card,Female,3.0,1,Laptop & Accessory,3,Single,5,1,12.0,1.0,1.0,3.0,164
0,7.0,Mobile Phone,3,8.0,UPI,Male,2.0,3,Laptop & Accessory,2,Single,2,0,22.0,0.0,1.0,4.0,163
1,18.0,Mobile Phone,1,8.0,Credit Card,Male,3.0,3,Others,5,Divorced,6,1,15.707921714818266,1.0,1.0,4.0,299
0,9.0,Computer,3,14.0,Debit Card,Male,3.0,4,Fashion,5,Single,2,0,15.0,0.0,1.0,9.0,176
0,25.0,Computer,1,25.0,Credit Card,Male,2.0,3,Mobile Phone,2,Divorced,1,0,18.0,1.0,1.0,2.0,143
0,0.0,Computer,1,6.0,Debit Card,Female,3.0,5,Mobile Phone,2,Married,4,0,14.0,2.0,2.0,0.0,144
0,2.0,Phone,1,33.0,Credit Card,Female,3.0,3,Laptop & Accessory,3,Divorced,5,0,12.0,1.0,1.0,1.0,143
1,0.0,Mobile Phone,3,14.0,COD,Male,2.0,4,Laptop & Accessory,5,Single,7,0,17.0,1.0,1.0,2.0,153
0,7.0,Phone,1,6.0,Debit Card,Female,3.0,1,Mobile,2,Single,3,0,16.0,0.0,1.0,3.0,133
0,27.0,Mobile Phone,1,25.0,Credit Card,Female,3.0,3,Laptop & Accessory,5,Married,10,1,11.0,0.0,1.0,4.0,155
0,2.0,Computer,3,5.0,E wallet,Male,2.0,3,Laptop & Accessory,2,Divorced,1,0,19.0,0.0,1.0,1.0,143
0,10.0,Phone,1,16.0,Debit Card,Female,2.9315348837209303,3,Mobile,5,Married,1,1,13.0,3.0,4.0,3.0,128
0,11.0,Computer,1,8.0,Debit Card,Female,3.0,1,Laptop & Accessory,5,Single,7,1,12.0,4.0,4.0,12.0,160
0,7.0,Phone,1,8.0,Credit Card,Female,2.0,4,Mobile Phone,5,Single,2,0,11.0,1.0,1.0,3.0,144
0,8.0,Phone,3,15.639895891429633,Debit Card,Female,3.0,3,Mobile,2,Divorced,2,0,16.0,0.0,1.0,2.0,126
0,3.0,Phone,1,6.0,Debit Card,Male,2.0,5,Mobile Phone,3,Divorced,4,0,21.0,1.0,1.0,2.0,138
0,13.0,Computer,1,8.0,Credit Card,Female,2.0,1,Laptop & Accessory,4,Divorced,2,0,24.0,0.0,3.0,7.0,142
0,7.0,Mobile Phone,3,14.0,Debit Card,Female,3.0,3,Laptop & Accessory,5,Divorced,6,0,17.0,1.0,1.0,2.0,165
0,15.0,Computer,1,14.0,Debit Card,Male,3.0,3,Others,2,Married,2,0,13.0,1.7510234462225531,14.0,9.0,284
1,10.189899366380917,Mobile Phone,1,12.0,Debit Card,Male,3.0,1,Mobile Phone,5,Divorced,2,1,21.0,1.0,1.0,0.0,116
0,0.0,Computer,1,15.0,Debit Card,Male,2.9315348837209303,4,Mobile,4,Married,2,0,11.0,1.0,1.0,0.0,127
0,25.0,Phone,1,17.0,Debit Card,Female,2.9315348837209303,3,Laptop & Accessory,3,Divorced,9,0,20.0,1.0,1.0,4.0,131
0,23.0,Mobile Phone,1,8.0,Credit Card,Male,3.0,3,Grocery,3,Divorced,6,0,16.0,1.7510234462225531,1.0,3.0,276
1,0.0,Phone,1,15.639895891429633,Debit Card,Female,2.0,4,Mobile,5,Divorced,2,1,11.0,0.0,1.0,0.0,123
0,6.0,Mobile Phone,1,13.0,Credit Card,Male,2.0,3,Fashion,3,Divorced,1,0,11.0,0.0,3.0,4.543490512868683,217
1,0.0,Mobile Phone,3,22.0,E wallet,Female,3.0,3,Laptop & Accessory,5,Single,6,0,15.0,1.0,1.0,2.0,153
0,20.0,Mobile Phone,1,8.0,UPI,Female,2.0,3,Grocery,2,Divorced,2,1,11.0,1.7510234462225531,3.0,0.0,268
0,9.0,Mobile Phone,1,6.0,UPI,Female,2.0,3,Laptop & Accessory,4,Divorced,1,0,15.0,0.0,1.0,5.0,152
0,2.0,Phone,1,29.0,Debit Card,Male,2.9315348837209303,1,Mobile,3,Divorced,2,0,24.0,1.0,1.0,7.0,127
1,20.0,Mobile Phone,1,8.0,Debit Card,Male,2.0,3,Others,4,Single,8,1,15.707921714818266,5.0,13.0,8.0,292
0,8.0,Phone,1,15.639895891429633,Debit Card,Female,2.0,1,Mobile,3,Single,4,0,13.0,0.0,2.0,2.0,125
0,15.0,Mobile Phone,1,6.0,Debit Card,Female,2.0,4,Laptop & Accessory,2,Divorced,10,1,13.0,0.0,1.0,2.0,161
1,0.0,Phone,1,8.0,Credit Card,Male,2.0,3,Mobile Phone,3,Single,7,0,17.0,0.0,2.0,1.0,144
0,10.189899366380917,Phone,2,19.0,UPI,Male,2.0,3,Mobile,4,Divorced,4,0,13.0,1.0,1.0,4.0,121
0,5.0,Mobile Phone,1,10.0,Debit Card,Female,3.0,4,Laptop & Accessory,3,Divorced,2,0,12.0,1.0,6.0,8.0,162
0,13.0,Computer,1,22.0,Credit Card,Male,2.0,4,Laptop & Accessory,3,Single,7,0,14.0,1.0,1.0,0.0,151
0,3.0,Mobile Phone,1,8.0,Credit Card,Female,2.0,4,Laptop & Accessory,2,Single,6,1,24.0,1.0,1.0,0.0,169
0,10.189899366380917,Phone,1,8.0,Debit Card,Female,3.0,4,Mobile,3,Single,2,0,14.0,1.0,1.0,0.0,123
0,15.0,Phone,1,35.0,Debit Card,Male,3.0,3,Laptop & Accessory,4,Divorced,2,0,13.0,2.0,7.0,8.0,144
0,11.0,Computer,1,18.0,Debit Card,Male,2.0,4,Laptop & Accessory,5,Married,3,0,15.0,1.0,1.0,2.0,163
0,7.0,Computer,1,15.639895891429633,Debit Card,Female,3.0,4,Mobile,2,Single,2,0,16.0,1.0,1.0,3.0,126
1,12.0,Mobile Phone,3,17.0,E wallet,Female,2.0,3,Fashion,2,Divorced,2,0,18.0,0.0,7.0,7.0,177
1,18.0,Mobile Phone,3,8.0,Credit Card,Male,2.0,3,Laptop & Accessory,2,Single,5,0,16.0,0.0,7.0,3.0,152
0,16.0,Mobile Phone,1,20.0,Debit Card,Male,3.0,3,Grocery,5,Divorced,7,0,24.0,1.7510234462225531,1.0,0.0,272
0,0.0,Mobile Phone,1,11.0,Cash on Delivery,Male,2.0,4,Fashion,2,Married,2,1,16.0,0.0,1.0,4.543490512868683,228
0,8.0,Mobile Phone,1,13.0,UPI,Male,2.0,3,Fashion,3,Single,4,0,21.0,0.0,1.0,6.0,202
0,1.0,Phone,3,8.0,E wallet,Female,2.0,3,Laptop & Accessory,4,Divorced,2,1,20.0,7.0,7.0,5.0,148
0,7.0,Phone,2,9.0,UPI,Male,2.0,3,Mobile Phone,2,Divorced,1,0,19.0,1.0,1.0,2.0,137
1,0.0,Computer,1,15.639895891429633,CC,Female,2.0,4,Mobile,3,Divorced,2,1,14.0,0.0,1.0,7.0,124
0,10.189899366380917,Computer,1,9.0,Credit Card,Male,2.0,3,Mobile Phone,2,Divorced,2,0,11.0,1.0,1.0,0.0,117
0,24.0,Mobile Phone,3,32.0,E wallet,Female,3.0,3,Grocery,3,Divorced,3,0,14.0,1.7510234462225531,4.0,17.0,263
0,17.0,Mobile Phone,1,10.0,Credit Card,Male,2.0,3,Laptop & Accessory,4,Single,10,0,12.0,1.0,2.0,3.0,159
0,0.0,Phone,1,8.0,CC,Male,3.0,1,Mobile,5,Single,8,0,13.0,1.0,1.0,1.0,134
0,6.0,Phone,3,6.0,Credit Card,Male,2.0,1,Laptop & Accessory,5,Married,2,0,22.0,0.0,1.0,8.0,140
0,8.0,Phone,1,15.639895891429633,CC,Female,2.0,4,Mobile,5,Single,2,0,11.0,1.0,1.0,1.0,126
0,9.0,Mobile Phone,3,6.0,Debit Card,Male,2.0,3,Laptop & Accessory,2,Divorced,2,1,14.0,2.0,4.0,11.0,162
0,5.0,Phone,3,19.0,Debit Card,Male,3.0,3,Laptop & Accessory,2,Married,3,0,11.0,0.0,1.0,3.0,144
0,3.0,Computer,1,11.0,Debit Card,Male,3.0,4,Mobile Phone,2,Married,10,0,12.0,0.0,1.0,3.0,138
0,26.0,Mobile Phone,3,13.0,E wallet,Female,3.0,4,Fashion,2,Divorced,8,1,18.0,0.0,1.0,4.543490512868683,209
0,18.0,Mobile Phone,3,15.0,E wallet,Male,3.0,3,Fashion,5,Married,5,1,12.0,1.0,1.0,2.0,208
0,5.0,Mobile Phone,1,14.0,Credit Card,Female,3.0,1,Laptop & Accessory,3,Divorced,6,0,12.0,1.0,1.0,3.0,152
0,25.0,Computer,1,31.0,Credit Card,Female,2.0,4,Grocery,2,Divorced,4,0,22.0,0.0,3.0080044676098288,0.0,238
0,10.0,Mobile Phone,3,22.0,E wallet,Male,3.0,4,Laptop & Accessory,3,Married,5,0,19.0,1.0,1.0,0.0,163
0,1.0,Phone,2,14.0,Credit Card,Male,3.0,4,Mobile Phone,2,Married,2,0,13.0,0.0,1.0,4.0,149
0,0.0,Phone,1,6.0,Debit Card,Male,2.0,4,Laptop & Accessory,2,Divorced,7,0,22.0,2.0,2.0,2.0,148
0,17.0,Phone,1,14.0,Debit Card,Male,2.9315348837209303,1,Mobile,2,Divorced,3,1,24.0,1.0,1.0,2.0,128
0,15.0,Computer,1,15.639895891429633,CC,Male,2.0,3,Mobile,2,Single,6,1,14.0,0.0,2.0,2.0,125
0,9.0,Phone,2,15.639895891429633,Debit Card,Male,3.0,4,Mobile,5,Divorced,1,0,21.0,1.0,1.0,3.0,123
0,0.0,Phone,3,9.0,UPI,Male,3.0,3,Laptop & Accessory,5,Divorced,2,1,18.0,1.0,1.0,3.0,142
0,8.0,Mobile Phone,1,15.0,Debit Card,Female,3.0,4,Fashion,3,Divorced,2,1,20.0,2.0,5.0,15.0,207
1,10.189899366380917,Computer,1,31.0,Debit Card,Female,3.0,3,Mobile,4,Married,2,1,19.0,0.0,7.0,8.0,120
0,5.0,Computer,1,6.0,Debit Card,Male,3.0,3,Mobile,2,Married,1,0,12.0,0.0,1.0,2.0,123
0,0.0,Phone,3,10.0,E wallet,Male,2.0,4,Laptop & Accessory,5,Divorced,2,0,12.0,1.0,1.0,3.0,143
0,22.0,Phone,1,6.0,COD,Female,2.0,3,Mobile Phone,5,Divorced,3,0,16.0,1.0,1.0,2.0,136
0,0.0,Computer,1,10.0,Debit Card,Male,2.9315348837209303,4,Mobile,2,Divorced,1,0,17.0,0.0,3.0,4.0,132
0,5.0,Computer,3,11.0,Debit Card,Male,2.0,3,Laptop & Accessory,4,Divorced,2,0,14.0,2.0,5.0,3.0,165
0,11.0,Phone,3,15.0,E wallet,Male,2.9315348837209303,4,Mobile,4,Divorced,1,0,19.0,0.0,1.0,2.0,129
0,15.0,Mobile Phone,1,9.0,Debit Card,Female,3.0,1,Laptop & Accessory,2,Divorced,3,1,13.0,0.0,1.0,3.0,152
0,4.0,Phone,1,15.639895891429633,Debit Card,Male,2.0,3,Mobile,2,Divorced,4,1,19.0,1.0,1.0,2.0,124
1,0.0,Phone,3,6.0,CC,Female,2.9315348837209303,4,Mobile,3,Married,7,1,19.0,0.0,1.0,2.0,128
0,26.0,Mobile Phone,3,14.0,E wallet,Male,3.0,3,Grocery,2,Divorced,6,0,14.0,0.0,2.0,4.543490512868683,218
0,8.0,Mobile Phone,1,31.0,Cash on Delivery,Male,3.0,4,Fashion,4,Divorced,4,0,16.0,3.0,4.0,8.0,209
0,10.0,Computer,3,27.0,CC,Female,2.9315348837209303,3,Mobile,2,Divorced,6,0,15.0,1.0,1.0,0.0,130
0,26.0,Mobile Phone,1,29.0,Debit Card,Female,3.0,3,Grocery,2,Single,7,0,18.0,2.0,3.0080044676098288,8.0,243
0,16.0,Computer,1,6.0,Debit Card,Female,2.0,3,Laptop & Accessory,2,Divorced,5,0,13.0,1.0,2.0,2.0,156
0,20.0,Phone,3,8.0,E wallet,Female,2.0,3,Laptop & Accessory,2,Divorced,1,1,22.0,5.0,7.0,7.0,145
0,10.0,Computer,3,25.0,Credit Card,Male,2.0,3,Fashion,4,Single,2,1,13.0,0.0,1.0,9.0,176
0,23.0,Computer,1,8.0,Debit Card,Male,3.0,3,Grocery,5,Married,2,0,11.0,1.7510234462225531,14.0,7.0,279
0,12.0,Mobile Phone,2,8.0,Debit Card,Female,2.0,4,Laptop & Accessory,2,Divorced,9,0,11.0,0.0,1.0,4.0,152
0,10.189899366380917,Phone,2,9.0,UPI,Male,2.0,3,Mobile,4,Married,4,1,11.0,0.0,1.0,3.0,123
1,0.0,Phone,1,31.0,Debit Card,Male,2.9315348837209303,3,Mobile,2,Single,2,1,24.0,1.0,1.0,1.0,128
0,2.0,Phone,1,15.639895891429633,CC,Female,3.0,4,Mobile,2,Married,7,0,14.0,1.0,1.0,3.0,125
0,17.0,Phone,1,15.639895891429633,Debit Card,Male,3.0,3,Mobile,5,Divorced,2,1,13.0,2.0,7.0,1.0,126
0,1.0,Phone,3,11.0,Credit Card,Male,3.0,3,Laptop & Accessory,2,Single,2,0,14.0,1.0,1.0,2.0,149
1,20.0,Computer,1,15.639895891429633,Debit Card,Male,2.0,4,Mobile,2,Married,10,1,14.0,0.0,1.0,0.0,124
0,16.0,Phone,1,14.0,Debit Card,Female,2.0,3,Laptop & Accessory,4,Married,5,0,21.0,1.0,1.0,0.0,148
1,10.189899366380917,Phone,3,8.0,CC,Female,2.0,4,Mobile,3,Single,2,0,13.0,0.0,1.0,2.0,120
1,0.0,Phone,1,24.0,UPI,Female,2.9315348837209303,3,Mobile,2,Single,2,0,19.0,1.0,1.0,0.0,127
0,9.0,Mobile Phone,1,20.0,Debit Card,Male,3.0,3,Laptop & Accessory,2,Divorced,1,1,17.0,4.0,4.0,11.0,166
0,20.0,Phone,3,8.0,Debit Card,Female,3.0,4,Mobile,2,Single,2,1,18.0,1.0,1.0,2.0,133
1,0.0,Phone,1,9.0,Debit Card,Female,2.0,3,Laptop & Accessory,3,Divorced,1,1,19.0,1.0,1.0,2.0,142
1,4.0,Phone,1,8.0,Debit Card,Female,2.9315348837209303,5,Mobile,2,Married,5,1,13.0,0.0,1.0,0.0,128
0,1.0,Phone,1,15.639895891429633,CC,Female,3.0,3,Mobile,3,Married,6,0,18.0,2.0,2.0,2.0,124
1,2.0,Phone,1,15.639895891429633,CC,Male,3.0,3,Mobile,5,Divorced,8,1,21.0,1.0,2.0,2.0,124
0,0.0,Phone,1,15.639895891429633,Debit Card,Female,3.0,3,Mobile,3,Single,2,0,19.0,1.0,1.0,0.0,123
0,10.189899366380917,Mobile Phone,1,16.0,Debit Card,Male,2.0,3,Mobile,4,Married,2,0,14.0,1.0,1.0,0.0,120
0,15.0,Mobile Phone,3,20.0,Credit Card,Female,3.0,4,Laptop & Accessory,3,Single,8,0,17.0,0.0,1.0,3.0,162
0,6.0,Phone,1,6.0,UPI,Male,2.9315348837209303,4,Mobile,5,Single,4,1,11.0,0.0,1.0,2.0,128
0,30.0,Mobile Phone,1,11.0,Cash on Delivery,Female,2.0,4,Fashion,4,Married,3,1,13.0,1.0,1.0,4.0,206
0,4.0,Phone,3,15.639895891429633,Debit Card,Male,2.0,4,Mobile,3,Divorced,4,0,15.0,3.0,5.0,2.0,123
0,8.0,Phone,1,27.0,Debit Card,Female,2.0,3,Laptop & Accessory,2,Divorced,2,1,25.0,0.0,1.0,7.0,140
0,22.0,Mobile Phone,1,14.0,UPI,Female,2.0,3,Fashion,4,Divorced,5,0,11.0,0.0,1.0,7.0,174
0,10.189899366380917,Phone,1,26.0,CC,Male,2.0,3,Mobile,3,Divorced,5,0,17.0,0.0,1.0,0.0,123
0,4.0,Computer,3,26.0,E wallet,Female,2.0,3,Laptop & Accessory,3,Divorced,2,0,13.0,1.0,1.0,0.0,169
0,9.0,Phone,1,13.0,UPI,Male,3.0,3,Mobile Phone,2,Single,3,0,18.0,0.0,1.0,1.0,147
0,11.0,Mobile Phone,1,6.0,Cash on Delivery,Female,3.0,3,Fashion,5,Divorced,2,0,13.0,3.0,3.0080044676098288,11.0,236
0,5.0,Computer,1,15.639895891429633,Debit Card,Female,3.0,4,Mobile,4,Divorced,7,0,20.0,1.0,1.0,2.0,123
1,0.0,Phone,3,15.639895891429633,E wallet,Male,2.0,4,Mobile,4,Divorced,2,1,18.0,0.0,1.0,0.0,124
0,13.0,Mobile Phone,3,16.0,E wallet,Male,3.0,4,Fashion,4,Married,3,0,12.0,1.0,1.0,0.0,197
0,0.0,Computer,3,6.0,Credit Card,Male,2.0,4,Laptop & Accessory,5,Single,2,0,12.0,1.0,1.0,7.0,143
0,14.0,Phone,1,12.0,Credit Card,Male,2.0,3,Mobile Phone,5,Single,3,1,13.0,1.0,2.0,17.0,147
0,9.0,Phone,1,15.639895891429633,CC,Male,3.0,3,Mobile,3,Single,5,0,21.0,2.0,3.0,9.0,125
1,10.189899366380917,Phone,3,27.0,UPI,Male,2.0,4,Mobile,4,Single,2,1,13.0,0.0,1.0,0.0,121
1,0.0,Phone,1,10.0,COD,Male,2.9315348837209303,3,Mobile,5,Single,2,0,19.0,1.0,1.0,0.0,130
0,4.0,Mobile Phone,1,18.0,Credit Card,Female,2.0,3,Laptop & Accessory,2,Divorced,1,1,11.0,0.0,8.0,5.0,159
0,13.0,Computer,1,15.0,Credit Card,Male,2.0,3,Mobile Phone,4,Married,9,1,14.0,0.0,1.0,0.0,136
0,5.0,Mobile Phone,1,9.0,Credit Card,Female,3.0,3,Laptop & Accessory,5,Divorced,2,0,12.0,6.0,6.0,3.0,167
1,0.0,Mobile Phone,3,9.0,Debit Card,Male,2.0,4,Fashion,2,Divorced,2,1,11.0,3.0,3.0,7.0,203
0,6.0,Mobile Phone,1,6.0,Debit Card,Female,2.0,4,Laptop & Accessory,2,Single,1,0,14.0,0.0,1.0,4.0,169
1,0.0,Mobile Phone,3,6.0,Debit Card,Male,2.0,4,Fashion,3,Divorced,6,0,11.0,1.0,11.0,7.0,206
0,18.0,Computer,1,10.0,Debit Card,Male,2.0,3,Laptop & Accessory,4,Divorced,2,0,12.0,1.0,1.0,8.0,144
0,10.189899366380917,Computer,3,26.0,Cash on Delivery,Female,2.0,3,Mobile,2,Divorced,2,0,15.0,0.0,1.0,2.0,122
0,8.0,Phone,3,24.0,Credit Card,Female,2.0,3,Laptop & Accessory,3,Divorced,2,0,16.0,1.0,1.0,0.0,146
0,25.0,Mobile Phone,1,6.0,Debit Card,Male,3.0,3,Grocery,2,Divorced,3,0,15.0,1.7510234462225531,7.0,8.0,271
1,20.0,Phone,1,15.639895891429633,COD,Male,2.0,3,Mobile,3,Single,5,0,24.0,1.0,1.0,0.0,125
0,26.0,Mobile Phone,3,8.0,Credit Card,Male,2.0,3,Grocery,3,Married,7,0,13.0,2.0,3.0080044676098288,2.0,249
0,3.0,Mobile Phone,3,14.0,UPI,Male,3.0,3,Fashion,3,Married,6,0,11.0,4.0,7.0,7.0,173
0,11.0,Computer,3,16.0,COD,Female,2.0,3,Laptop & Accessory,2,Single,2,1,13.0,0.0,1.0,3.0,157
0,8.0,Mobile Phone,3,9.0,Debit Card,Male,3.0,3,Fashion,2,Married,7,0,13.0,0.0,1.0,8.0,178
0,12.0,Mobile Phone,3,8.0,Debit Card,Male,2.0,1,Fashion,3,Single,1,0,18.0,1.0,1.0,7.0,179
1,3.0,Computer,3,30.0,Debit Card,Female,3.0,1,Grocery,4,Single,5,1,16.0,1.0,3.0080044676098288,0.0,232
0,20.0,Computer,1,22.0,Credit Card,Male,3.0,1,Laptop & Accessory,3,Married,2,1,19.0,0.0,2.0,7.0,151
0,9.0,Computer,3,14.0,COD,Male,2.0,3,Laptop & Accessory,2,Married,5,0,13.0,1.0,1.0,7.0,151
1,0.0,Computer,1,15.639895891429633,CC,Male,2.0,4,Mobile,5,Single,1,1,22.0,1.0,1.0,2.0,123
0,6.0,Computer,3,23.0,Debit Card,Male,2.0,3,Grocery,3,Single,2,0,11.0,1.7510234462225531,6.0,0.0,274
1,0.0,Phone,1,15.639895891429633,Debit Card,Female,3.0,4,Mobile,5,Single,7,1,20.0,1.0,1.0,0.0,124
0,6.0,Phone,1,19.0,Debit Card,Female,2.0,3,Mobile,2,Single,4,0,18.0,1.0,1.0,2.0,135
0,10.189899366380917,Phone,1,6.0,CC,Female,3.0,3,Mobile,2,Married,4,0,14.0,0.0,1.0,2.0,123
0,23.0,Mobile Phone,1,6.0,Credit Card,Male,3.0,3,Grocery,2,Married,10,0,22.0,1.7510234462225531,1.0,3.0,274
0,6.0,Computer,1,6.0,UPI,Female,2.0,1,Laptop & Accessory,4,Divorced,2,1,13.0,0.0,1.0,2.0,155
0,14.0,Computer,1,15.0,Credit Card,Male,3.0,3,Others,3,Married,3,0,15.707921714818266,1.0,1.0,11.0,294
0,0.0,Phone,1,22.0,COD,Female,2.9315348837209303,3,Mobile,4,Divorced,10,0,14.0,2.0,2.0,2.0,128
0,18.0,Computer,1,29.0,Debit Card,Male,2.0,3,Laptop & Accessory,5,Divorced,2,1,15.0,1.0,1.0,8.0,136
0,20.0,Phone,3,10.0,Debit Card,Female,2.0,3,Laptop & Accessory,2,Single,2,1,17.0,1.0,1.0,7.0,142
1,10.189899366380917,Phone,1,28.0,Debit Card,Female,2.0,3,Mobile,3,Divorced,5,1,11.0,0.0,1.0,1.0,121
0,23.0,Mobile Phone,1,30.0,Debit Card,Male,3.0,3,Grocery,3,Divorced,4,1,18.0,0.0,3.0080044676098288,5.0,240
0,11.0,Computer,1,16.0,CC,Male,2.9315348837209303,3,Mobile,3,Divorced,1,0,17.0,0.0,1.0,2.0,127
0,19.0,Mobile Phone,1,13.0,Credit Card,Male,3.0,3,Fashion,3,Married,7,0,13.0,0.0,1.0,7.0,208
0,0.0,Phone,1,23.0,Credit Card,Female,2.0,4,Laptop & Accessory,3,Married,2,0,15.0,2.0,3.0,2.0,144
1,0.0,Phone,1,20.0,UPI,Male,2.0,4,Mobile Phone,4,Married,2,1,24.0,1.0,1.0,2.0,137
0,4.0,Computer,1,6.0,Debit Card,Female,3.0,3,Laptop & Accessory,5,Divorced,2,0,12.0,1.0,1.0,3.0,141
0,0.0,Computer,1,11.0,Debit Card,Male,3.0,3,Mobile Phone,2,Single,2,0,15.0,1.0,1.0,0.0,111
0,27.0,Mobile Phone,1,23.0,Cash on Delivery,Female,2.0,3,Fashion,3,Divorced,9,0,11.0,1.0,1.0,8.0,207
0,8.0,Mobile Phone,1,31.0,Credit Card,Female,2.0,3,Fashion,3,Married,2,1,11.0,2.0,10.0,1.0,204
0,3.0,Mobile Phone,1,14.0,Debit Card,Female,3.0,1,Fashion,5,Divorced,1,1,12.0,0.0,1.0,4.543490512868683,214
1,0.0,Phone,1,15.639895891429633,CC,Female,3.0,4,Mobile,5,Single,2,1,15.0,0.0,1.0,0.0,126
1,0.0,Computer,1,15.639895891429633,CC,Female,2.0,3,Mobile,4,Single,1,0,17.0,0.0,1.0,2.0,124
0,0.0,Mobile Phone,1,8.0,Credit Card,Male,2.0,1,Laptop & Accessory,2,Divorced,2,0,12.0,1.0,1.0,3.0,155
0,0.0,Phone,1,15.639895891429633,Debit Card,Male,3.0,5,Mobile,5,Divorced,2,0,15.0,1.0,1.0,1.0,125
0,21.0,Phone,1,12.0,Debit Card,Male,3.0,4,Laptop & Accessory,3,Single,3,0,13.0,0.0,2.0,2.0,142
0,21.0,Mobile Phone,1,10.0,Debit Card,Male,3.0,4,Fashion,3,Single,8,0,14.0,1.0,4.0,4.543490512868683,210
0,14.0,Mobile Phone,1,13.0,Credit Card,Female,2.0,3,Laptop & Accessory,3,Single,7,0,14.0,1.0,2.0,1.0,150
0,12.0,Mobile Phone,1,6.0,Debit Card,Female,3.0,4,Grocery,2,Divorced,2,0,16.0,0.0,11.0,4.543490512868683,227
0,0.0,Phone,1,8.0,Debit Card,Female,2.0,3,Laptop & Accessory,2,Divorced,1,0,18.0,0.0,2.0,2.0,142
0,8.0,Phone,1,16.0,UPI,Male,2.0,3,Mobile Phone,2,Married,2,0,20.0,1.0,1.0,2.0,139
0,15.0,Mobile Phone,3,11.0,E wallet,Male,2.0,3,Others,3,Divorced,7,0,13.0,1.7510234462225531,1.0,0.0,283
0,23.0,Phone,1,15.639895891429633,Debit Card,Male,3.0,3,Mobile,2,Divorced,5,0,18.0,1.0,1.0,0.0,124
0,30.0,Mobile Phone,1,8.0,Debit Card,Female,3.0,4,Grocery,2,Single,4,1,13.0,0.0,3.0080044676098288,3.0,237
1,0.0,Phone,1,17.0,Credit Card,Female,3.0,5,Laptop & Accessory,4,Divorced,6,0,15.0,1.0,1.0,0.0,148
0,28.0,Computer,1,24.0,Credit Card,Male,3.0,3,Laptop & Accessory,4,Divorced,4,1,14.0,6.0,6.0,7.0,164
0,14.0,Computer,1,13.0,Debit Card,Female,2.0,5,Others,3,Married,2,0,15.707921714818266,1.0,5.0,10.0,300
0,11.0,Mobile Phone,3,9.0,Debit Card,Male,2.0,3,Laptop & Accessory,2,Single,9,1,12.0,1.0,1.0,0.0,169
1,0.0,Computer,3,35.0,Credit Card,Male,3.0,5,Laptop & Accessory,5,Single,9,0,18.0,0.0,2.0,2.0,150
1,15.0,Mobile Phone,3,8.0,E wallet,Female,2.0,5,Others,2,Divorced,2,0,15.707921714818266,5.0,6.0,9.0,298
0,17.0,Mobile Phone,3,34.0,Credit Card,Female,2.0,1,Grocery,2,Divorced,4,1,18.0,1.0,3.0080044676098288,11.0,233
0,23.0,Computer,3,6.0,Debit Card,Female,3.0,3,Laptop & Accessory,3,Divorced,1,0,12.0,1.0,1.0,13.0,163
1,0.0,Phone,1,22.0,Debit Card,Female,2.9315348837209303,1,Mobile,5,Single,2,0,16.0,15.0,15.0,14.0,127
0,12.0,Computer,1,28.0,Credit Card,Female,2.0,3,Fashion,5,Single,2,1,13.0,1.0,2.0,8.0,209
0,6.0,Computer,3,15.639895891429633,Debit Card,Female,2.0,4,Mobile,2,Single,1,0,19.0,2.0,2.0,2.0,123
0,18.0,Mobile Phone,3,17.0,Debit Card,Female,2.0,3,Grocery,2,Divorced,4,0,13.0,1.7510234462225531,1.0,1.0,277
0,5.0,Computer,1,35.0,Credit Card,Female,3.0,3,Mobile Phone,3,Single,10,0,12.0,5.0,7.0,7.0,140
0,7.0,Mobile Phone,3,6.0,E wallet,Male,3.0,1,Laptop & Accessory,2,Married,1,0,11.0,1.0,1.0,9.0,197
0,30.0,Mobile Phone,3,6.0,Cash on Delivery,Male,3.0,3,Fashion,2,Divorced,4,1,14.0,0.0,1.0,4.543490512868683,219
0,10.189899366380917,Phone,2,30.0,CC,Male,2.0,3,Mobile,4,Single,2,0,16.0,0.0,1.0,4.0,122
0,26.0,Computer,3,8.0,E wallet,Female,2.0,4,Fashion,4,Divorced,3,0,12.0,0.0,6.0,12.0,175
1,0.0,Phone,1,21.0,UPI,Male,2.0,3,Laptop & Accessory,3,Married,8,0,14.0,0.0,1.0,0.0,148
1,10.189899366380917,Computer,1,8.0,Debit Card,Male,2.0,3,Mobile,5,Divorced,7,1,14.0,1.0,1.0,2.0,120
0,10.189899366380917,Phone,3,16.0,Debit Card,Female,2.0,3,Mobile,3,Divorced,2,1,19.0,0.0,1.0,0.0,122
0,1.0,Mobile Phone,3,16.0,Credit Card,Male,3.0,3,Mobile Phone,4,Divorced,2,0,22.0,1.0,1.0,0.0,111
0,11.0,Computer,1,9.0,UPI,Male,2.9315348837209303,3,Mobile,3,Divorced,4,0,16.0,2.0,2.0,2.0,128
0,23.0,Mobile Phone,1,8.0,Credit Card,Male,3.0,3,Others,3,Divorced,3,1,15.707921714818266,7.0,7.0,7.0,292
0,10.0,Phone,1,9.0,UPI,Female,2.0,3,Laptop & Accessory,4,Single,4,0,15.0,1.0,1.0,1.0,141
0,13.0,Mobile Phone,3,32.0,E wallet,Male,3.0,3,Laptop & Accessory,5,Divorced,2,0,14.0,5.0,7.0,5.0,184
0,10.189899366380917,Computer,1,6.0,CC,Female,3.0,4,Mobile,3,Married,2,0,13.0,1.0,1.0,3.0,120
0,19.0,Mobile Phone,1,6.0,Credit Card,Male,2.0,3,Others,2,Married,10,0,15.707921714818266,1.0,2.0,2.0,296
0,27.0,Mobile Phone,3,8.0,Debit Card,Female,2.0,4,Fashion,3,Divorced,7,0,11.0,6.0,7.0,0.0,207
0,29.0,Computer,1,15.0,CC,Female,2.9315348837209303,3,Mobile,3,Divorced,3,0,19.0,0.0,1.0,3.0,129
0,9.0,Mobile Phone,1,18.0,Credit Card,Female,2.0,4,Fashion,2,Single,1,0,11.0,5.0,7.0,8.0,189
0,28.0,Computer,1,8.0,Credit Card,Male,2.0,4,Grocery,5,Single,8,0,15.0,1.7510234462225531,6.0,2.0,268
0,16.0,Mobile Phone,3,31.0,Credit Card,Male,3.0,4,Fashion,2,Married,6,0,13.0,1.0,3.0080044676098288,0.0,234
1,0.0,Computer,3,15.639895891429633,E wallet,Female,2.0,3,Mobile,2,Single,2,1,14.0,0.0,1.0,2.0,123
1,10.189899366380917,Mobile Phone,1,16.0,Debit Card,Female,2.0,4,Mobile Phone,5,Single,2,0,13.0,1.0,1.0,0.0,114
0,19.0,Phone,1,14.0,Debit Card,Female,3.0,4,Laptop & Accessory,5,Married,9,1,23.0,1.0,1.0,7.0,146
1,14.0,Phone,1,15.639895891429633,Debit Card,Male,2.0,3,Mobile,3,Divorced,10,1,12.0,1.0,2.0,7.0,125
1,0.0,Computer,1,30.0,COD,Male,3.0,4,Fashion,5,Single,2,0,12.0,0.0,1.0,9.0,187
0,0.0,Phone,1,6.0,Credit Card,Male,2.0,4,Mobile Phone,5,Divorced,2,0,16.0,0.0,1.0,3.0,140
0,3.0,Mobile Phone,1,26.0,UPI,Male,2.0,3,Laptop & Accessory,5,Divorced,1,0,15.0,1.0,1.0,2.0,200
0,14.0,Phone,1,13.0,COD,Female,2.0,1,Mobile,3,Divorced,2,0,13.0,1.0,1.0,8.0,134
0,11.0,Mobile Phone,1,23.0,Debit Card,Female,3.0,4,Fashion,3,Divorced,1,0,18.0,0.0,1.0,9.0,188
0,13.0,Mobile Phone,1,26.0,Cash on Delivery,Male,3.0,3,Fashion,2,Divorced,5,0,20.0,4.0,11.0,1.0,203
0,0.0,Computer,1,14.0,Debit Card,Male,2.0,5,Mobile Phone,3,Divorced,2,0,19.0,1.0,1.0,2.0,146
0,28.0,Computer,1,8.0,Debit Card,Male,3.0,3,Fashion,4,Divorced,4,0,18.0,1.0,1.0,4.543490512868683,210
0,1.0,Phone,1,16.0,UPI,Female,2.0,3,Laptop & Accessory,3,Single,4,0,13.0,1.0,1.0,7.0,137
1,7.0,Mobile Phone,2,6.0,Credit Card,Male,3.0,4,Fashion,5,Divorced,10,0,14.0,2.0,3.0,6.0,205
0,6.0,Mobile Phone,1,11.0,Debit Card,Male,2.0,4,Fashion,2,Married,5,0,15.0,0.0,1.0,2.0,171
1,0.0,Mobile Phone,3,10.0,Cash on Delivery,Male,2.0,3,Fashion,5,Single,1,1,22.0,3.0,4.0,7.0,196
1,0.0,Computer,1,35.0,Credit Card,Female,2.0,4,Laptop & Accessory,3,Single,2,0,22.0,3.0,3.0,8.0,145
0,10.189899366380917,Phone,1,21.0,Debit Card,Male,2.0,3,Mobile,3,Married,2,0,16.0,2.0,2.0,2.0,122
0,7.0,Computer,1,9.0,Debit Card,Male,2.0,3,Laptop & Accessory,2,Single,1,0,17.0,1.0,1.0,4.0,178
0,10.0,Mobile Phone,3,16.0,Debit Card,Female,2.0,4,Laptop & Accessory,2,Married,3,1,14.0,0.0,1.0,0.0,167
1,0.0,Phone,1,10.0,COD,Male,2.0,3,Mobile Phone,2,Divorced,2,1,15.0,5.0,5.0,6.0,137
1,0.0,Phone,1,15.639895891429633,CC,Male,2.0,3,Mobile,3,Married,2,0,20.0,1.0,1.0,0.0,124
1,10.189899366380917,Phone,1,31.0,CC,Male,2.0,4,Mobile,4,Single,5,1,20.0,0.0,2.0,2.0,123
0,15.0,Mobile Phone,1,8.0,Credit Card,Male,2.0,3,Grocery,5,Divorced,1,0,17.0,1.7510234462225531,13.0,7.0,277
1,0.0,Computer,1,15.639895891429633,CC,Male,2.0,4,Mobile,4,Married,2,0,15.0,0.0,1.0,0.0,126
1,13.0,Computer,3,6.0,UPI,Male,2.0,3,Laptop & Accessory,3,Single,4,1,14.0,0.0,1.0,0.0,147
0,6.0,Computer,3,13.0,Debit Card,Female,1.0,3,Laptop & Accessory,4,Divorced,1,0,17.0,1.0,1.0,2.0,143
0,7.0,Computer,1,9.0,Debit Card,Male,2.9315348837209303,4,Mobile,2,Divorced,4,0,17.0,1.0,1.0,0.0,130
0,21.0,Computer,1,6.0,Credit Card,Male,2.0,1,Grocery,2,Single,3,0,22.0,1.7510234462225531,2.0,1.0,269
0,18.0,Computer,3,15.0,Debit Card,Female,3.0,4,Laptop & Accessory,3,Divorced,2,0,13.0,0.0,4.0,12.0,156
0,25.0,Mobile Phone,1,13.0,Debit Card,Male,2.0,3,Fashion,4,Single,8,0,19.0,3.0,4.0,0.0,204
0,11.0,Mobile Phone,3,16.0,E wallet,Male,3.0,4,Fashion,3,Married,1,1,14.0,2.0,2.0,7.0,187
0,2.0,Phone,1,15.639895891429633,Debit Card,Female,3.0,3,Mobile,2,Married,5,0,22.0,0.0,1.0,7.0,125
0,1.0,Mobile Phone,1,9.0,Credit Card,Female,3.0,3,Fashion,4,Married,1,0,17.0,0.0,1.0,7.0,177
0,19.0,Mobile Phone,3,9.0,E wallet,Male,2.0,3,Grocery,3,Divorced,4,0,12.0,1.7510234462225531,4.0,9.0,275
0,11.0,Mobile Phone,3,8.0,E wallet,Male,2.0,3,Fashion,4,Single,8,0,16.0,1.0,1.0,0.0,174
0,16.0,Computer,1,33.0,Debit Card,Female,2.0,3,Fashion,5,Divorced,9,0,11.0,0.0,1.0,1.0,208
1,2.0,Computer,1,8.0,Debit Card,Male,2.0,3,Grocery,2,Married,8,0,11.0,7.0,11.0,4.543490512868683,222
0,13.0,Mobile Phone,1,20.0,Credit Card,Male,2.0,4,Others,3,Single,2,0,15.707921714818266,4.0,4.0,9.0,296
0,10.189899366380917,Phone,1,6.0,Cash on Delivery,Female,3.0,4,Mobile,4,Single,2,1,11.0,0.0,2.0,2.0,121
0,12.0,Computer,1,15.0,Debit Card,Male,3.0,3,Laptop & Accessory,4,Single,21,0,15.0,1.0,1.0,3.0,168
0,9.0,Computer,1,24.0,Debit Card,Male,3.0,3,Laptop & Accessory,2,Single,3,0,20.0,1.0,1.0,9.0,178
0,4.0,Computer,3,26.0,Debit Card,Male,2.9315348837209303,1,Mobile,2,Divorced,1,0,12.0,1.0,2.0,2.0,128
0,1.0,Phone,1,8.0,Debit Card,Male,3.0,4,Mobile,4,Divorced,1,0,17.0,0.0,1.0,4.0,132
0,8.0,Computer,3,17.0,E wallet,Male,2.0,3,Laptop & Accessory,2,Married,2,0,11.0,0.0,1.0,2.0,150
0,22.0,Mobile Phone,3,14.0,Cash on Delivery,Male,2.0,4,Grocery,4,Divorced,7,0,17.0,1.0,2.0,4.543490512868683,231
0,7.0,Computer,1,8.0,Debit Card,Male,3.0,3,Laptop & Accessory,3,Single,3,0,11.0,1.0,1.0,2.0,140
0,2.0,Computer,1,16.0,Debit Card,Female,3.0,3,Mobile,4,Married,1,0,14.0,1.0,1.0,1.0,133
0,15.0,Phone,1,35.0,Credit Card,Male,2.0,5,Laptop & Accessory,2,Single,5,0,19.0,1.0,1.0,0.0,143
0,2.0,Mobile Phone,1,14.0,Credit Card,Male,3.0,4,Laptop & Accessory,2,Divorced,2,1,13.0,0.0,1.0,2.0,151
0,11.0,Phone,2,6.0,UPI,Male,2.9315348837209303,1,Mobile,3,Divorced,2,0,13.0,1.0,5.0,0.0,128
0,4.0,Computer,1,12.0,Debit Card,Male,2.9315348837209303,4,Mobile,3,Married,2,1,14.0,1.0,1.0,2.0,127
1,10.189899366380917,Computer,1,14.0,CC,Male,3.0,3,Mobile Phone,3,Single,2,0,12.0,0.0,1.0,0.0,119
1,0.0,Mobile Phone,3,15.0,E wallet,Female,3.0,3,Laptop & Accessory,5,Single,1,1,17.0,0.0,1.0,3.0,182
0,14.0,Phone,1,18.0,Debit Card,Male,2.0,3,Mobile Phone,2,Divorced,4,1,11.0,1.0,1.0,0.0,148
1,0.0,Computer,1,15.639895891429633,CC,Male,3.0,3,Mobile,3,Divorced,2,0,12.0,2.0,2.0,2.0,126
0,10.0,Mobile Phone,1,31.0,Credit Card,Female,2.0,4,Laptop & Accessory,2,Married,8,0,13.0,0.0,1.0,3.0,157
0,0.0,Phone,1,15.639895891429633,Debit Card,Male,2.0,4,Mobile,3,Divorced,2,0,13.0,2.0,2.0,2.0,125
0,7.0,Mobile Phone,3,15.0,Debit Card,Female,3.0,3,Laptop & Accessory,3,Divorced,2,0,20.0,1.0,1.0,3.0,157
0,8.0,Phone,2,14.0,COD,Male,3.0,3,Mobile Phone,3,Single,2,0,17.0,0.0,1.0,4.0,143
1,0.0,Mobile Phone,3,29.0,Debit Card,Female,2.0,4,Fashion,5,Divorced,2,0,13.0,0.0,3.0,10.0,173
0,13.0,Computer,1,15.0,Credit Card,Female,2.0,3,Fashion,3,Single,10,0,17.0,0.0,3.0080044676098288,13.0,235
1,5.0,Computer,3,18.0,Debit Card,Male,2.0,3,Grocery,5,Single,1,1,12.0,7.0,3.0080044676098288,14.0,238
0,15.0,Mobile Phone,3,10.0,E wallet,Male,2.0,3,Laptop & Accessory,5,Single,8,0,13.0,1.0,1.0,5.0,152
0,10.189899366380917,Phone,1,6.0,CC,Male,2.0,4,Mobile,3,Divorced,7,0,12.0,1.0,1.0,7.0,123
0,0.0,Phone,1,30.0,Credit Card,Male,2.0,3,Mobile Phone,4,Single,9,0,22.0,1.0,1.0,2.0,136
1,0.0,Phone,1,15.639895891429633,Debit Card,Female,3.0,3,Mobile,2,Divorced,2,1,11.0,1.0,1.0,0.0,125
0,0.0,Phone,1,9.0,Credit Card,Male,2.0,1,Mobile Phone,2,Divorced,2,0,22.0,1.0,1.0,7.0,144
0,3.0,Mobile Phone,3,16.0,E wallet,Male,3.0,4,Laptop & Accessory,3,Divorced,2,0,18.0,1.0,1.0,4.0,166
0,13.0,Computer,1,32.0,Credit Card,Female,3.0,4,Laptop & Accessory,2,Divorced,4,1,13.0,1.0,1.0,0.0,144
0,8.0,Mobile Phone,1,8.0,Debit Card,Male,2.0,4,Fashion,4,Married,3,0,18.0,6.0,6.0,4.0,203
0,7.0,Computer,1,6.0,Credit Card,Male,3.0,4,Laptop & Accessory,5,Single,1,0,20.0,1.0,4.0,9.0,153
0,8.0,Computer,1,15.639895891429633,UPI,Male,2.0,4,Mobile,2,Divorced,2,0,13.0,2.0,2.0,2.0,124
1,6.0,Mobile Phone,3,15.0,E wallet,Female,2.0,5,Laptop & Accessory,3,Single,9,0,13.0,1.0,1.0,3.0,153
0,5.0,Computer,3,8.0,Debit Card,Female,2.9315348837209303,3,Mobile,5,Married,2,0,12.0,0.0,1.0,0.0,128
0,29.0,Mobile Phone,1,10.0,Cash on Delivery,Female,3.0,3,Others,5,Married,5,0,15.707921714818266,0.0,4.0,2.0,299
0,2.0,Phone,1,12.0,CC,Female,2.9315348837209303,3,Mobile,2,Divorced,2,0,13.0,0.0,1.0,8.0,131
0,0.0,Phone,1,15.639895891429633,Debit Card,Male,2.0,3,Mobile,5,Single,2,0,25.0,0.0,1.0,0.0,126
0,18.0,Phone,1,13.0,Credit Card,Female,2.0,3,Mobile Phone,3,Divorced,5,1,19.0,1.0,1.0,2.0,145
0,10.0,Mobile Phone,1,6.0,Debit Card,Female,2.0,4,Laptop & Accessory,2,Divorced,2,0,13.0,3.0,3.0,11.0,165
0,0.0,Phone,1,9.0,Debit Card,Male,2.9315348837209303,4,Mobile,3,Single,2,0,12.0,0.0,1.0,2.0,130
1,7.0,Phone,1,16.0,Debit Card,Male,2.9315348837209303,3,Mobile,3,Single,2,1,11.0,1.0,1.0,2.0,129
0,26.0,Mobile Phone,1,13.0,Credit Card,Female,2.0,3,Others,3,Married,4,0,18.0,1.7510234462225531,4.0,7.0,286
0,10.189899366380917,Phone,1,21.0,Debit Card,Female,3.0,5,Mobile,2,Divorced,1,1,18.0,1.0,1.0,3.0,122
1,0.0,Computer,1,9.0,Debit Card,Male,2.9315348837209303,4,Mobile,2,Divorced,1,1,11.0,0.0,1.0,0.0,129
0,19.0,Mobile Phone,3,8.0,E wallet,Female,3.0,3,Grocery,5,Divorced,9,0,23.0,1.7510234462225531,15.0,9.0,270
0,10.189899366380917,Computer,1,23.0,Debit Card,Male,3.0,5,Mobile,3,Single,3,0,13.0,1.0,1.0,0.0,123
0,6.0,Phone,2,8.0,UPI,Male,2.0,3,Mobile Phone,3,Divorced,2,0,13.0,0.0,1.0,4.0,136
1,10.189899366380917,Computer,1,11.0,Debit Card,Male,3.0,4,Mobile,5,Married,7,0,17.0,1.0,1.0,0.0,121
0,3.0,Phone,3,35.0,Debit Card,Male,3.0,3,Laptop & Accessory,5,Married,9,0,19.0,1.0,1.0,3.0,141
0,13.0,Computer,3,8.0,Credit Card,Male,3.0,3,Laptop & Accessory,4,Divorced,6,0,12.0,1.0,1.0,0.0,143
0,23.0,Computer,1,8.0,Credit Card,Female,1.0,3,Grocery,5,Divorced,3,0,22.0,1.7510234462225531,2.0,2.0,279
0,1.0,Phone,1,25.0,CC,Male,3.0,4,Mobile,5,Divorced,2,0,12.0,1.0,3.0,3.0,132
0,19.0,Mobile Phone,1,21.0,Debit Card,Male,2.0,3,Others,4,Divorced,6,0,11.0,1.7510234462225531,1.0,3.0,291
0,8.0,Mobile Phone,3,23.0,Debit Card,Male,3.0,3,Laptop & Accessory,5,Divorced,4,1,15.0,1.0,1.0,7.0,190
1,10.189899366380917,Phone,1,23.0,Debit Card,Female,3.0,3,Mobile,4,Divorced,2,0,13.0,0.0,1.0,0.0,122
0,6.0,Computer,3,31.0,Credit Card,Female,2.0,3,Laptop & Accessory,3,Divorced,2,0,12.0,0.0,1.0,1.0,145
0,9.0,Phone,1,12.0,Debit Card,Male,2.9315348837209303,5,Mobile,3,Married,2,0,14.0,0.0,1.0,7.0,127
0,3.0,Phone,1,13.0,Debit Card,Male,2.0,3,Laptop & Accessory,3,Married,2,0,13.0,8.0,8.0,9.0,135
0,17.0,Phone,1,35.0,UPI,Male,2.0,3,Laptop & Accessory,2,Single,2,0,25.0,1.0,1.0,17.0,145
0,0.0,Phone,3,27.0,E wallet,Male,2.9315348837209303,1,Mobile,2,Single,2,0,17.0,0.0,2.0,2.0,127
0,19.0,Mobile Phone,1,8.0,COD,Male,2.0,3,Laptop & Accessory,2,Married,3,0,11.0,1.0,1.0,4.0,174
0,15.0,Computer,2,8.0,Credit Card,Male,3.0,1,Laptop & Accessory,5,Divorced,8,0,16.0,0.0,1.0,3.0,163
0,30.0,Mobile Phone,3,13.0,E wallet,Male,2.0,1,Laptop & Accessory,2,Married,1,1,18.0,0.0,1.0,9.0,152
0,5.0,Computer,1,19.0,UPI,Female,2.9315348837209303,4,Mobile,4,Divorced,2,0,20.0,0.0,2.0,2.0,127
0,5.0,Computer,1,8.0,Debit Card,Female,2.0,3,Laptop & Accessory,3,Single,5,1,14.0,1.0,1.0,7.0,150
0,9.0,Mobile Phone,1,6.0,Cash on Delivery,Female,3.0,5,Fashion,5,Married,3,1,21.0,5.0,7.0,7.0,203
0,6.0,Phone,1,15.0,CC,Male,2.9315348837209303,3,Mobile,2,Divorced,1,0,13.0,1.0,4.0,10.0,128
0,13.0,Mobile Phone,3,16.0,COD,Female,2.0,4,Laptop & Accessory,4,Married,8,0,12.0,1.0,1.0,3.0,169
0,0.0,Phone,3,16.0,Debit Card,Male,2.0,3,Laptop & Accessory,2,Single,1,0,14.0,0.0,1.0,1.0,150
0,3.0,Phone,1,6.0,Credit Card,Male,3.0,3,Mobile Phone,4,Divorced,1,1,21.0,1.0,5.0,7.0,136
0,15.0,Computer,1,32.0,Credit Card,Female,2.0,3,Fashion,5,Divorced,4,1,17.0,0.0,3.0080044676098288,0.0,232
0,8.0,Computer,3,14.0,E wallet,Female,3.0,4,Fashion,2,Divorced,5,1,11.0,2.0,4.0,12.0,204
0,10.189899366380917,Phone,1,20.0,Debit Card,Male,2.0,3,Mobile,5,Divorced,2,1,14.0,2.0,6.0,8.0,122
0,27.0,Computer,1,6.0,Debit Card,Female,2.0,3,Fashion,3,Married,8,0,17.0,1.0,1.0,4.0,205
0,10.189899366380917,Mobile Phone,1,8.0,Debit Card,Female,3.0,1,Mobile,2,Divorced,2,0,13.0,6.0,7.0,7.0,120
1,10.189899366380917,Computer,1,16.0,CC,Female,3.0,4,Mobile Phone,4,Single,2,1,25.0,1.0,1.0,0.0,119
0,2.0,Phone,1,6.0,Debit Card,Female,3.0,3,Mobile Phone,2,Married,2,0,15.0,0.0,1.0,2.0,138
0,27.0,Mobile Phone,1,9.0,Debit Card,Male,2.0,3,Grocery,2,Divorced,4,0,14.0,1.7510234462225531,1.0,9.0,278
0,4.0,Mobile Phone,1,17.0,Credit Card,Male,3.0,3,Laptop & Accessory,5,Divorced,2,1,12.0,0.0,1.0,1.0,168
0,4.0,Mobile Phone,1,30.0,Credit Card,Female,3.0,4,Laptop & Accessory,5,Single,2,0,19.0,0.0,1.0,8.0,168
0,30.0,Mobile Phone,3,9.0,Debit Card,Female,2.0,4,Laptop & Accessory,2,Single,6,0,17.0,0.0,1.0,5.0,152
0,16.0,Mobile Phone,1,9.0,Debit Card,Male,3.0,5,Others,2,Divorced,4,0,15.707921714818266,1.0,1.0,7.0,297
0,22.0,Mobile Phone,1,10.0,Credit Card,Male,2.0,4,Others,3,Divorced,3,0,13.0,1.7510234462225531,1.0,0.0,287
0,9.0,Computer,1,9.0,COD,Male,2.0,3,Mobile Phone,4,Divorced,2,0,12.0,1.0,1.0,7.0,137
0,21.0,Phone,1,15.639895891429633,COD,Male,3.0,1,Mobile,4,Single,6,0,11.0,0.0,1.0,0.0,126
0,0.0,Phone,1,15.639895891429633,Debit Card,Male,3.0,3,Mobile,3,Married,2,0,11.0,1.0,1.0,3.0,125
0,2.0,Mobile Phone,1,13.0,Debit Card,Male,2.0,3,Laptop & Accessory,2,Married,2,1,11.0,0.0,1.0,0.0,166
0,21.0,Mobile Phone,1,6.0,Debit Card,Male,3.0,4,Others,2,Single,7,0,12.0,1.7510234462225531,1.0,0.0,283
0,2.0,Mobile Phone,1,6.0,Debit Card,Female,2.0,4,Grocery,2,Married,4,0,14.0,1.7510234462225531,1.0,7.0,261
0,7.0,Phone,1,15.639895891429633,COD,Female,2.0,1,Mobile,3,Divorced,1,0,17.0,1.0,1.0,0.0,126
0,17.0,Mobile Phone,3,11.0,E wallet,Male,2.0,3,Others,4,Divorced,8,0,11.0,1.7510234462225531,3.0,10.0,282
0,6.0,Mobile Phone,3,16.0,E wallet,Male,2.0,1,Fashion,3,Married,1,1,14.0,1.0,1.0,8.0,184
0,0.0,Phone,1,31.0,Debit Card,Female,2.9315348837209303,1,Mobile,2,Single,2,1,12.0,1.0,1.0,1.0,130
0,10.189899366380917,Mobile Phone,1,6.0,Debit Card,Male,2.0,3,Mobile Phone,3,Divorced,2,0,22.0,0.0,1.0,1.0,112
1,0.0,Computer,3,30.0,Debit Card,Male,3.0,5,Mobile Phone,2,Single,2,1,14.0,1.0,1.0,0.0,111
0,0.0,Phone,1,10.0,Debit Card,Male,2.9315348837209303,3,Mobile,2,Single,2,1,20.0,0.0,2.0,2.0,129
1,8.0,Mobile Phone,3,8.0,E wallet,Female,3.0,5,Others,4,Single,3,1,16.0,1.7510234462225531,1.0,11.0,288
0,28.0,Computer,1,14.0,Credit Card,Male,2.0,4,Grocery,4,Married,2,1,15.0,3.0,3.0080044676098288,0.0,236
1,0.0,Computer,1,15.639895891429633,Debit Card,Female,2.0,4,Mobile,3,Single,2,0,20.0,2.0,2.0,2.0,126
0,19.0,Mobile Phone,3,10.0,E wallet,Female,2.0,4,Others,4,Divorced,3,0,14.0,1.7510234462225531,1.0,8.0,288
0,7.0,Phone,3,8.0,E wallet,Female,2.0,3,Laptop & Accessory,5,Single,1,1,12.0,1.0,1.0,2.0,145
0,24.0,Computer,3,15.0,Debit Card,Male,2.0,3,Others,4,Married,5,1,15.707921714818266,2.0,11.0,10.0,298
0,30.0,Mobile Phone,1,24.0,Credit Card,Male,3.0,3,Fashion,2,Single,7,0,12.0,1.0,5.0,4.0,205
0,7.0,Computer,1,25.0,Credit Card,Female,2.0,3,Laptop & Accessory,4,Married,5,0,13.0,3.0,5.0,10.0,144
0,10.189899366380917,Computer,1,6.0,CC,Male,2.0,3,Mobile,3,Single,1,1,11.0,0.0,1.0,2.0,122
0,17.0,Mobile Phone,1,10.0,Debit Card,Male,3.0,1,Others,5,Married,2,0,14.0,1.7510234462225531,14.0,13.0,292
0,7.0,Computer,2,17.0,Debit Card,Male,2.0,4,Laptop & Accessory,4,Divorced,5,0,11.0,0.0,1.0,8.0,145
0,8.0,Phone,1,12.0,Debit Card,Male,3.0,3,Mobile,3,Divorced,1,1,14.0,1.0,2.0,2.0,135
0,15.0,Phone,1,15.639895891429633,CC,Female,3.0,1,Laptop & Accessory,4,Divorced,7,1,16.0,0.0,1.0,0.0,124
0,16.0,Mobile Phone,3,10.0,E wallet,Female,2.0,4,Fashion,2,Single,4,0,14.0,10.0,15.0,17.0,202
0,9.0,Mobile Phone,1,8.0,Debit Card,Female,2.0,3,Laptop & Accessory,4,Single,10,1,11.0,4.0,5.0,12.0,154
1,7.0,Mobile Phone,1,21.0,Credit Card,Female,3.0,3,Fashion,2,Divorced,2,0,11.0,0.0,1.0,5.0,180
0,1.0,Computer,1,8.0,Debit Card,Male,2.0,4,Mobile Phone,2,Divorced,2,1,12.0,2.0,2.0,2.0,139
0,24.0,Computer,1,12.0,CC,Female,2.9315348837209303,4,Mobile,3,Single,1,0,14.0,7.0,7.0,7.0,128
0,3.0,Computer,1,15.0,Credit Card,Female,3.0,3,Laptop & Accessory,3,Single,8,1,18.0,1.0,1.0,7.0,147
1,0.0,Phone,1,13.0,COD,Female,2.0,3,Mobile,3,Married,4,1,13.0,1.0,7.0,7.0,133
0,10.189899366380917,Phone,1,6.0,Cash on Delivery,Male,2.0,3,Mobile,5,Single,3,0,11.0,0.0,1.0,2.0,121
0,10.189899366380917,Phone,1,6.0,CC,Female,2.0,3,Mobile,4,Single,2,0,18.0,1.0,2.0,1.0,121
0,5.0,Mobile Phone,3,14.0,Credit Card,Male,2.0,1,Laptop & Accessory,2,Divorced,2,0,15.0,0.0,1.0,8.0,162
0,18.0,Computer,1,31.0,Credit Card,Female,2.0,3,Others,4,Single,4,0,22.0,1.7510234462225531,1.0,0.0,281
0,12.0,Mobile Phone,1,19.0,Credit Card,Female,3.0,4,Grocery,4,Married,7,1,13.0,1.7510234462225531,15.0,2.0,271
0,30.0,Phone,1,15.639895891429633,Debit Card,Male,2.0,3,Mobile,3,Married,2,0,12.0,2.0,2.0,2.0,124
1,0.0,Phone,1,13.0,Debit Card,Male,3.0,3,Laptop & Accessory,3,Divorced,2,0,18.0,1.0,1.0,1.0,149
1,2.0,Phone,1,29.0,Credit Card,Male,3.0,3,Mobile Phone,5,Single,1,0,13.0,0.0,1.0,3.0,139
0,3.0,Phone,1,12.0,COD,Female,2.0,4,Laptop & Accessory,2,Divorced,1,0,12.0,5.0,6.0,7.0,146
0,9.0,Mobile Phone,1,16.0,COD,Female,3.0,3,Fashion,3,Divorced,4,0,12.0,0.0,1.0,7.0,171
0,19.0,Phone,2,6.0,Debit Card,Female,2.0,3,Mobile,5,Single,7,0,12.0,3.0,5.0,7.0,134
0,1.0,Computer,1,6.0,Debit Card,Female,2.0,5,Laptop & Accessory,2,Divorced,1,0,11.0,7.0,7.0,5.0,167
0,23.0,Mobile Phone,1,34.0,Debit Card,Female,2.0,3,Grocery,5,Divorced,5,1,11.0,1.7510234462225531,1.0,2.0,269
1,3.0,Mobile Phone,3,31.0,E wallet,Male,2.0,4,Fashion,4,Single,3,1,12.0,0.0,1.0,0.0,191
1,15.0,Mobile Phone,3,11.0,Debit Card,Male,3.0,3,Fashion,4,Single,10,1,19.0,5.0,7.0,7.0,184
0,3.0,Mobile Phone,1,23.0,Credit Card,Female,3.0,3,Fashion,5,Divorced,2,1,23.0,0.0,1.0,4.543490512868683,219
0,12.0,Phone,1,24.0,Debit Card,Male,2.0,3,Laptop & Accessory,3,Single,1,0,11.0,0.0,1.0,7.0,145
0,4.0,Computer,3,8.0,Debit Card,Female,2.0,3,Fashion,3,Married,2,1,19.0,3.0,9.0,6.0,199
0,14.0,Computer,3,16.0,Credit Card,Male,2.0,5,Laptop & Accessory,4,Single,2,0,13.0,3.0,11.0,9.0,162
1,10.189899366380917,Computer,3,6.0,Debit Card,Female,2.0,3,Mobile,4,Single,2,1,11.0,1.0,2.0,2.0,123
1,7.0,Phone,1,15.639895891429633,Debit Card,Male,2.0,3,Mobile,5,Divorced,5,0,12.0,1.0,1.0,2.0,124
0,15.0,Computer,1,8.0,Debit Card,Male,2.0,3,Grocery,3,Divorced,1,1,13.0,1.7510234462225531,2.0,10.0,279
0,28.0,Mobile Phone,1,8.0,Credit Card,Female,2.0,5,Others,3,Divorced,5,0,14.0,1.7510234462225531,9.0,11.0,292
0,29.0,Mobile Phone,2,14.0,Debit Card,Male,2.0,3,Others,4,Single,7,0,15.707921714818266,1.0,7.0,7.0,297
0,13.0,Computer,1,22.0,Debit Card,Male,3.0,3,Mobile,3,Married,10,0,16.0,1.0,1.0,0.0,135
0,7.0,Mobile Phone,1,15.0,Debit Card,Male,2.0,3,Fashion,2,Married,1,0,11.0,1.0,1.0,6.0,185
0,13.0,Phone,1,8.0,Debit Card,Male,3.0,3,Laptop & Accessory,2,Single,2,0,13.0,3.0,8.0,8.0,147
0,14.0,Computer,3,6.0,E wallet,Female,3.0,3,Laptop & Accessory,5,Married,1,0,17.0,0.0,1.0,7.0,141
0,8.0,Computer,1,10.0,Debit Card,Male,2.0,3,Laptop & Accessory,3,Single,2,1,11.0,1.0,1.0,1.0,142
0,24.0,Mobile Phone,2,11.0,Debit Card,Male,2.0,3,Grocery,4,Married,2,1,11.0,1.0,3.0080044676098288,10.0,240
0,11.0,Mobile Phone,3,8.0,Debit Card,Female,2.0,3,Laptop & Accessory,5,Married,4,0,15.0,0.0,1.0,7.0,169
0,7.0,Mobile Phone,3,21.0,Credit Card,Female,3.0,3,Laptop & Accessory,5,Single,2,0,12.0,1.0,9.0,6.0,161
0,0.0,Phone,1,25.0,Credit Card,Male,3.0,3,Mobile Phone,2,Divorced,4,0,11.0,1.0,1.0,2.0,137
1,20.0,Mobile Phone,1,13.0,Credit Card,Female,2.0,4,Fashion,5,Divorced,8,1,14.0,4.0,5.0,9.0,200
0,13.0,Phone,1,15.639895891429633,Debit Card,Male,2.0,3,Mobile,4,Divorced,4,0,22.0,1.0,1.0,3.0,124
0,9.0,Computer,3,13.0,E wallet,Female,2.0,1,Laptop & Accessory,5,Divorced,3,0,16.0,5.0,6.0,13.0,146
0,21.0,Mobile Phone,1,10.0,Debit Card,Male,2.0,3,Fashion,2,Single,2,0,11.0,1.0,1.0,8.0,179
0,0.0,Phone,3,15.639895891429633,CC,Female,3.0,1,Mobile,2,Divorced,9,0,14.0,1.0,1.0,0.0,125
0,24.0,Mobile Phone,1,17.0,Cash on Delivery,Female,2.0,4,Grocery,4,Single,4,0,16.0,0.0,1.0,4.543490512868683,231
0,10.189899366380917,Computer,1,6.0,Debit Card,Female,3.0,3,Mobile Phone,2,Single,2,0,15.0,1.0,1.0,0.0,116
0,8.0,Mobile Phone,1,6.0,Credit Card,Female,2.0,4,Laptop & Accessory,2,Divorced,1,0,12.0,1.0,1.0,0.0,154
0,0.0,Computer,3,8.0,Debit Card,Male,2.0,5,Laptop & Accessory,2,Single,4,0,20.0,1.0,1.0,0.0,151
1,18.0,Mobile Phone,3,19.0,E wallet,Male,2.0,1,Grocery,3,Single,7,1,17.0,2.0,3.0080044676098288,8.0,237
0,29.0,Mobile Phone,1,29.0,Debit Card,Male,3.0,3,Grocery,4,Divorced,5,1,12.0,11.0,3.0080044676098288,9.0,234
0,10.189899366380917,Computer,1,32.0,Cash on Delivery,Female,3.0,4,Mobile,3,Married,2,0,20.0,1.0,1.0,0.0,120
0,13.0,Mobile Phone,1,8.0,Credit Card,Female,2.0,1,Laptop & Accessory,3,Married,6,0,20.0,5.0,11.0,8.0,164
0,7.0,Mobile Phone,1,35.0,Credit Card,Male,2.0,3,Laptop & Accessory,3,Divorced,5,0,13.0,0.0,7.0,7.0,154
1,0.0,Computer,3,8.0,Debit Card,Female,2.9315348837209303,4,Mobile,2,Single,8,0,14.0,0.0,1.0,0.0,128
1,0.0,Computer,3,24.0,E wallet,Female,3.0,3,Laptop & Accessory,3,Divorced,1,1,18.0,3.0,3.0,2.0,146
0,11.0,Computer,1,15.639895891429633,Debit Card,Male,2.0,1,Mobile,3,Married,2,0,11.0,0.0,1.0,3.0,126
0,7.0,Mobile Phone,1,8.0,COD,Female,3.0,3,Laptop & Accessory,2,Single,2,0,11.0,1.0,4.0,11.0,167
0,1.0,Phone,3,32.0,Debit Card,Male,2.0,4,Laptop & Accessory,5,Divorced,2,0,11.0,1.0,1.0,4.0,147
1,0.0,Mobile Phone,1,28.0,Credit Card,Male,3.0,3,Laptop & Accessory,3,Divorced,2,1,15.0,3.0,6.0,7.0,162
0,12.0,Mobile Phone,3,27.0,Debit Card,Male,2.0,4,Laptop & Accessory,2,Divorced,4,1,12.0,0.0,1.0,4.0,161
0,24.0,Computer,3,8.0,E wallet,Male,2.0,3,Fashion,4,Divorced,3,0,11.0,0.0,3.0,2.0,206
0,14.0,Computer,1,28.0,Debit Card,Female,3.0,3,Laptop & Accessory,2,Married,4,1,14.0,0.0,3.0,3.0,155
0,10.0,Phone,1,10.0,Debit Card,Male,2.9315348837209303,3,Mobile,3,Divorced,8,1,15.0,1.0,1.0,3.0,130
0,6.0,Computer,3,11.0,Debit Card,Male,3.0,3,Laptop & Accessory,2,Divorced,7,0,13.0,1.0,1.0,2.0,200
0,5.0,Phone,3,8.0,E wallet,Male,2.0,3,Laptop & Accessory,4,Divorced,1,1,13.0,0.0,1.0,2.0,141
0,12.0,Computer,1,31.0,Debit Card,Male,3.0,3,Fashion,3,Divorced,4,0,21.0,0.0,1.0,5.0,209
0,0.0,Mobile Phone,3,24.0,Debit Card,Male,3.0,1,Laptop & Accessory,3,Divorced,3,0,11.0,0.0,1.0,2.0,162
0,25.0,Computer,1,34.0,Credit Card,Female,2.0,1,Grocery,3,Divorced,3,1,11.0,0.0,3.0080044676098288,2.0,232
0,16.0,Phone,1,12.0,Credit Card,Female,3.0,4,Laptop & Accessory,3,Single,2,1,14.0,1.0,1.0,8.0,141
0,0.0,Mobile Phone,3,16.0,E wallet,Female,3.0,4,Laptop & Accessory,2,Divorced,2,1,11.0,2.0,4.0,4.0,158
1,0.0,Phone,1,15.639895891429633,Debit Card,Female,2.0,3,Mobile,3,Single,2,1,13.0,3.0,7.0,7.0,124
0,0.0,Phone,1,8.0,Credit Card,Male,2.0,4,Mobile Phone,2,Single,1,0,12.0,0.0,1.0,1.0,139
0,15.0,Mobile Phone,2,16.0,UPI,Female,2.0,3,Grocery,5,Divorced,1,0,14.0,1.7510234462225531,1.0,9.0,268
0,25.0,Phone,1,14.0,UPI,Female,2.9315348837209303,3,Mobile,5,Divorced,10,0,13.0,1.0,1.0,4.0,130
0,10.0,Phone,1,17.0,Credit Card,Female,3.0,3,Mobile Phone,3,Single,5,0,18.0,0.0,1.0,2.0,136
0,8.0,Computer,1,24.0,Debit Card,Male,2.0,3,Fashion,2,Single,3,0,11.0,0.0,2.0,2.0,194
0,0.0,Phone,1,6.0,COD,Male,2.0,3,Mobile,2,Divorced,5,0,11.0,1.0,1.0,2.0,132
0,0.0,Phone,1,13.0,UPI,Male,3.0,1,Mobile Phone,5,Single,1,0,12.0,1.0,1.0,7.0,136
0,2.0,Mobile Phone,2,23.0,UPI,Male,2.0,4,Fashion,5,Single,2,0,13.0,0.0,1.0,9.0,180
1,0.0,Computer,1,34.0,Debit Card,Male,3.0,4,Laptop & Accessory,5,Single,4,0,20.0,0.0,1.0,3.0,143
1,0.0,Computer,1,20.0,UPI,Female,2.0,3,Fashion,2,Single,1,1,12.0,2.0,7.0,7.0,176
0,27.0,Mobile Phone,1,6.0,Credit Card,Female,2.0,3,Grocery,2,Single,7,0,19.0,1.7510234462225531,12.0,7.0,273
0,30.0,Mobile Phone,1,6.0,Credit Card,Female,3.0,3,Others,5,Divorced,4,1,15.707921714818266,1.0,1.0,5.0,297
0,28.0,Mobile Phone,1,6.0,Credit Card,Male,2.0,1,Grocery,2,Married,3,0,13.0,1.0,3.0080044676098288,0.0,247
0,9.0,Mobile Phone,3,9.0,E wallet,Female,2.0,3,Laptop & Accessory,4,Single,4,1,16.0,0.0,1.0,1.0,193
1,10.189899366380917,Computer,3,6.0,Debit Card,Female,2.0,5,Mobile Phone,3,Single,2,0,12.0,1.0,1.0,0.0,114
0,3.0,Phone,3,13.0,E wallet,Female,3.0,3,Laptop & Accessory,5,Married,8,0,14.0,1.0,1.0,2.0,148
0,4.0,Mobile Phone,1,14.0,Debit Card,Female,3.0,3,Grocery,4,Single,4,0,11.0,1.7510234462225531,1.0,0.0,264
0,7.0,Computer,1,6.0,UPI,Male,2.9315348837209303,3,Mobile,5,Married,6,0,14.0,1.0,1.0,3.0,130
1,10.189899366380917,Mobile Phone,1,14.0,Debit Card,Female,2.0,4,Mobile Phone,4,Single,2,0,12.0,0.0,1.0,0.0,113
0,10.189899366380917,Phone,1,17.0,Debit Card,Male,3.0,3,Mobile,5,Divorced,1,0,14.0,1.0,1.0,4.0,121
0,9.0,Mobile Phone,1,10.0,Debit Card,Male,2.0,4,Laptop & Accessory,2,Single,2,0,16.0,1.0,1.0,8.0,158
0,9.0,Mobile Phone,3,22.0,E wallet,Female,3.0,4,Laptop & Accessory,5,Divorced,5,0,13.0,1.0,1.0,2.0,156
0,20.0,Phone,1,6.0,COD,Male,3.0,3,Mobile,2,Divorced,8,0,12.0,1.0,1.0,2.0,134
1,0.0,Phone,3,15.0,Debit Card,Male,3.0,4,Mobile Phone,5,Divorced,4,0,12.0,1.0,2.0,2.0,144
0,10.0,Computer,1,11.0,COD,Male,2.0,1,Mobile,3,Single,1,0,14.0,1.0,1.0,3.0,135
0,10.189899366380917,Phone,1,6.0,Debit Card,Female,2.0,3,Mobile,5,Divorced,3,0,22.0,1.0,1.0,0.0,121
0,20.0,Mobile Phone,1,8.0,Credit Card,Female,2.0,3,Grocery,3,Divorced,4,0,19.0,1.7510234462225531,5.0,6.0,272
0,0.0,Phone,3,10.0,Credit Card,Female,2.0,3,Laptop & Accessory,3,Divorced,2,1,12.0,1.0,1.0,3.0,142
0,5.0,Mobile Phone,3,13.0,E wallet,Male,3.0,3,Laptop & Accessory,2,Divorced,5,0,12.0,1.0,1.0,3.0,192
0,7.0,Phone,1,6.0,Debit Card,Female,2.0,4,Mobile,4,Divorced,6,0,17.0,1.0,1.0,2.0,133
0,10.189899366380917,Phone,1,11.0,CC,Male,2.0,1,Mobile,3,Divorced,3,1,12.0,1.0,1.0,3.0,121
0,13.0,Computer,1,15.0,UPI,Male,2.0,3,Laptop & Accessory,3,Married,4,0,11.0,1.0,1.0,7.0,140
0,4.0,Mobile Phone,3,14.0,Debit Card,Male,2.0,3,Fashion,2,Married,2,0,18.0,2.0,9.0,9.0,208
1,9.0,Mobile Phone,3,15.0,E wallet,Male,2.0,3,Fashion,1,Married,5,0,11.0,0.0,4.0,3.0,201
1,2.0,Computer,1,8.0,Debit Card,Female,2.0,4,Mobile Phone,5,Single,3,1,23.0,0.0,1.0,0.0,136
1,0.0,Computer,1,6.0,Debit Card,Female,3.0,1,Fashion,4,Single,2,0,11.0,3.0,4.0,7.0,174
0,18.0,Mobile Phone,1,26.0,Credit Card,Male,3.0,5,Fashion,5,Married,3,1,18.0,0.0,1.0,7.0,209
0,10.189899366380917,Phone,2,14.0,CC,Female,3.0,1,Mobile,4,Single,10,0,18.0,0.0,1.0,2.0,121
1,0.0,Computer,1,8.0,Debit Card,Male,3.0,3,Mobile Phone,1,Divorced,7,1,13.0,2.0,2.0,2.0,137
0,18.0,Mobile Phone,1,35.0,Cash on Delivery,Male,2.0,3,Fashion,1,Divorced,5,1,18.0,1.0,1.0,2.0,194
0,21.0,Mobile Phone,3,13.0,E wallet,Male,3.0,3,Laptop & Accessory,5,Married,5,0,11.0,1.0,2.0,2.0,155
1,0.0,Phone,2,15.0,COD,Female,2.9315348837209303,3,Mobile,3,Divorced,2,0,15.0,1.0,2.0,2.0,127
0,13.0,Computer,1,14.0,Credit Card,Male,2.0,4,Fashion,4,Married,3,0,11.0,1.0,3.0080044676098288,8.0,238
0,1.0,Mobile Phone,3,11.0,Credit Card,Male,2.0,3,Laptop & Accessory,5,Single,1,0,18.0,1.0,1.0,3.0,185
0,17.0,Computer,1,11.0,Debit Card,Male,2.9315348837209303,4,Mobile,3,Single,4,0,14.0,0.0,1.0,3.0,132
0,26.0,Mobile Phone,1,8.0,Credit Card,Male,2.0,1,Grocery,4,Single,5,0,12.0,1.7510234462225531,8.0,8.0,266
0,22.0,Mobile Phone,1,11.0,COD,Male,3.0,3,Laptop & Accessory,3,Divorced,3,0,14.0,0.0,1.0,2.0,167
0,13.0,Phone,1,15.639895891429633,CC,Male,3.0,3,Mobile,3,Married,3,0,14.0,0.0,1.0,2.0,123
0,17.0,Phone,1,26.0,Debit Card,Male,2.0,3,Mobile,4,Single,2,0,13.0,1.0,1.0,3.0,134
0,6.0,Computer,3,13.0,Credit Card,Male,2.0,3,Laptop & Accessory,5,Divorced,1,0,14.0,0.0,1.0,3.0,144
0,7.0,Phone,3,9.0,UPI,Male,2.0,5,Laptop & Accessory,5,Single,4,0,18.0,2.0,3.0,12.0,148
0,3.0,Mobile Phone,3,22.0,Debit Card,Male,3.0,3,Laptop & Accessory,3,Divorced,9,0,15.0,0.0,2.0,2.0,153
0,15.0,Computer,1,15.0,Credit Card,Female,3.0,3,Mobile Phone,1,Single,2,0,13.0,4.0,5.0,8.0,137
0,17.0,Computer,3,6.0,E wallet,Female,3.0,3,Laptop & Accessory,3,Divorced,8,0,12.0,1.0,1.0,0.0,148
0,10.189899366380917,Computer,1,13.0,Cash on Delivery,Male,3.0,3,Mobile Phone,3,Married,2,0,13.0,0.0,1.0,0.0,113
0,50.0,Phone,1,6.0,Debit Card,Male,3.0,1,Laptop & Accessory,3,Divorced,1,0,24.0,1.0,2.0,8.0,149
0,22.0,Mobile Phone,1,13.0,Debit Card,Male,2.0,3,Fashion,4,Married,4,0,14.0,0.0,1.0,7.0,205
0,7.0,Computer,1,21.0,Credit Card,Male,3.0,3,Grocery,5,Married,8,0,14.0,1.7510234462225531,6.0,9.0,270
1,0.0,Computer,3,6.0,COD,Male,2.9315348837209303,3,Mobile,3,Divorced,4,0,15.0,1.0,1.0,2.0,129
1,0.0,Computer,3,19.0,COD,Female,2.0,3,Laptop & Accessory,4,Single,6,0,11.0,0.0,1.0,0.0,158
1,0.0,Phone,3,30.0,Credit Card,Female,2.0,4,Laptop & Accessory,4,Single,1,1,23.0,2.0,10.0,10.0,146
0,8.0,Phone,3,15.639895891429633,Debit Card,Male,3.0,3,Mobile,3,Divorced,2,0,13.0,1.0,1.0,0.0,124
1,0.0,Computer,1,15.0,CC,Male,2.0,3,Mobile,5,Single,3,1,11.0,0.0,1.0,0.0,132
0,10.189899366380917,Computer,3,19.0,Debit Card,Female,3.0,3,Mobile,4,Divorced,2,0,13.0,0.0,1.0,0.0,120
0,17.0,Computer,1,8.0,Credit Card,Male,2.0,3,Fashion,3,Single,6,1,18.0,0.0,2.0,2.0,202
0,2.0,Mobile Phone,3,25.0,Debit Card,Male,3.0,4,Laptop & Accessory,3,Married,2,0,14.0,1.0,1.0,4.0,186
0,10.189899366380917,Phone,2,6.0,Debit Card,Male,2.0,3,Mobile,3,Married,1,0,21.0,0.0,1.0,3.0,121
0,28.0,Phone,1,10.0,Debit Card,Male,1.0,3,Laptop & Accessory,3,Divorced,1,1,16.0,0.0,1.0,2.0,140
0,6.0,Phone,1,10.0,Credit Card,Female,2.0,4,Mobile Phone,4,Divorced,9,0,11.0,0.0,1.0,2.0,138
0,20.0,Phone,3,20.0,Credit Card,Female,3.0,3,Laptop & Accessory,3,Divorced,4,1,17.0,1.0,1.0,2.0,146
1,0.0,Computer,1,15.639895891429633,CC,Male,2.0,4,Mobile,5,Single,8,0,11.0,0.0,1.0,0.0,126
0,10.189899366380917,Mobile Phone,1,6.0,Debit Card,Male,3.0,4,Mobile Phone,3,Married,2,0,14.0,0.0,1.0,0.0,116
0,1.0,Computer,3,13.0,Debit Card,Male,2.0,3,Laptop & Accessory,5,Single,1,0,14.0,1.0,1.0,3.0,149
0,22.0,Phone,1,9.0,Credit Card,Female,2.0,4,Laptop & Accessory,5,Divorced,5,0,25.0,1.0,1.0,2.0,148
0,2.0,Computer,1,8.0,Debit Card,Female,3.0,3,Mobile,4,Divorced,1,0,13.0,0.0,1.0,2.0,132
0,1.0,Mobile Phone,1,35.0,Debit Card,Male,3.0,5,Laptop & Accessory,4,Divorced,2,0,14.0,1.0,1.0,7.0,165
0,6.0,Mobile Phone,1,14.0,Debit Card,Male,3.0,3,Laptop & Accessory,3,Single,3,1,17.0,0.0,1.0,0.0,164
0,5.0,Mobile Phone,1,16.0,Credit Card,Male,0.0,3,Fashion,1,Single,3,0,25.0,0.0,1.0,4.543490512868683,212
0,27.0,Computer,1,17.0,Credit Card,Female,2.0,3,Grocery,1,Married,4,0,20.0,1.0,3.0080044676098288,12.0,260
1,0.0,Phone,1,15.639895891429633,COD,Male,3.0,4,Mobile,5,Single,7,0,13.0,0.0,1.0,7.0,124
0,17.0,Mobile Phone,1,34.0,Debit Card,Male,2.0,3,Grocery,5,Divorced,4,0,13.0,1.7510234462225531,14.0,17.0,263
0,12.0,Mobile Phone,1,12.0,Debit Card,Female,2.0,3,Fashion,4,Single,5,0,18.0,0.0,2.0,2.0,184
0,19.0,Mobile Phone,3,9.0,Debit Card,Female,2.0,3,Grocery,4,Divorced,9,0,12.0,1.7510234462225531,5.0,1.0,266
0,8.0,Mobile Phone,1,22.0,Debit Card,Female,3.0,4,Fashion,4,Single,2,0,19.0,1.0,3.0,3.0,186
0,10.189899366380917,Phone,1,26.0,Debit Card,Male,3.0,3,Laptop & Accessory,3,Single,1,0,14.0,1.0,1.0,2.0,123
1,10.189899366380917,Mobile Phone,1,15.0,Debit Card,Male,2.0,3,Mobile,5,Single,4,0,14.0,1.0,1.0,0.0,120
0,7.0,Mobile Phone,3,6.0,COD,Male,3.0,4,Fashion,3,Divorced,2,1,14.0,7.0,8.0,6.0,171
1,0.0,Computer,1,9.0,Debit Card,Female,2.0,3,Mobile Phone,3,Single,2,0,12.0,6.0,7.0,7.0,141
0,23.0,Computer,1,28.0,Credit Card,Male,2.0,5,Grocery,1,Single,2,1,13.0,13.0,3.0080044676098288,9.0,244
0,10.189899366380917,Phone,3,13.0,COD,Male,2.0,3,Mobile,3,Married,1,1,25.0,0.0,5.0,7.0,123
0,15.0,Phone,1,8.0,Credit Card,Male,3.0,4,Mobile Phone,4,Married,5,0,14.0,1.0,1.0,0.0,148
0,10.0,Phone,1,19.0,Credit Card,Male,2.0,3,Laptop & Accessory,1,Married,2,0,17.0,0.0,3.0,7.0,143
0,2.0,Mobile Phone,1,14.0,UPI,Female,2.0,5,Laptop & Accessory,5,Married,4,0,13.0,0.0,1.0,7.0,197
0,6.0,Phone,1,31.0,Debit Card,Male,2.0,4,Laptop & Accessory,4,Single,2,0,13.0,0.0,1.0,2.0,143
0,10.189899366380917,Phone,1,34.0,Cash on Delivery,Male,3.0,3,Mobile,1,Married,5,0,20.0,1.0,1.0,3.0,121
0,15.0,Computer,1,8.0,Debit Card,Male,2.0,3,Fashion,1,Married,3,1,14.0,12.0,13.0,9.0,201
0,13.0,Mobile Phone,3,15.0,Credit Card,Male,2.0,3,Laptop & Accessory,5,Married,1,0,12.0,2.0,7.0,1.0,155
0,6.0,Mobile Phone,1,34.0,Debit Card,Male,3.0,3,Laptop & Accessory,3,Married,2,1,12.0,1.0,5.0,7.0,152
0,13.0,Mobile Phone,2,12.0,Credit Card,Male,2.0,3,Grocery,1,Single,2,1,21.0,1.7510234462225531,7.0,7.0,264
0,10.189899366380917,Phone,1,27.0,COD,Male,2.0,4,Mobile,5,Married,1,0,14.0,0.0,1.0,0.0,123
0,13.0,Computer,1,14.0,Debit Card,Male,3.0,3,Laptop & Accessory,1,Married,4,1,18.0,2.0,2.0,2.0,141
0,18.0,Mobile Phone,1,6.0,COD,Male,3.0,3,Fashion,4,Married,2,0,12.0,6.0,7.0,7.0,174
0,8.0,Phone,3,15.639895891429633,Debit Card,Female,3.0,4,Mobile,3,Married,1,0,23.0,2.0,4.0,2.0,124
0,5.0,Mobile Phone,1,11.0,Debit Card,Female,3.0,4,Laptop & Accessory,4,Married,4,0,12.0,1.0,2.0,5.0,159
0,9.0,Phone,3,15.639895891429633,Debit Card,Male,3.0,3,Mobile,1,Single,4,1,21.0,0.0,1.0,2.0,126
0,21.0,Mobile Phone,3,22.0,Debit Card,Female,3.0,3,Laptop & Accessory,3,Married,9,0,14.0,1.0,7.0,7.0,164
0,2.0,Phone,1,15.639895891429633,Debit Card,Male,3.0,1,Mobile,3,Married,7,0,18.0,1.0,1.0,0.0,125
0,6.0,Mobile Phone,3,14.0,Debit Card,Male,2.0,3,Laptop & Accessory,5,Married,3,0,13.0,2.0,2.0,2.0,164
1,0.0,Mobile Phone,3,6.0,Debit Card,Male,3.0,4,Laptop & Accessory,5,Married,2,0,11.0,3.0,6.0,7.0,197
0,11.0,Computer,2,16.0,UPI,Male,3.0,3,Laptop & Accessory,3,Married,4,0,11.0,0.0,1.0,2.0,161
0,8.0,Phone,1,15.639895891429633,CC,Male,3.0,4,Mobile,5,Single,2,0,19.0,0.0,1.0,2.0,125
0,3.0,Mobile Phone,3,35.0,COD,Male,2.0,3,Fashion,4,Married,4,0,12.0,0.0,1.0,3.0,193
1,10.189899366380917,Phone,1,8.0,Debit Card,Female,3.0,3,Mobile,5,Married,2,1,12.0,1.0,1.0,0.0,121
1,16.0,Mobile Phone,1,8.0,Cash on Delivery,Female,3.0,4,Fashion,1,Married,1,0,16.0,1.0,1.0,9.0,202
1,1.0,Phone,1,8.0,Credit Card,Male,2.0,3,Laptop & Accessory,4,Married,5,0,11.0,0.0,1.0,4.0,149
0,5.0,Computer,1,6.0,COD,Male,3.0,3,Laptop & Accessory,5,Married,5,0,14.0,1.0,1.0,2.0,141
0,21.0,Phone,1,15.639895891429633,UPI,Female,3.0,3,Mobile,5,Married,9,0,12.0,7.0,7.0,6.0,124
0,7.0,Phone,1,13.0,CC,Male,2.9315348837209303,3,Mobile,1,Single,2,0,13.0,0.0,1.0,0.0,130
0,28.0,Mobile Phone,3,32.0,E wallet,Male,2.0,4,Others,1,Married,2,0,15.707921714818266,2.0,2.0,13.0,296
0,7.0,Mobile Phone,1,6.0,Debit Card,Male,2.0,3,Laptop & Accessory,1,Married,10,0,17.0,1.0,2.0,1.0,155
0,10.189899366380917,Phone,1,9.0,Debit Card,Female,2.0,3,Mobile,1,Married,2,0,21.0,1.0,1.0,0.0,121
0,11.0,Mobile Phone,3,20.0,Debit Card,Male,3.0,3,Laptop & Accessory,4,Married,1,0,11.0,5.0,7.0,7.0,199
0,11.0,Phone,3,22.0,Debit Card,Female,2.0,3,Laptop & Accessory,4,Single,3,0,12.0,0.0,1.0,2.0,142
0,9.0,Mobile Phone,3,6.0,Debit Card,Female,3.0,3,Laptop & Accessory,3,Single,7,0,13.0,1.0,1.0,0.0,168
0,2.0,Phone,1,9.0,Credit Card,Male,2.0,3,Mobile Phone,5,Single,2,1,18.0,0.0,1.0,5.0,147
0,8.0,Mobile Phone,1,16.0,Credit Card,Female,2.0,3,Laptop & Accessory,3,Single,4,1,16.0,1.0,1.0,4.0,161
0,12.0,Mobile Phone,3,12.0,Credit Card,Male,2.0,1,Fashion,3,Married,3,0,11.0,4.0,7.0,6.0,182
0,2.0,Computer,1,8.0,Debit Card,Male,2.0,3,Laptop & Accessory,1,Married,2,0,19.0,0.0,1.0,3.0,189
0,23.0,Mobile Phone,3,5.0,E wallet,Male,2.0,3,Others,3,Married,5,1,15.707921714818266,0.0,1.0,0.0,293
0,10.189899366380917,Phone,1,16.0,Cash on Delivery,Male,2.0,1,Mobile,3,Married,3,0,16.0,2.0,2.0,2.0,121
0,9.0,Computer,1,12.0,Debit Card,Male,3.0,1,Laptop & Accessory,5,Married,4,1,13.0,1.0,1.0,2.0,156
0,15.0,Mobile Phone,1,15.0,UPI,Male,3.0,4,Others,1,Single,9,0,15.707921714818266,1.0,1.0,1.0,296
0,8.0,Phone,1,34.0,Debit Card,Male,2.0,1,Laptop & Accessory,3,Married,2,0,17.0,5.0,6.0,8.0,134
0,7.0,Computer,1,16.0,COD,Male,3.0,4,Laptop & Accessory,3,Married,2,0,14.0,2.0,7.0,7.0,151
0,13.0,Phone,3,20.0,Debit Card,Female,2.0,3,Laptop & Accessory,5,Married,2,0,15.0,0.0,1.0,2.0,146
0,16.0,Phone,1,33.0,COD,Male,2.0,1,Mobile Phone,4,Married,6,0,12.0,1.0,1.0,2.0,149
0,8.0,Phone,1,13.0,Debit Card,Male,2.9315348837209303,4,Mobile,1,Married,2,0,18.0,1.0,1.0,1.0,127
0,19.0,Mobile Phone,3,6.0,Debit Card,Male,2.0,1,Grocery,5,Single,2,0,15.0,1.7510234462225531,1.0,12.0,276
1,0.0,Phone,1,15.639895891429633,CC,Male,2.0,3,Mobile,4,Married,2,1,17.0,0.0,1.0,0.0,124
0,0.0,Computer,1,32.0,UPI,Female,2.9315348837209303,4,Mobile,3,Married,2,1,14.0,0.0,1.0,3.0,128
0,23.0,Computer,1,26.0,Credit Card,Male,2.0,3,Grocery,3,Married,3,1,15.0,3.0,12.0,4.543490512868683,212
0,5.0,Phone,1,11.0,UPI,Female,2.0,1,Mobile,1,Married,4,0,17.0,1.0,1.0,2.0,133
0,17.0,Mobile Phone,1,13.0,Credit Card,Female,2.0,3,Others,1,Married,1,1,14.0,1.7510234462225531,1.0,10.0,290
0,10.189899366380917,Phone,1,13.0,CC,Male,2.0,4,Mobile,4,Married,2,0,12.0,0.0,1.0,1.0,121
0,18.0,Mobile Phone,1,11.0,Credit Card,Female,2.0,5,Laptop & Accessory,5,Single,2,1,14.0,1.0,1.0,4.0,158
0,18.0,Computer,3,32.0,E wallet,Male,2.0,4,Laptop & Accessory,5,Married,2,0,15.0,0.0,4.0,5.0,144
0,4.0,Computer,3,8.0,UPI,Male,2.0,3,Laptop & Accessory,5,Single,8,0,13.0,0.0,1.0,3.0,153
0,9.0,Phone,1,18.0,Debit Card,Female,3.0,3,Laptop & Accessory,3,Married,10,1,12.0,0.0,1.0,1.0,147
0,7.0,Computer,1,16.0,Debit Card,Male,2.0,1,Laptop & Accessory,1,Married,2,0,13.0,5.0,7.0,2.0,147
0,22.0,Phone,1,31.0,Debit Card,Female,2.0,3,Mobile,5,Married,2,0,14.0,0.0,1.0,4.0,132
0,12.0,Mobile Phone,1,16.0,Credit Card,Male,3.0,3,Laptop & Accessory,5,Married,3,0,13.0,4.0,7.0,7.0,154
0,0.0,Phone,1,25.0,UPI,Male,3.0,4,Mobile Phone,5,Married,2,0,11.0,0.0,1.0,7.0,141
0,8.0,Mobile Phone,1,24.0,Debit Card,Male,2.0,1,Laptop & Accessory,5,Married,2,0,11.0,0.0,1.0,10.0,152
0,1.0,Mobile Phone,1,33.0,Credit Card,Female,2.0,5,Laptop & Accessory,5,Married,1,0,21.0,1.0,1.0,0.0,0
0,0.0,Phone,1,11.0,CC,Male,2.9315348837209303,3,Mobile,1,Single,2,0,18.0,1.0,2.0,2.0,131
1,10.189899366380917,Computer,3,9.0,Credit Card,Female,3.0,3,Mobile Phone,1,Single,2,1,12.0,0.0,1.0,0.0,116
0,20.0,Mobile Phone,2,32.0,Debit Card,Female,3.0,3,Others,3,Married,4,0,15.707921714818266,1.0,1.0,0.0,297
0,12.0,Phone,1,9.0,CC,Male,2.9315348837209303,4,Laptop & Accessory,3,Married,1,0,15.0,0.0,1.0,7.0,131
0,13.0,Mobile Phone,1,21.0,Debit Card,Female,3.0,4,Fashion,3,Married,2,0,13.0,1.0,14.0,12.0,204
0,8.0,Computer,1,14.0,Debit Card,Female,2.0,3,Laptop & Accessory,3,Married,2,0,12.0,2.0,2.0,9.0,141
0,10.0,Mobile Phone,1,25.0,Debit Card,Male,2.0,3,Laptop & Accessory,3,Married,4,0,17.0,0.0,1.0,2.0,158
0,12.0,Computer,1,10.0,Credit Card,Female,2.0,3,Laptop & Accessory,3,Single,1,0,13.0,3.0,3.0,8.0,150
0,18.0,Mobile Phone,1,8.0,UPI,Female,2.0,4,Laptop & Accessory,1,Married,2,0,19.0,2.0,3.0,9.0,158
0,11.0,Mobile Phone,1,8.0,Credit Card,Female,2.0,4,Fashion,3,Married,4,1,19.0,1.0,1.0,2.0,178
1,0.0,Mobile Phone,3,16.0,Credit Card,Male,2.0,4,Fashion,5,Married,10,0,17.0,4.0,6.0,0.0,203
0,10.0,Phone,1,16.0,Credit Card,Female,3.0,3,Mobile Phone,4,Married,2,0,11.0,1.0,7.0,7.0,139
0,13.0,Mobile Phone,1,22.0,Debit Card,Female,2.0,3,Fashion,1,Single,7,1,15.0,1.0,3.0,3.0,179
0,17.0,Computer,2,6.0,UPI,Male,2.0,3,Laptop & Accessory,1,Married,5,1,11.0,1.0,1.0,2.0,157
0,21.0,Computer,1,10.0,Credit Card,Male,2.0,4,Grocery,1,Married,3,0,25.0,2.0,3.0080044676098288,2.0,252
1,0.0,Mobile Phone,3,21.0,Credit Card,Male,2.0,5,Laptop & Accessory,1,Married,7,1,14.0,1.0,2.0,2.0,154
0,0.0,Computer,1,8.0,COD,Female,2.0,3,Mobile Phone,1,Single,2,1,13.0,1.0,1.0,3.0,138
0,0.0,Phone,1,14.0,Credit Card,Female,2.0,1,Mobile,3,Married,8,0,17.0,0.0,1.0,2.0,135
0,0.0,Computer,1,15.639895891429633,CC,Male,2.0,3,Mobile,1,Single,3,0,13.0,0.0,1.0,2.0,126
1,10.189899366380917,Phone,1,13.0,Debit Card,Male,3.0,3,Mobile,5,Single,4,1,14.0,0.0,1.0,3.0,122
0,2.0,Mobile Phone,3,16.0,Credit Card,Male,2.0,4,Laptop & Accessory,3,Single,10,0,11.0,1.0,1.0,4.0,159
0,9.0,Mobile Phone,1,11.0,Debit Card,Female,2.0,3,Fashion,5,Married,5,0,12.0,1.0,1.0,2.0,180
0,0.0,Computer,1,8.0,Debit Card,Male,3.0,1,Laptop & Accessory,3,Married,2,0,17.0,0.0,1.0,7.0,152
0,12.0,Mobile Phone,1,18.0,Credit Card,Male,3.0,3,Laptop & Accessory,4,Married,5,0,21.0,1.0,1.0,0.0,153
0,22.0,Mobile Phone,1,28.0,UPI,Female,3.0,3,Grocery,4,Married,4,0,16.0,1.7510234462225531,1.0,2.0,264
0,23.0,Mobile Phone,1,23.0,Debit Card,Female,2.0,4,Fashion,5,Married,6,0,15.0,1.0,3.0080044676098288,11.0,233
0,0.0,Phone,3,8.0,CC,Female,2.9315348837209303,3,Mobile,3,Single,2,0,19.0,0.0,2.0,2.0,128
0,7.0,Mobile Phone,1,9.0,Debit Card,Female,3.0,3,Laptop & Accessory,4,Married,2,0,12.0,7.0,7.0,9.0,154
0,10.189899366380917,Mobile Phone,1,13.0,Debit Card,Male,3.0,3,Mobile,4,Single,3,0,11.0,0.0,1.0,3.0,120
0,22.0,Mobile Phone,1,12.0,Debit Card,Female,2.0,4,Grocery,3,Married,3,1,19.0,1.0,3.0080044676098288,12.0,240
0,9.0,Computer,1,6.0,Credit Card,Female,2.0,4,Laptop & Accessory,3,Married,1,0,15.0,1.0,1.0,2.0,144
0,9.0,Mobile Phone,1,9.0,Debit Card,Male,3.0,1,Laptop & Accessory,5,Married,7,0,20.0,1.0,1.0,4.0,168
0,27.0,Mobile Phone,1,28.0,Credit Card,Female,3.0,3,Grocery,3,Married,4,0,25.0,1.7510234462225531,4.0,7.0,274
0,16.0,Mobile Phone,1,21.0,Debit Card,Male,3.0,4,Grocery,3,Married,2,0,24.0,1.7510234462225531,6.0,11.0,276
1,0.0,Computer,3,18.0,UPI,Male,2.0,3,Laptop & Accessory,1,Single,4,1,24.0,3.0,6.0,7.0,146
0,11.0,Computer,1,6.0,Debit Card,Male,2.0,3,Laptop & Accessory,1,Married,8,0,15.0,2.0,2.0,9.0,147
0,2.0,Phone,3,11.0,Credit Card,Male,2.0,4,Laptop & Accessory,4,Married,2,1,13.0,0.0,1.0,9.0,142
0,6.0,Mobile Phone,3,8.0,Credit Card,Male,3.0,3,Laptop & Accessory,1,Married,2,0,14.0,1.0,1.0,4.0,155
0,5.0,Mobile Phone,1,8.0,Credit Card,Male,2.0,3,Laptop & Accessory,4,Married,1,0,13.0,0.0,1.0,6.0,155
0,4.0,Mobile Phone,3,11.0,Debit Card,Female,3.0,3,Laptop & Accessory,1,Married,2,0,11.0,0.0,1.0,2.0,155
0,22.0,Phone,1,15.639895891429633,CC,Female,3.0,3,Mobile,5,Married,5,1,16.0,1.0,2.0,2.0,126
0,11.0,Computer,1,15.639895891429633,CC,Female,2.0,4,Mobile,4,Single,2,0,22.0,1.0,3.0,3.0,124
0,20.0,Mobile Phone,3,8.0,Debit Card,Female,2.0,1,Grocery,4,Married,7,0,14.0,0.0,3.0080044676098288,2.0,260
0,22.0,Mobile Phone,1,6.0,Debit Card,Male,2.0,3,Grocery,3,Single,5,0,14.0,1.0,3.0080044676098288,0.0,254
0,14.0,Mobile Phone,3,29.0,Debit Card,Male,3.0,3,Fashion,3,Single,4,1,16.0,0.0,1.0,2.0,171
0,0.0,Phone,3,15.0,Debit Card,Male,2.9315348837209303,3,Mobile,5,Single,2,0,11.0,0.0,1.0,2.0,127
0,6.0,Computer,3,22.0,Debit Card,Female,2.0,3,Laptop & Accessory,1,Married,2,1,25.0,0.0,1.0,2.0,154
0,9.0,Mobile Phone,1,32.0,Debit Card,Male,3.0,3,Laptop & Accessory,3,Married,7,0,14.0,1.0,1.0,2.0,153
0,17.0,Phone,2,6.0,Debit Card,Female,2.0,3,Mobile,1,Married,5,1,18.0,2.0,2.0,2.0,132
1,0.0,Phone,1,14.0,Credit Card,Male,3.0,4,Mobile Phone,3,Single,2,1,11.0,1.0,1.0,2.0,140
0,11.0,Phone,1,10.0,CC,Female,2.0,3,Mobile,3,Married,8,0,19.0,0.0,1.0,0.0,133
0,26.0,Mobile Phone,1,30.0,Credit Card,Male,2.0,1,Fashion,1,Married,4,0,15.0,0.0,1.0,2.0,170
1,11.0,Computer,3,15.639895891429633,CC,Female,3.0,3,Mobile,3,Married,3,1,11.0,4.0,7.0,7.0,127
1,10.189899366380917,Mobile Phone,1,8.0,Debit Card,Male,3.0,3,Mobile Phone,4,Single,2,0,12.0,1.0,1.0,0.0,114
0,0.0,Computer,1,15.639895891429633,CC,Male,3.0,3,Mobile,1,Single,2,0,20.0,5.0,5.0,7.0,126
0,28.0,Phone,1,28.0,COD,Male,3.0,4,Mobile,4,Married,6,0,12.0,1.0,1.0,2.0,135
0,7.0,Phone,1,11.0,Credit Card,Male,2.0,4,Laptop & Accessory,1,Married,2,0,14.0,4.0,4.0,13.0,140
0,30.0,Mobile Phone,1,6.0,Credit Card,Male,3.0,5,Fashion,1,Married,4,0,20.0,0.0,1.0,0.0,209
0,10.189899366380917,Phone,1,27.0,CC,Male,3.0,1,Mobile,4,Married,2,0,18.0,2.0,2.0,13.0,120
0,10.0,Computer,3,6.0,Credit Card,Male,2.0,5,Laptop & Accessory,1,Married,2,0,14.0,0.0,1.0,3.0,195
0,7.0,Phone,1,25.0,Debit Card,Female,2.9315348837209303,4,Mobile,1,Married,2,0,12.0,3.0,8.0,7.0,129
1,10.189899366380917,Phone,3,13.0,Debit Card,Male,2.0,3,Mobile,1,Married,2,1,21.0,1.0,1.0,2.0,123
0,17.0,Mobile Phone,1,8.0,Debit Card,Female,3.0,1,Fashion,1,Married,2,1,19.0,6.0,6.0,7.0,179
0,8.0,Computer,1,8.0,Credit Card,Male,3.0,4,Mobile Phone,1,Single,1,1,14.0,1.0,1.0,4.0,149
0,16.0,Mobile Phone,3,8.0,Credit Card,Male,3.0,3,Laptop & Accessory,1,Married,2,1,17.0,0.0,8.0,8.0,178
0,0.0,Phone,1,15.0,Credit Card,Male,3.0,1,Mobile Phone,3,Married,2,0,16.0,0.0,1.0,4.0,144
0,14.0,Mobile Phone,3,12.0,E wallet,Male,2.0,3,Fashion,3,Single,2,0,12.0,6.0,8.0,7.0,192
0,2.0,Phone,1,15.0,CC,Female,2.9315348837209303,3,Mobile,3,Married,10,0,17.0,1.0,1.0,2.0,130
0,9.0,Phone,3,8.0,Debit Card,Female,2.0,3,Laptop & Accessory,1,Single,4,0,15.0,3.0,6.0,7.0,145
0,18.0,Computer,1,6.0,Debit Card,Male,3.0,4,Fashion,3,Married,4,0,23.0,3.0,14.0,4.0,207
1,10.189899366380917,Mobile Phone,2,28.0,UPI,Male,2.0,5,Mobile Phone,3,Married,2,0,11.0,0.0,1.0,0.0,116
1,10.0,Computer,3,15.0,Debit Card,Male,2.0,5,Grocery,3,Married,8,0,11.0,1.0,14.0,4.543490512868683,229
0,10.189899366380917,Phone,1,23.0,CC,Male,3.0,5,Mobile,3,Married,2,0,15.0,0.0,1.0,2.0,123
0,18.0,Mobile Phone,1,34.0,Cash on Delivery,Female,2.0,4,Grocery,4,Single,2,0,11.0,1.7510234462225531,8.0,6.0,267
0,5.0,Computer,1,16.0,Debit Card,Male,2.0,3,Mobile,3,Married,7,0,13.0,0.0,1.0,3.0,134
0,4.0,Phone,1,8.0,Debit Card,Male,3.0,3,Mobile,3,Married,2,0,14.0,0.0,1.0,3.0,135
0,14.0,Computer,2,10.0,UPI,Male,2.0,5,Laptop & Accessory,4,Married,7,0,19.0,0.0,1.0,2.0,164
0,13.0,Mobile Phone,1,14.0,Debit Card,Female,3.0,3,Laptop & Accessory,5,Married,3,1,16.0,0.0,1.0,0.0,165
0,0.0,Phone,1,35.0,Credit Card,Male,3.0,3,Mobile Phone,5,Married,2,0,13.0,1.0,1.0,2.0,139
0,19.0,Mobile Phone,1,19.0,Debit Card,Male,2.0,3,Laptop & Accessory,4,Single,7,0,14.0,1.0,1.0,9.0,156
0,8.0,Mobile Phone,1,33.0,Debit Card,Male,2.0,3,Laptop & Accessory,3,Married,3,0,16.0,0.0,1.0,7.0,169
0,3.0,Phone,1,22.0,Debit Card,Male,2.9315348837209303,3,Mobile,1,Married,2,0,12.0,0.0,1.0,8.0,129
0,20.0,Computer,3,8.0,E wallet,Male,2.0,3,Laptop & Accessory,4,Married,8,0,11.0,0.0,1.0,0.0,150
0,19.0,Mobile Phone,3,8.0,Debit Card,Male,3.0,3,Fashion,1,Married,5,1,12.0,0.0,1.0,3.0,204
1,0.0,Mobile Phone,3,19.0,E wallet,Male,3.0,4,Laptop & Accessory,5,Married,6,1,13.0,2.0,2.0,2.0,161
1,0.0,Mobile Phone,3,6.0,Debit Card,Male,2.0,5,Laptop & Accessory,4,Single,7,0,15.0,0.0,1.0,0.0,167
0,0.0,Phone,1,10.0,CC,Female,2.0,3,Mobile,4,Single,2,0,13.0,1.0,1.0,2.0,133
0,4.0,Computer,1,30.0,COD,Female,1.0,3,Laptop & Accessory,1,Single,3,0,20.0,1.0,1.0,4.0,152
0,12.0,Computer,1,6.0,Debit Card,Male,3.0,3,Laptop & Accessory,1,Married,2,1,15.0,3.0,5.0,8.0,165
0,5.0,Mobile Phone,3,25.0,Debit Card,Male,3.0,5,Fashion,3,Married,4,0,13.0,1.0,1.0,2.0,196
0,13.0,Mobile Phone,3,13.0,Credit Card,Male,2.0,3,Others,4,Single,2,0,15.707921714818266,1.0,12.0,8.0,298
0,18.0,Mobile Phone,2,10.0,Debit Card,Female,2.0,5,Fashion,3,Married,5,0,21.0,1.0,1.0,3.0,198
0,3.0,Computer,1,8.0,COD,Female,3.0,4,Mobile Phone,5,Single,1,0,16.0,0.0,1.0,7.0,150
0,10.189899366380917,Computer,2,16.0,CC,Male,2.0,3,Mobile,1,Married,1,0,14.0,1.0,2.0,1.0,121
1,10.189899366380917,Computer,2,14.0,UPI,Female,3.0,4,Mobile,1,Married,7,0,11.0,1.0,1.0,2.0,122
0,4.0,Mobile Phone,3,11.0,COD,Male,2.0,3,Laptop & Accessory,3,Married,2,0,19.0,0.0,1.0,2.0,183
0,0.0,Phone,1,14.0,CC,Female,3.0,3,Mobile,1,Single,2,0,11.0,1.0,1.0,4.0,134
1,0.0,Phone,3,15.0,E wallet,Female,2.9315348837209303,5,Mobile,4,Single,2,0,13.0,1.0,2.0,2.0,128
0,2.0,Computer,1,6.0,Debit Card,Male,3.0,1,Laptop & Accessory,3,Single,9,1,12.0,0.0,1.0,2.0,163
0,3.0,Mobile Phone,3,21.0,E wallet,Male,3.0,4,Fashion,5,Married,3,0,11.0,0.0,1.0,7.0,171
0,7.0,Phone,1,8.0,CC,Male,2.9315348837209303,1,Mobile,1,Married,1,1,14.0,0.0,1.0,2.0,129
0,6.0,Computer,3,8.0,E wallet,Female,3.0,3,Laptop & Accessory,4,Single,9,0,15.0,0.0,1.0,7.0,151
0,22.0,Phone,3,17.0,E wallet,Female,3.0,3,Laptop & Accessory,1,Single,4,0,12.0,0.0,1.0,4.0,145
1,0.0,Mobile Phone,3,22.0,Debit Card,Female,3.0,3,Fashion,5,Single,3,1,20.0,0.0,1.0,0.0,186
0,11.0,Computer,1,15.639895891429633,CC,Female,3.0,4,Mobile,4,Married,5,0,14.0,0.0,1.0,5.0,125
1,0.0,Mobile Phone,3,22.0,E wallet,Male,3.0,3,Fashion,3,Married,3,0,13.0,1.0,1.0,0.0,182
0,10.189899366380917,Phone,1,10.0,Cash on Delivery,Female,3.0,4,Mobile,5,Married,2,0,13.0,0.0,1.0,0.0,121
0,0.0,Mobile Phone,1,22.0,Debit Card,Male,2.0,1,Laptop & Accessory,3,Married,4,0,16.0,1.0,1.0,7.0,153
0,5.0,Computer,1,11.0,COD,Male,2.9315348837209303,3,Mobile,4,Single,3,0,14.0,1.0,1.0,7.0,127
0,11.0,Mobile Phone,1,24.0,Credit Card,Male,2.0,5,Laptop & Accessory,1,Married,4,1,16.0,0.0,1.0,0.0,158
1,6.0,Computer,1,15.639895891429633,COD,Male,2.0,4,Mobile,3,Married,10,1,16.0,1.0,1.0,0.0,124
0,15.0,Phone,1,18.0,CC,Male,2.9315348837209303,3,Mobile,4,Married,9,0,22.0,1.0,1.0,4.0,128
0,28.0,Mobile Phone,1,8.0,Credit Card,Male,2.0,4,Others,5,Married,9,0,12.0,1.7510234462225531,1.0,0.0,290
0,6.0,Computer,1,10.0,COD,Male,2.9315348837209303,3,Laptop & Accessory,4,Married,6,0,15.0,0.0,1.0,7.0,131
0,10.189899366380917,Phone,1,15.0,Debit Card,Male,3.0,3,Mobile,5,Married,2,0,20.0,1.0,1.0,4.0,123
0,7.0,Computer,3,16.0,Debit Card,Male,2.0,3,Laptop & Accessory,3,Married,2,1,14.0,1.0,1.0,7.0,140
0,26.0,Computer,1,6.0,Credit Card,Female,2.0,4,Grocery,3,Married,5,1,20.0,0.0,1.0,4.543490512868683,230
0,16.0,Phone,2,8.0,Debit Card,Male,3.0,3,Mobile,1,Single,1,0,13.0,0.0,1.0,8.0,135
0,7.0,Mobile Phone,3,9.0,Debit Card,Female,2.0,5,Laptop & Accessory,1,Single,6,0,12.0,1.0,2.0,2.0,160
1,0.0,Phone,3,13.0,E wallet,Male,2.9315348837209303,3,Mobile,4,Single,2,0,13.0,1.0,1.0,0.0,127
0,11.0,Phone,1,12.0,UPI,Female,2.0,4,Mobile Phone,3,Married,2,0,11.0,0.0,1.0,4.0,137
1,0.0,Phone,1,15.639895891429633,CC,Female,3.0,3,Mobile,5,Married,2,1,17.0,0.0,1.0,0.0,124
0,4.0,Mobile Phone,3,35.0,E wallet,Female,3.0,4,Laptop & Accessory,1,Married,2,0,14.0,2.0,5.0,7.0,155
0,24.0,Mobile Phone,1,9.0,Cash on Delivery,Female,2.0,3,Fashion,3,Married,3,0,11.0,2.0,2.0,4.543490512868683,231
0,10.0,Phone,3,15.0,E wallet,Male,2.0,4,Laptop & Accessory,4,Married,2,0,14.0,0.0,1.0,3.0,142
0,19.0,Mobile Phone,1,8.0,Credit Card,Male,2.0,3,Others,1,Married,8,1,15.707921714818266,1.0,2.0,2.0,293
0,9.0,Mobile Phone,1,16.0,Debit Card,Male,2.0,3,Fashion,5,Married,8,1,13.0,1.0,5.0,7.0,183
1,7.0,Computer,1,15.639895891429633,CC,Male,2.0,3,Mobile,4,Married,2,1,12.0,1.0,2.0,3.0,123
0,10.0,Phone,2,14.0,UPI,Male,2.0,3,Laptop & Accessory,4,Married,3,0,13.0,4.0,4.0,7.0,141
1,0.0,Mobile Phone,3,33.0,Debit Card,Male,2.0,3,Laptop & Accessory,1,Single,2,1,18.0,0.0,7.0,7.0,158
0,6.0,Phone,1,14.0,Debit Card,Male,2.9315348837209303,1,Mobile,5,Married,7,0,19.0,6.0,7.0,6.0,131
0,10.189899366380917,Phone,1,6.0,Debit Card,Male,2.0,3,Mobile,1,Married,2,0,11.0,0.0,1.0,3.0,120
0,12.0,Mobile Phone,1,16.0,Credit Card,Male,3.0,3,Fashion,3,Single,8,0,21.0,2.0,3.0080044676098288,2.0,235
0,19.0,Computer,3,32.0,Debit Card,Male,3.0,4,Laptop & Accessory,4,Single,9,0,15.0,2.0,2.0,2.0,180
0,13.0,Phone,1,8.0,Debit Card,Female,2.0,3,Mobile,5,Married,5,0,17.0,1.0,1.0,2.0,134
0,15.0,Mobile Phone,1,19.0,Credit Card,Male,3.0,1,Laptop & Accessory,5,Married,6,0,18.0,1.0,1.0,0.0,155
0,8.0,Computer,1,8.0,Credit Card,Male,2.0,3,Laptop & Accessory,1,Married,3,0,14.0,0.0,1.0,7.0,158
0,11.0,Computer,2,15.639895891429633,UPI,Male,3.0,3,Mobile,4,Married,6,0,13.0,3.0,3.0,8.0,126
1,0.0,Computer,1,15.0,Debit Card,Male,3.0,3,Laptop & Accessory,5,Married,5,0,17.0,0.0,1.0,7.0,153
1,0.0,Phone,1,16.0,Credit Card,Male,2.0,3,Laptop & Accessory,5,Single,2,0,15.0,0.0,1.0,8.0,142
0,12.0,Computer,3,26.0,Debit Card,Male,2.0,3,Laptop & Accessory,1,Married,3,0,18.0,1.0,2.0,2.0,141
0,16.0,Computer,1,15.639895891429633,Debit Card,Male,2.0,3,Mobile,3,Single,5,0,13.0,0.0,1.0,2.0,124
0,14.0,Mobile Phone,1,11.0,Debit Card,Male,2.0,1,Laptop & Accessory,4,Single,4,0,12.0,1.0,1.0,2.0,169
0,14.0,Mobile Phone,3,10.0,E wallet,Female,2.0,3,Fashion,3,Married,1,1,13.0,0.0,13.0,5.0,204
0,3.0,Mobile Phone,1,16.0,Credit Card,Female,3.0,3,Fashion,3,Single,10,0,14.0,0.0,1.0,2.0,197
1,10.189899366380917,Phone,2,26.0,CC,Female,3.0,3,Mobile,4,Married,1,1,11.0,0.0,1.0,4.0,121
1,9.0,Mobile Phone,1,27.0,Credit Card,Female,3.0,3,Laptop & Accessory,4,Married,5,0,22.0,1.0,3.0,7.0,189
0,13.0,Mobile Phone,1,6.0,Debit Card,Female,2.0,3,Laptop & Accessory,1,Married,5,0,17.0,0.0,1.0,3.0,165
0,7.0,Mobile Phone,3,14.0,COD,Male,3.0,1,Laptop & Accessory,3,Married,2,0,21.0,0.0,4.0,8.0,168
0,30.0,Computer,3,8.0,Credit Card,Male,2.0,3,Grocery,4,Married,5,0,22.0,10.0,14.0,14.0,0
0,8.0,Phone,1,29.0,CC,Male,2.9315348837209303,5,Mobile,3,Married,1,0,16.0,1.0,1.0,3.0,127
0,20.0,Mobile Phone,1,10.0,Debit Card,Female,3.0,4,Fashion,4,Married,9,1,12.0,2.0,14.0,10.0,203
0,13.0,Phone,1,18.0,Debit Card,Female,2.0,3,Laptop & Accessory,5,Married,3,0,12.0,7.0,7.0,7.0,144
0,27.0,Mobile Phone,1,13.0,Credit Card,Female,3.0,3,Laptop & Accessory,1,Married,5,0,15.0,1.0,1.0,7.0,169
0,4.0,Computer,3,13.0,E wallet,Female,3.0,3,Fashion,5,Married,3,0,14.0,2.0,2.0,2.0,196
0,1.0,Phone,1,6.0,Credit Card,Female,3.0,3,Mobile Phone,5,Married,2,0,25.0,1.0,1.0,2.0,136
0,11.0,Mobile Phone,3,8.0,E wallet,Female,3.0,5,Laptop & Accessory,1,Married,3,1,20.0,0.0,1.0,3.0,154
0,0.0,Phone,3,16.0,Credit Card,Male,2.0,3,Laptop & Accessory,1,Single,2,0,13.0,0.0,1.0,2.0,147
0,30.0,Computer,1,21.0,Debit Card,Male,2.0,3,Grocery,3,Married,3,1,14.0,1.0,3.0080044676098288,2.0,258
0,10.189899366380917,Computer,1,20.0,Credit Card,Female,2.0,3,Mobile Phone,3,Single,2,0,16.0,1.0,1.0,0.0,115
1,0.0,Phone,2,24.0,UPI,Male,2.9315348837209303,1,Mobile,5,Married,1,0,17.0,1.0,1.0,0.0,130
1,0.0,Phone,2,15.639895891429633,UPI,Male,2.0,4,Mobile,5,Married,5,1,15.0,1.0,2.0,0.0,123
0,18.0,Computer,3,8.0,Debit Card,Female,3.0,3,Laptop & Accessory,3,Married,5,0,22.0,3.0,5.0,7.0,152
0,9.0,Mobile Phone,1,8.0,UPI,Female,3.0,3,Laptop & Accessory,4,Married,5,1,22.0,0.0,1.0,0.0,170
0,16.0,Computer,3,8.0,Debit Card,Male,3.0,3,Laptop & Accessory,1,Married,2,0,20.0,5.0,7.0,7.0,157
0,0.0,Computer,1,15.639895891429633,Debit Card,Female,2.0,3,Mobile,1,Single,1,1,14.0,1.0,1.0,2.0,124
0,2.0,Computer,1,26.0,Credit Card,Male,2.0,3,Mobile Phone,1,Married,2,0,13.0,1.0,3.0,10.0,138
0,5.0,Computer,3,16.0,E wallet,Male,3.0,3,Laptop & Accessory,1,Single,9,0,13.0,1.0,1.0,0.0,146
0,15.0,Computer,1,16.0,COD,Male,2.9315348837209303,3,Mobile,3,Married,4,0,22.0,1.0,3.0,3.0,129
0,10.189899366380917,Phone,1,15.0,Debit Card,Female,3.0,3,Mobile,3,Single,5,0,12.0,1.0,2.0,0.0,121
0,19.0,Mobile Phone,1,8.0,Debit Card,Male,2.0,3,Fashion,1,Married,4,0,14.0,1.0,4.0,7.0,186
0,1.0,Computer,2,6.0,Debit Card,Male,2.9315348837209303,3,Mobile,1,Married,2,0,15.0,0.0,2.0,2.0,127
0,2.0,Mobile Phone,1,35.0,Debit Card,Male,3.0,5,Laptop & Accessory,3,Married,9,0,17.0,1.0,1.0,6.0,164
0,15.0,Phone,1,14.0,Debit Card,Male,2.0,3,Mobile Phone,3,Single,5,0,13.0,1.0,1.0,0.0,140
1,0.0,Mobile Phone,3,8.0,E wallet,Male,2.0,4,Laptop & Accessory,4,Single,8,1,12.0,2.0,2.0,2.0,199
0,19.0,Mobile Phone,3,9.0,Cash on Delivery,Female,2.0,1,Grocery,5,Married,3,0,12.0,1.0,3.0080044676098288,8.0,232
0,0.0,Phone,3,29.0,Credit Card,Female,2.0,4,Laptop & Accessory,3,Married,2,0,21.0,4.0,5.0,8.0,135
0,2.0,Phone,2,12.0,CC,Male,2.9315348837209303,4,Mobile,4,Married,2,0,11.0,1.0,1.0,0.0,128
0,16.0,Mobile Phone,1,12.0,Credit Card,Female,2.0,4,Others,3,Married,8,0,15.707921714818266,3.0,6.0,14.0,294
0,21.0,Mobile Phone,1,16.0,Debit Card,Male,3.0,4,Others,4,Married,5,0,15.707921714818266,3.0,12.0,9.0,297
1,0.0,Computer,1,15.639895891429633,Debit Card,Male,3.0,4,Mobile,1,Single,2,1,24.0,1.0,1.0,0.0,124
1,9.0,Mobile Phone,3,16.0,Debit Card,Female,3.0,3,Fashion,4,Married,6,0,21.0,0.0,1.0,7.0,173
0,0.0,Computer,1,21.0,Debit Card,Female,3.0,4,Mobile Phone,5,Married,1,0,19.0,7.0,7.0,3.0,148
0,12.0,Phone,1,25.0,UPI,Male,2.0,3,Laptop & Accessory,1,Married,9,0,14.0,1.0,2.0,2.0,139
0,28.0,Phone,1,8.0,COD,Male,2.9315348837209303,4,Mobile,1,Married,9,0,20.0,0.0,1.0,4.0,127
0,1.0,Phone,3,9.0,CC,Female,2.9315348837209303,3,Mobile,4,Married,2,0,19.0,1.0,1.0,0.0,129
1,0.0,Mobile Phone,3,15.0,Credit Card,Male,2.0,3,Mobile Phone,1,Single,2,0,13.0,0.0,1.0,0.0,111
1,0.0,Phone,1,15.639895891429633,Debit Card,Male,3.0,3,Mobile,4,Single,2,1,23.0,1.0,1.0,0.0,125
0,9.0,Mobile Phone,3,16.0,COD,Female,3.0,4,Laptop & Accessory,3,Married,2,1,13.0,1.0,1.0,7.0,157
0,4.0,Phone,1,26.0,Debit Card,Male,2.0,3,Laptop & Accessory,3,Married,2,0,11.0,0.0,1.0,2.0,142
0,7.0,Mobile Phone,3,10.0,Debit Card,Male,3.0,3,Fashion,1,Married,3,1,13.0,0.0,1.0,0.0,197
0,10.189899366380917,Phone,1,13.0,Debit Card,Male,2.0,3,Mobile,5,Single,4,0,14.0,0.0,1.0,2.0,121
0,10.0,Phone,1,13.0,Credit Card,Male,3.0,3,Laptop & Accessory,5,Married,6,1,22.0,0.0,1.0,4.0,143
0,8.0,Phone,1,22.0,UPI,Female,2.0,4,Laptop & Accessory,4,Married,1,1,11.0,1.0,1.0,2.0,148
0,18.0,Mobile Phone,1,31.0,Debit Card,Female,3.0,4,Laptop & Accessory,1,Married,1,0,13.0,0.0,3.0,8.0,159
0,9.0,Computer,2,8.0,UPI,Male,3.0,4,Laptop & Accessory,1,Single,2,0,21.0,1.0,1.0,8.0,139
0,13.0,Mobile Phone,1,6.0,Debit Card,Male,3.0,3,Grocery,5,Married,3,0,11.0,1.7510234462225531,11.0,16.0,268
0,0.0,Phone,1,6.0,Debit Card,Female,2.9315348837209303,4,Mobile,3,Married,2,1,13.0,0.0,1.0,0.0,129
0,0.0,Mobile Phone,3,8.0,Credit Card,Female,2.0,1,Laptop & Accessory,3,Single,1,0,14.0,0.0,1.0,7.0,165
0,21.0,Computer,1,28.0,Credit Card,Female,2.0,3,Grocery,1,Married,4,0,11.0,1.7510234462225531,4.0,7.0,272
0,17.0,Mobile Phone,1,6.0,Debit Card,Male,3.0,1,Laptop & Accessory,5,Married,3,0,15.0,2.0,2.0,2.0,150
1,10.189899366380917,Computer,1,22.0,COD,Male,2.0,5,Mobile,5,Married,2,1,23.0,3.0,3.0,0.0,123
1,19.0,Phone,1,15.639895891429633,Debit Card,Male,3.0,3,Mobile,1,Single,2,0,16.0,0.0,1.0,0.0,126
0,9.0,Mobile Phone,3,23.0,E wallet,Male,2.0,4,Laptop & Accessory,4,Married,3,0,16.0,1.0,1.0,3.0,155
0,14.0,Phone,3,14.0,E wallet,Female,2.0,3,Laptop & Accessory,4,Married,6,0,21.0,1.0,1.0,4.0,144
0,15.0,Mobile Phone,1,12.0,Credit Card,Male,2.0,3,Fashion,5,Married,10,0,13.0,3.0,3.0080044676098288,7.0,233
0,4.0,Mobile Phone,3,16.0,Credit Card,Female,2.0,3,Laptop & Accessory,1,Married,3,1,11.0,0.0,1.0,4.0,166
0,7.0,Mobile Phone,3,9.0,Credit Card,Female,3.0,4,Laptop & Accessory,1,Married,4,1,12.0,0.0,1.0,1.0,181
0,4.0,Phone,1,10.0,Credit Card,Female,3.0,1,Mobile Phone,3,Married,9,0,12.0,2.0,2.0,2.0,140
0,0.0,Computer,1,15.639895891429633,UPI,Male,3.0,1,Mobile,1,Married,1,0,18.0,2.0,7.0,7.0,125
0,18.0,Computer,1,6.0,Credit Card,Male,2.0,3,Laptop & Accessory,3,Single,5,0,12.0,1.0,1.0,3.0,154
0,6.0,Mobile Phone,3,16.0,E wallet,Male,2.0,3,Laptop & Accessory,3,Single,2,0,14.0,0.0,1.0,9.0,155
0,1.0,Computer,3,6.0,Debit Card,Male,2.0,4,Laptop & Accessory,1,Married,2,1,12.0,0.0,1.0,7.0,168
1,0.0,Computer,3,30.0,Cash on Delivery,Male,2.0,1,Mobile Phone,5,Single,2,0,17.0,1.0,1.0,0.0,111
0,12.0,Computer,3,27.0,Debit Card,Female,2.0,5,Laptop & Accessory,3,Married,7,0,19.0,0.0,1.0,2.0,157
0,10.189899366380917,Phone,1,8.0,COD,Male,2.0,3,Mobile,4,Married,2,0,11.0,1.0,1.0,2.0,122
0,7.0,Computer,1,28.0,UPI,Male,2.0,4,Laptop & Accessory,1,Married,2,1,15.0,3.0,6.0,11.0,157
1,0.0,Mobile Phone,3,19.0,E wallet,Female,2.0,3,Laptop & Accessory,3,Single,4,1,11.0,2.0,2.0,2.0,199
0,20.0,Computer,1,20.0,COD,Male,3.0,3,Laptop & Accessory,4,Married,9,0,18.0,0.0,1.0,7.0,155
0,29.0,Mobile Phone,3,17.0,E wallet,Female,2.0,4,Laptop & Accessory,5,Married,5,0,16.0,0.0,1.0,0.0,154
0,12.0,Mobile Phone,1,15.0,Credit Card,Male,2.0,3,Laptop & Accessory,5,Married,2,0,25.0,4.0,7.0,9.0,152
0,10.189899366380917,Computer,1,14.0,CC,Female,2.0,4,Laptop & Accessory,4,Married,2,1,16.0,1.0,1.0,7.0,121
0,30.0,Mobile Phone,3,27.0,Debit Card,Female,3.0,3,Grocery,1,Married,5,1,13.0,1.7510234462225531,1.0,0.0,279
1,0.0,Computer,1,15.639895891429633,Debit Card,Female,2.0,1,Mobile,3,Single,4,1,14.0,0.0,1.0,3.0,124
0,11.0,Phone,1,15.0,Debit Card,Male,3.0,3,Mobile Phone,1,Married,3,0,19.0,1.0,1.0,3.0,148
0,22.0,Computer,1,8.0,Debit Card,Male,2.0,3,Others,1,Married,4,0,15.0,1.7510234462225531,4.0,3.0,292
0,15.0,Mobile Phone,3,18.0,E wallet,Male,3.0,3,Laptop & Accessory,1,Married,4,1,12.0,0.0,1.0,0.0,151
1,0.0,Computer,2,28.0,UPI,Female,2.9315348837209303,4,Mobile,4,Married,2,0,12.0,1.0,1.0,0.0,129
0,8.0,Mobile Phone,3,24.0,Credit Card,Male,3.0,3,Laptop & Accessory,5,Married,1,0,16.0,0.0,1.0,4.0,0
0,10.189899366380917,Computer,1,22.0,CC,Male,2.0,3,Mobile,3,Single,2,0,14.0,0.0,1.0,4.0,121
0,4.0,Computer,1,9.0,CC,Male,2.9315348837209303,3,Mobile,5,Married,2,1,13.0,0.0,2.0,3.0,131
0,9.0,Computer,1,15.0,Debit Card,Male,2.9315348837209303,1,Mobile,4,Married,2,0,22.0,1.0,1.0,2.0,128
0,7.0,Mobile Phone,3,6.0,E wallet,Male,2.0,3,Fashion,1,Single,2,0,21.0,1.0,2.0,1.0,199
0,7.0,Mobile Phone,3,19.0,Credit Card,Male,2.0,3,Fashion,3,Married,2,0,18.0,1.0,1.0,1.0,186
0,0.0,Phone,1,6.0,CC,Male,2.9315348837209303,3,Mobile,5,Single,1,0,13.0,3.0,7.0,6.0,129
0,2.0,Mobile Phone,1,6.0,Debit Card,Male,2.0,3,Laptop & Accessory,5,Married,1,0,12.0,1.0,1.0,2.0,154
0,5.0,Computer,1,21.0,Credit Card,Female,2.0,3,Laptop & Accessory,1,Married,6,0,18.0,0.0,1.0,2.0,167
0,4.0,Computer,1,6.0,Debit Card,Male,2.0,5,Laptop & Accessory,5,Married,2,0,21.0,1.0,8.0,7.0,150
1,0.0,Phone,1,15.639895891429633,COD,Male,2.0,4,Mobile,1,Married,6,0,12.0,0.0,1.0,3.0,124
0,11.0,Phone,3,6.0,Debit Card,Male,2.9315348837209303,4,Mobile,5,Single,5,0,14.0,0.0,1.0,0.0,129
0,8.0,Mobile Phone,3,13.0,Debit Card,Female,2.0,3,Laptop & Accessory,1,Married,2,1,11.0,1.0,1.0,9.0,152
0,0.0,Phone,3,15.0,E wallet,Male,2.0,3,Laptop & Accessory,1,Single,2,0,14.0,0.0,1.0,7.0,141
0,5.0,Mobile Phone,1,11.0,Debit Card,Male,2.0,4,Laptop & Accessory,1,Single,9,0,24.0,0.0,1.0,0.0,197
1,0.0,Computer,3,32.0,E wallet,Male,3.0,3,Laptop & Accessory,1,Married,2,1,11.0,0.0,1.0,8.0,156
1,16.0,Mobile Phone,3,30.0,Debit Card,Male,3.0,3,Fashion,5,Single,7,1,13.0,2.0,2.0,2.0,204
0,27.0,Phone,1,15.0,Debit Card,Female,2.9315348837209303,3,Laptop & Accessory,3,Married,4,0,11.0,0.0,2.0,3.0,129
0,6.0,Computer,1,13.0,Debit Card,Male,2.0,3,Laptop & Accessory,3,Married,2,0,20.0,2.0,2.0,8.0,160
0,16.0,Mobile Phone,1,17.0,Debit Card,Male,1.0,3,Fashion,3,Married,2,0,17.0,1.0,1.0,9.0,175
0,11.0,Computer,2,6.0,UPI,Male,2.9315348837209303,3,Mobile,4,Married,1,1,11.0,1.0,1.0,2.0,130
0,28.0,Mobile Phone,2,32.0,UPI,Male,3.0,1,Others,4,Married,5,1,15.707921714818266,1.0,1.0,4.0,296
0,4.0,Mobile Phone,1,8.0,Credit Card,Female,2.0,5,Mobile Phone,1,Married,2,1,11.0,1.0,1.0,0.0,111
0,12.0,Mobile Phone,3,21.0,E wallet,Male,3.0,3,Grocery,5,Single,1,0,12.0,4.0,3.0080044676098288,10.0,233
0,15.0,Computer,1,29.0,Debit Card,Male,2.0,4,Laptop & Accessory,3,Single,2,0,12.0,2.0,3.0,7.0,143
0,4.0,Computer,1,16.0,Credit Card,Female,2.0,3,Fashion,3,Married,5,0,20.0,3.0,4.0,4.543490512868683,210
0,27.0,Phone,1,16.0,Credit Card,Female,3.0,3,Laptop & Accessory,5,Single,7,1,19.0,0.0,1.0,4.0,144
0,0.0,Phone,1,6.0,Debit Card,Male,2.0,4,Laptop & Accessory,3,Single,2,0,12.0,1.0,1.0,2.0,146
0,0.0,Phone,1,15.639895891429633,UPI,Male,3.0,3,Mobile,1,Single,2,0,13.0,1.0,1.0,4.0,126
0,13.0,Computer,1,17.0,COD,Female,3.0,3,Laptop & Accessory,3,Married,2,0,11.0,2.0,9.0,4.0,163
0,13.0,Mobile Phone,3,8.0,E wallet,Female,3.0,3,Laptop & Accessory,4,Married,4,0,14.0,1.0,5.0,10.0,157
0,10.189899366380917,Phone,2,8.0,UPI,Female,2.0,3,Mobile,4,Married,5,0,14.0,0.0,1.0,2.0,122
0,3.0,Phone,1,6.0,Credit Card,Male,3.0,3,Mobile Phone,4,Married,2,0,13.0,0.0,1.0,7.0,137
0,0.0,Phone,1,8.0,UPI,Male,2.0,3,Mobile Phone,3,Married,7,1,19.0,0.0,1.0,2.0,140
0,20.0,Mobile Phone,1,31.0,Credit Card,Male,2.0,3,Fashion,3,Single,3,0,23.0,1.0,12.0,11.0,186
0,10.189899366380917,Computer,1,6.0,CC,Male,2.0,4,Mobile,3,Married,2,0,12.0,0.0,1.0,0.0,120
0,11.0,Phone,3,6.0,Debit Card,Male,2.0,3,Laptop & Accessory,4,Married,1,0,15.0,4.0,5.0,8.0,144
0,4.0,Phone,3,8.0,Debit Card,Male,2.9315348837209303,3,Mobile,3,Married,1,0,19.0,1.0,1.0,2.0,131
0,11.0,Computer,1,12.0,Debit Card,Male,3.0,4,Laptop & Accessory,3,Married,3,0,11.0,2.0,7.0,7.0,153
0,15.0,Mobile Phone,1,24.0,Debit Card,Male,2.0,3,Laptop & Accessory,5,Married,7,1,17.0,0.0,1.0,2.0,154
0,14.0,Phone,1,6.0,Debit Card,Male,2.9315348837209303,3,Mobile,1,Married,4,0,22.0,0.0,1.0,0.0,128
0,20.0,Computer,1,6.0,Credit Card,Female,3.0,3,Fashion,4,Married,1,0,18.0,0.0,5.0,4.543490512868683,220
0,8.0,Phone,1,17.0,CC,Male,2.0,3,Mobile,3,Married,8,1,11.0,0.0,2.0,2.0,127
0,0.0,Phone,1,6.0,Debit Card,Male,3.0,3,Mobile,3,Single,1,0,12.0,0.0,1.0,2.0,134
0,8.0,Mobile Phone,1,15.0,Credit Card,Male,2.0,3,Laptop & Accessory,3,Single,2,0,19.0,0.0,1.0,8.0,151
0,6.0,Mobile Phone,1,21.0,Credit Card,Female,3.0,3,Laptop & Accessory,1,Married,1,1,13.0,5.0,8.0,1.0,12
0,5.0,Phone,1,35.0,Debit Card,Female,2.9315348837209303,4,Mobile,4,Single,2,0,13.0,3.0,4.0,1.0,128
0,13.0,Phone,1,15.639895891429633,Debit Card,Male,2.0,3,Mobile,1,Married,9,0,19.0,0.0,1.0,0.0,124
0,10.189899366380917,Phone,3,6.0,CC,Male,3.0,4,Mobile,4,Married,1,0,14.0,0.0,2.0,2.0,123
0,12.0,Phone,1,30.0,Debit Card,Male,2.0,3,Laptop & Accessory,1,Single,8,0,13.0,1.0,1.0,7.0,141
0,11.0,Mobile Phone,1,16.0,Credit Card,Female,2.0,5,Fashion,3,Married,4,0,12.0,1.0,3.0080044676098288,11.0,232
0,5.0,Mobile Phone,3,6.0,E wallet,Female,2.0,3,Fashion,1,Married,2,0,19.0,3.0,5.0,7.0,204
0,10.0,Mobile Phone,1,16.0,Debit Card,Female,2.0,1,Fashion,1,Married,2,1,25.0,0.0,3.0080044676098288,8.0,237
0,0.0,Phone,3,14.0,UPI,Female,2.0,3,Laptop & Accessory,3,Married,1,1,22.0,1.0,1.0,4.0,149
0,25.0,Computer,3,126.0,Debit Card,Male,2.0,3,Mobile,1,Married,3,0,15.0,1.0,1.0,0.0,135
0,17.0,Phone,1,15.639895891429633,CC,Male,2.0,3,Mobile,1,Single,7,1,12.0,0.0,1.0,2.0,124
0,0.0,Phone,3,15.639895891429633,CC,Male,2.0,3,Mobile,5,Single,2,1,11.0,1.0,1.0,2.0,124
0,12.0,Computer,1,15.0,Debit Card,Male,2.0,3,Others,1,Single,3,0,15.707921714818266,0.0,1.0,3.0,294
1,10.189899366380917,Computer,3,15.0,E wallet,Male,2.0,3,Mobile Phone,5,Married,2,0,19.0,1.0,1.0,0.0,118
0,9.0,Mobile Phone,3,9.0,Credit Card,Female,3.0,4,Fashion,1,Married,1,0,19.0,3.0,3.0,4.0,176
0,9.0,Computer,1,10.0,Debit Card,Female,3.0,3,Laptop & Accessory,4,Married,8,0,13.0,1.0,1.0,2.0,151
0,29.0,Computer,1,6.0,Debit Card,Male,2.0,3,Laptop & Accessory,3,Married,2,0,21.0,0.0,1.0,9.0,163
1,0.0,Phone,1,6.0,Credit Card,Male,2.0,3,Mobile Phone,1,Married,10,1,14.0,2.0,2.0,2.0,148
0,15.0,Mobile Phone,1,8.0,Debit Card,Male,2.0,3,Others,3,Married,6,0,11.0,1.7510234462225531,4.0,14.0,289
1,19.0,Phone,1,15.639895891429633,COD,Male,3.0,3,Mobile,3,Married,9,0,11.0,6.0,9.0,8.0,123
0,14.0,Mobile Phone,1,34.0,Debit Card,Female,2.0,4,Grocery,4,Married,1,0,23.0,1.0,3.0080044676098288,10.0,236
0,7.0,Mobile Phone,3,34.0,E wallet,Female,3.0,4,Laptop & Accessory,3,Married,2,0,21.0,1.0,1.0,7.0,167
0,9.0,Computer,3,21.0,E wallet,Male,2.0,5,Laptop & Accessory,1,Married,2,0,24.0,4.0,11.0,11.0,154
0,14.0,Mobile Phone,3,9.0,Debit Card,Male,2.0,4,Laptop & Accessory,4,Married,3,0,11.0,0.0,1.0,4.0,189
0,5.0,Phone,1,15.639895891429633,COD,Male,3.0,3,Mobile,5,Single,2,0,14.0,1.0,1.0,2.0,124
0,8.0,Mobile Phone,2,32.0,Debit Card,Female,2.0,3,Fashion,1,Single,2,1,16.0,1.0,1.0,7.0,188
0,11.0,Mobile Phone,3,16.0,Debit Card,Female,3.0,3,Laptop & Accessory,1,Married,2,0,11.0,0.0,1.0,9.0,153
1,13.0,Computer,3,6.0,Debit Card,Male,3.0,3,Laptop & Accessory,3,Married,8,0,12.0,1.0,1.0,1.0,167
0,9.0,Mobile Phone,3,17.0,E wallet,Female,3.0,4,Laptop & Accessory,1,Married,5,0,13.0,1.0,1.0,0.0,167
0,18.0,Phone,3,26.0,Debit Card,Female,2.0,3,Laptop & Accessory,3,Single,9,0,15.0,1.0,1.0,1.0,149
0,13.0,Phone,1,8.0,Debit Card,Male,2.9315348837209303,4,Mobile,3,Single,3,0,14.0,0.0,2.0,2.0,128
0,8.0,Computer,1,24.0,Debit Card,Male,3.0,3,Laptop & Accessory,3,Married,2,1,14.0,1.0,1.0,2.0,157
0,10.189899366380917,Mobile Phone,1,8.0,CC,Female,3.0,3,Mobile,3,Married,3,0,14.0,1.0,1.0,2.0,120
0,8.0,Phone,1,6.0,Debit Card,Female,2.9315348837209303,5,Mobile,1,Married,2,0,12.0,0.0,1.0,1.0,130
0,2.0,Phone,1,19.0,UPI,Male,2.0,4,Laptop & Accessory,4,Married,5,1,13.0,1.0,1.0,3.0,140
0,2.0,Phone,1,34.0,Credit Card,Female,3.0,4,Mobile Phone,5,Single,2,0,14.0,0.0,1.0,4.0,138
1,13.0,Mobile Phone,3,34.0,E wallet,Male,2.0,4,Fashion,5,Married,5,1,13.0,0.0,2.0,0.0,209
0,12.0,Mobile Phone,3,30.0,E wallet,Female,2.0,4,Grocery,1,Married,1,0,11.0,1.0,9.0,4.543490512868683,220
0,4.0,Computer,1,11.0,Credit Card,Male,3.0,3,Laptop & Accessory,5,Single,1,0,19.0,0.0,1.0,7.0,199
0,0.0,Phone,3,11.0,UPI,Female,2.9315348837209303,4,Mobile,3,Single,1,0,18.0,0.0,1.0,0.0,130
0,9.0,Computer,1,15.639895891429633,CC,Male,2.0,1,Laptop & Accessory,1,Married,5,0,17.0,0.0,1.0,3.0,126
0,12.0,Mobile Phone,1,12.0,Credit Card,Male,2.0,4,Fashion,5,Married,5,0,15.0,1.0,1.0,7.0,200
0,0.0,Mobile Phone,1,10.0,Debit Card,Male,2.0,1,Laptop & Accessory,4,Married,2,1,20.0,1.0,1.0,3.0,161
0,22.0,Computer,3,8.0,Credit Card,Male,3.0,4,Laptop & Accessory,4,Married,3,0,14.0,1.0,1.0,8.0,154
0,7.0,Phone,1,14.0,Credit Card,Male,2.0,1,Laptop & Accessory,3,Married,3,0,12.0,0.0,1.0,2.0,144
1,4.0,Mobile Phone,3,6.0,Debit Card,Female,3.0,3,Laptop & Accessory,1,Single,9,1,11.0,0.0,1.0,5.0,160
0,22.0,Computer,1,14.0,Debit Card,Male,3.0,4,Laptop & Accessory,4,Married,2,0,23.0,0.0,1.0,7.0,151
1,10.189899366380917,Phone,1,8.0,UPI,Male,3.0,4,Mobile,3,Single,7,1,15.0,0.0,1.0,0.0,121
0,6.0,Computer,1,9.0,Debit Card,Female,2.9315348837209303,3,Mobile,3,Married,2,1,11.0,2.0,3.0,0.0,129
0,0.0,Phone,1,8.0,CC,Male,2.0,3,Mobile,4,Married,10,0,12.0,1.0,2.0,2.0,135
0,5.0,Computer,1,8.0,Debit Card,Male,2.9315348837209303,3,Mobile,1,Single,1,0,13.0,1.0,3.0,6.0,131
0,30.0,Phone,1,9.0,CC,Female,2.9315348837209303,1,Mobile,5,Married,5,1,20.0,0.0,1.0,0.0,127
0,3.0,Phone,1,30.0,Debit Card,Male,2.9315348837209303,3,Mobile,3,Married,2,0,22.0,1.0,1.0,0.0,127
0,11.0,Computer,1,29.0,Debit Card,Male,2.0,4,Fashion,3,Single,1,0,21.0,1.0,1.0,8.0,195
0,9.0,Mobile Phone,1,33.0,Credit Card,Male,3.0,3,Laptop & Accessory,3,Married,7,0,13.0,0.0,7.0,7.0,152
0,8.0,Phone,1,15.639895891429633,CC,Male,2.0,1,Mobile,4,Married,1,0,13.0,1.0,1.0,3.0,124
0,2.0,Phone,1,21.0,Debit Card,Female,2.0,4,Laptop & Accessory,3,Single,1,1,12.0,1.0,1.0,8.0,142
0,4.0,Phone,1,32.0,Debit Card,Male,2.9315348837209303,3,Mobile,3,Married,2,0,17.0,3.0,4.0,3.0,129
0,7.0,Phone,1,25.0,CC,Male,3.0,3,Mobile,1,Married,1,0,11.0,0.0,1.0,2.0,127
1,10.189899366380917,Phone,1,30.0,Debit Card,Male,2.0,4,Mobile,3,Single,6,1,14.0,0.0,1.0,3.0,120
0,2.0,Mobile Phone,1,27.0,Debit Card,Female,2.0,1,Fashion,5,Married,2,0,11.0,6.0,8.0,8.0,200
0,5.0,Phone,1,11.0,Debit Card,Male,3.0,1,Mobile,4,Married,1,1,12.0,1.0,1.0,5.0,133
0,0.0,Computer,1,22.0,CC,Male,2.9315348837209303,1,Mobile,1,Married,2,1,13.0,0.0,1.0,0.0,129
0,26.0,Mobile Phone,3,8.0,Debit Card,Female,3.0,4,Grocery,1,Married,3,0,16.0,0.0,3.0080044676098288,7.0,254
0,11.0,Phone,1,8.0,Debit Card,Male,2.0,3,Mobile Phone,1,Single,6,1,11.0,0.0,1.0,2.0,139
0,0.0,Computer,1,17.0,UPI,Female,3.0,1,Laptop & Accessory,3,Married,1,0,18.0,0.0,1.0,3.0,140
1,0.0,Phone,3,15.0,Debit Card,Male,2.0,4,Mobile,5,Single,8,0,23.0,0.0,1.0,3.0,134
0,7.0,Mobile Phone,1,13.0,Debit Card,Female,2.0,3,Fashion,4,Single,1,0,11.0,0.0,2.0,4.543490512868683,220
0,10.189899366380917,Mobile Phone,1,21.0,Debit Card,Male,3.0,3,Mobile Phone,1,Single,2,0,14.0,1.0,1.0,0.0,112
1,0.0,Phone,1,12.0,CC,Male,2.9315348837209303,3,Mobile,5,Single,3,0,11.0,0.0,1.0,3.0,130
0,26.0,Mobile Phone,1,11.0,UPI,Female,2.0,3,Others,3,Married,5,0,11.0,1.7510234462225531,4.0,8.0,291
1,0.0,Computer,1,22.0,Debit Card,Female,3.0,5,Mobile Phone,5,Single,2,1,22.0,0.0,6.0,7.0,139
0,15.0,Mobile Phone,3,14.0,E wallet,Male,2.0,3,Laptop & Accessory,4,Married,1,0,11.0,2.0,4.0,2.0,168
0,17.0,Mobile Phone,1,13.0,Credit Card,Female,2.0,4,Fashion,1,Married,4,0,14.0,0.0,5.0,17.0,202
0,19.0,Mobile Phone,3,8.0,E wallet,Female,2.0,3,Others,5,Single,4,0,12.0,1.7510234462225531,2.0,1.0,289
0,6.0,Phone,1,15.639895891429633,CC,Male,3.0,3,Mobile,1,Single,5,0,11.0,0.0,1.0,0.0,125
0,17.0,Mobile Phone,1,16.0,UPI,Male,2.0,3,Laptop & Accessory,1,Married,3,1,13.0,0.0,1.0,3.0,165
0,10.189899366380917,Phone,1,15.0,CC,Male,2.0,4,Mobile,3,Single,2,0,13.0,0.0,1.0,8.0,122
1,10.189899366380917,Phone,3,11.0,Cash on Delivery,Male,2.0,3,Laptop & Accessory,1,Married,4,0,14.0,0.0,1.0,0.0,121
1,10.189899366380917,Phone,1,6.0,CC,Male,3.0,3,Mobile,1,Married,3,1,16.0,0.0,2.0,0.0,123
0,16.0,Phone,1,15.639895891429633,CC,Female,3.0,1,Mobile,3,Married,2,0,12.0,1.0,1.0,4.0,126
1,13.0,Phone,3,9.0,E wallet,Male,2.9315348837209303,4,Mobile,3,Married,2,1,14.0,1.0,1.0,2.0,127
0,10.189899366380917,Mobile Phone,3,8.0,E wallet,Female,3.0,3,Mobile,1,Married,2,0,13.0,2.0,2.0,2.0,120
0,9.0,Phone,1,11.0,Debit Card,Female,2.0,4,Mobile,5,Married,10,1,14.0,1.0,1.0,0.0,134
0,6.0,Computer,3,6.0,Debit Card,Female,2.0,1,Laptop & Accessory,5,Married,3,0,19.0,0.0,1.0,3.0,154
0,10.189899366380917,Mobile Phone,1,10.0,UPI,Male,3.0,3,Mobile,1,Married,2,0,12.0,1.0,1.0,0.0,120
0,0.0,Phone,1,15.639895891429633,Debit Card,Female,2.0,3,Mobile,5,Married,2,0,13.0,1.0,1.0,0.0,123
1,10.189899366380917,Phone,1,31.0,Debit Card,Male,2.0,5,Mobile,3,Single,2,0,12.0,0.0,1.0,1.0,123
0,0.0,Computer,3,14.0,Debit Card,Male,2.0,3,Fashion,3,Single,2,0,15.0,1.0,1.0,7.0,187
0,3.0,Computer,1,6.0,Credit Card,Female,2.0,3,Laptop & Accessory,1,Single,2,0,23.0,1.0,3.0,7.0,140
1,4.0,Mobile Phone,1,18.0,Cash on Delivery,Female,2.0,3,Others,3,Married,2,0,15.707921714818266,1.0,15.0,8.0,295
0,7.0,Computer,3,29.0,E wallet,Male,3.0,3,Laptop & Accessory,3,Single,1,0,20.0,0.0,8.0,7.0,146
0,10.0,Phone,1,25.0,Debit Card,Male,2.9315348837209303,3,Mobile,4,Married,5,0,21.0,0.0,1.0,0.0,130
0,19.0,Computer,3,11.0,E wallet,Male,3.0,3,Laptop & Accessory,1,Single,5,1,21.0,1.0,1.0,8.0,158
0,10.189899366380917,Phone,1,14.0,Debit Card,Male,2.0,1,Mobile,1,Married,2,0,19.0,1.0,1.0,1.0,123
1,11.0,Mobile Phone,1,6.0,Debit Card,Male,3.0,4,Fashion,3,Single,10,1,13.0,0.0,1.0,0.0,154
1,0.0,Phone,1,11.0,COD,Male,2.0,3,Mobile,3,Single,2,1,13.0,0.0,2.0,2.0,134
0,17.0,Mobile Phone,3,6.0,E wallet,Female,3.0,3,Laptop & Accessory,5,Married,6,1,21.0,1.0,1.0,3.0,155
0,8.0,Computer,1,17.0,Credit Card,Male,3.0,4,Fashion,5,Married,3,1,13.0,1.0,2.0,3.0,199
0,0.0,Phone,3,29.0,E wallet,Female,2.0,4,Laptop & Accessory,1,Married,8,1,19.0,0.0,1.0,0.0,142
0,6.0,Computer,1,29.0,Debit Card,Female,3.0,3,Fashion,1,Single,2,1,12.0,3.0,3.0080044676098288,12.0,235
0,8.0,Computer,3,5.0,Debit Card,Male,3.0,3,Fashion,5,Married,2,0,22.0,0.0,1.0,8.0,191
0,8.0,Phone,1,29.0,Credit Card,Female,1.0,3,Mobile Phone,5,Married,4,1,15.0,0.0,2.0,2.0,140
0,4.0,Mobile Phone,1,13.0,Debit Card,Male,2.0,3,Laptop & Accessory,1,Married,4,0,22.0,0.0,1.0,7.0,159
0,10.0,Mobile Phone,1,6.0,Debit Card,Male,2.0,4,Laptop & Accessory,3,Married,2,0,18.0,0.0,1.0,7.0,160
0,5.0,Mobile Phone,1,6.0,Credit Card,Male,2.0,3,Laptop & Accessory,1,Married,2,1,22.0,5.0,7.0,8.0,162
0,11.0,Computer,1,15.639895891429633,Debit Card,Female,2.0,3,Laptop & Accessory,1,Single,2,0,11.0,6.0,9.0,9.0,124
0,23.0,Mobile Phone,1,13.0,Credit Card,Female,2.0,4,Others,3,Married,6,1,12.0,1.7510234462225531,13.0,8.0,287
0,30.0,Mobile Phone,3,31.0,Debit Card,Female,4.0,3,Fashion,5,Single,8,0,11.0,6.0,7.0,9.0,176
0,9.0,Mobile Phone,1,14.0,Cash on Delivery,Female,2.0,3,Fashion,3,Married,2,0,13.0,7.0,12.0,8.0,201
0,28.0,Mobile Phone,1,14.0,Credit Card,Female,2.0,3,Grocery,3,Married,3,1,14.0,1.0,3.0080044676098288,2.0,248
0,9.0,Computer,1,17.0,Debit Card,Male,3.0,4,Laptop & Accessory,4,Single,2,0,13.0,1.0,1.0,3.0,165
0,18.0,Mobile Phone,1,13.0,Debit Card,Male,2.0,3,Fashion,5,Married,3,0,17.0,0.0,1.0,0.0,197
0,10.189899366380917,Computer,1,6.0,CC,Male,3.0,3,Mobile,5,Married,5,0,13.0,0.0,1.0,2.0,122
1,0.0,Phone,1,15.0,CC,Male,3.0,4,Mobile,3,Married,1,1,17.0,1.0,1.0,0.0,134
0,30.0,Computer,3,6.0,Debit Card,Female,2.0,4,Laptop & Accessory,3,Single,8,0,11.0,1.0,1.0,3.0,155
0,2.0,Phone,1,8.0,Debit Card,Male,2.9315348837209303,3,Mobile,4,Married,1,0,23.0,1.0,1.0,4.0,127
0,4.0,Phone,1,15.639895891429633,CC,Male,2.0,3,Mobile,4,Single,2,0,17.0,1.0,1.0,0.0,125
0,5.0,Mobile Phone,1,6.0,Debit Card,Male,3.0,3,Laptop & Accessory,4,Married,2,0,17.0,1.0,1.0,9.0,162
0,9.0,Phone,1,12.0,Debit Card,Female,2.9315348837209303,1,Mobile,1,Married,4,0,12.0,0.0,1.0,0.0,130
0,4.0,Phone,1,14.0,Debit Card,Female,3.0,3,Laptop & Accessory,1,Single,2,0,23.0,1.0,1.0,8.0,144
0,8.0,Phone,3,6.0,E wallet,Male,2.0,4,Laptop & Accessory,5,Single,1,0,14.0,1.0,2.0,8.0,143
0,18.0,Mobile Phone,1,12.0,UPI,Male,2.0,3,Fashion,5,Married,5,1,14.0,1.0,3.0080044676098288,0.0,232
0,10.0,Mobile Phone,1,13.0,Credit Card,Male,1.0,3,Fashion,3,Single,5,0,13.0,0.0,3.0080044676098288,2.0,237
0,19.0,Mobile Phone,2,11.0,Credit Card,Male,3.0,3,Laptop & Accessory,4,Married,2,1,22.0,1.0,1.0,2.0,150
0,3.0,Mobile Phone,1,6.0,Debit Card,Male,2.0,4,Laptop & Accessory,1,Married,2,1,12.0,1.0,3.0,0.0,151
0,8.0,Phone,1,6.0,CC,Male,2.9315348837209303,4,Mobile,3,Single,2,0,18.0,1.0,1.0,4.0,129
0,28.0,Mobile Phone,3,6.0,Debit Card,Male,3.0,3,Fashion,1,Married,4,0,14.0,0.0,1.0,0.0,202
0,11.0,Computer,1,12.0,Credit Card,Female,3.0,5,Laptop & Accessory,1,Married,8,1,12.0,0.0,1.0,9.0,153
0,7.0,Phone,1,6.0,Credit Card,Male,3.0,3,Laptop & Accessory,4,Married,2,0,15.0,1.0,1.0,3.0,143
0,29.0,Mobile Phone,1,13.0,Debit Card,Male,2.0,5,Fashion,1,Single,5,0,11.0,0.0,1.0,2.0,173
0,0.0,Phone,3,15.639895891429633,COD,Male,3.0,3,Mobile,5,Married,4,0,13.0,1.0,1.0,0.0,123
0,10.189899366380917,Phone,1,15.0,Debit Card,Male,3.0,3,Mobile,1,Married,4,0,23.0,1.0,1.0,3.0,121
0,3.0,Phone,1,8.0,Debit Card,Male,4.0,4,Laptop & Accessory,1,Married,2,0,19.0,3.0,10.0,8.0,142
1,9.0,Mobile Phone,3,15.0,Credit Card,Male,3.0,4,Fashion,1,Single,2,0,16.0,3.0,4.0,7.0,196
0,13.0,Computer,1,6.0,Debit Card,Male,3.0,4,Grocery,4,Married,2,0,22.0,5.0,3.0080044676098288,11.0,235
0,24.0,Mobile Phone,3,27.0,E wallet,Male,3.0,3,Laptop & Accessory,1,Single,1,1,22.0,0.0,1.0,0.0,154
0,3.0,Mobile Phone,3,10.0,Credit Card,Female,3.0,4,Laptop & Accessory,4,Married,2,1,12.0,2.0,2.0,7.0,152
0,19.0,Computer,1,6.0,Credit Card,Male,2.0,4,Fashion,5,Married,3,1,13.0,4.0,9.0,5.0,207
0,5.0,Mobile Phone,3,12.0,Credit Card,Male,2.0,3,Laptop & Accessory,3,Single,2,0,16.0,5.0,5.0,7.0,150
0,27.0,Mobile Phone,1,8.0,Cash on Delivery,Female,2.0,3,Fashion,3,Married,10,0,12.0,0.0,3.0080044676098288,3.0,235
0,0.0,Mobile Phone,3,9.0,UPI,Female,2.0,3,Laptop & Accessory,3,Married,1,0,21.0,0.0,1.0,2.0,150
0,1.0,Computer,3,10.0,Credit Card,Male,2.0,3,Laptop & Accessory,3,Married,2,0,15.0,0.0,1.0,4.0,142
0,30.0,Mobile Phone,3,16.0,Credit Card,Male,2.0,3,Grocery,3,Single,1,0,13.0,0.0,3.0080044676098288,8.0,239
0,10.189899366380917,Computer,1,29.0,CC,Male,3.0,3,Laptop & Accessory,4,Married,5,0,12.0,0.0,1.0,2.0,120
1,10.189899366380917,Phone,2,12.0,UPI,Male,3.0,3,Mobile,5,Married,5,1,22.0,0.0,1.0,2.0,121
0,5.0,Phone,1,6.0,Debit Card,Male,2.9315348837209303,3,Mobile,5,Single,2,0,13.0,0.0,1.0,0.0,130
1,0.0,Computer,1,12.0,Debit Card,Female,2.9315348837209303,4,Mobile,1,Single,2,1,18.0,0.0,1.0,0.0,129
0,7.0,Phone,1,12.0,UPI,Female,2.0,3,Laptop & Accessory,3,Single,2,0,14.0,0.0,2.0,10.0,148
0,10.0,Computer,1,8.0,Debit Card,Male,3.0,4,Laptop & Accessory,1,Married,6,0,14.0,1.0,1.0,0.0,152
0,30.0,Computer,2,8.0,UPI,Female,2.0,4,Others,1,Married,10,0,21.0,1.7510234462225531,2.0,2.0,288
0,23.0,Computer,1,6.0,Debit Card,Female,3.0,3,Others,4,Married,4,1,19.0,1.7510234462225531,1.0,7.0,282
1,0.0,Mobile Phone,3,11.0,E wallet,Male,2.0,4,Laptop & Accessory,3,Single,2,1,11.0,0.0,1.0,3.0,157
0,0.0,Phone,1,13.0,CC,Male,2.9315348837209303,4,Mobile,1,Married,2,0,11.0,0.0,2.0,1.0,129
0,0.0,Phone,1,21.0,CC,Female,2.9315348837209303,3,Mobile,1,Single,2,0,15.0,1.0,1.0,0.0,129
0,24.0,Computer,1,6.0,Credit Card,Female,1.0,4,Fashion,5,Single,4,0,20.0,4.0,12.0,8.0,175
1,0.0,Computer,1,13.0,Debit Card,Male,3.0,5,Laptop & Accessory,3,Single,2,1,24.0,1.0,1.0,6.0,161
0,27.0,Computer,2,32.0,UPI,Female,1.0,1,Grocery,1,Single,3,1,12.0,1.7510234462225531,4.0,4.0,273
0,0.0,Phone,1,24.0,Debit Card,Male,2.9315348837209303,3,Mobile,3,Married,1,0,12.0,0.0,1.0,2.0,128
0,7.0,Phone,1,12.0,Debit Card,Female,2.0,4,Laptop & Accessory,4,Married,7,0,15.0,1.0,1.0,0.0,145
0,10.0,Mobile Phone,3,9.0,Debit Card,Male,2.0,3,Fashion,1,Single,3,0,12.0,0.0,1.0,3.0,174
0,7.0,Mobile Phone,1,11.0,Credit Card,Female,2.0,4,Fashion,5,Single,3,0,12.0,2.0,5.0,4.543490512868683,216
0,9.0,Computer,3,17.0,Cash on Delivery,Female,3.0,3,Fashion,1,Married,1,0,14.0,0.0,2.0,8.0,197
0,9.0,Phone,1,9.0,Debit Card,Female,2.9315348837209303,3,Mobile,1,Married,6,0,22.0,0.0,1.0,0.0,128
0,16.0,Computer,3,32.0,Debit Card,Male,3.0,3,Grocery,1,Married,2,1,12.0,1.7510234462225531,4.0,12.0,270
0,3.0,Computer,1,15.639895891429633,Debit Card,Male,3.0,5,Mobile,3,Married,2,0,25.0,0.0,1.0,9.0,126
0,6.0,Computer,3,28.0,E wallet,Male,3.0,3,Laptop & Accessory,4,Married,1,0,13.0,0.0,1.0,7.0,161
1,19.0,Mobile Phone,1,20.0,Debit Card,Female,3.0,3,Mobile Phone,4,Married,10,1,18.0,3.0,4.0,3.0,150
0,24.0,Mobile Phone,1,12.0,Debit Card,Male,2.0,3,Others,3,Single,8,0,15.707921714818266,8.0,15.0,15.0,295
1,0.0,Mobile Phone,3,12.0,Debit Card,Male,3.0,5,Laptop & Accessory,3,Married,5,1,18.0,0.0,7.0,7.0,162
0,0.0,Phone,1,15.639895891429633,UPI,Female,2.0,4,Mobile,4,Married,2,0,19.0,2.0,4.0,3.0,124
1,20.0,Mobile Phone,1,29.0,Credit Card,Female,3.0,3,Fashion,1,Married,2,0,12.0,7.0,15.0,6.0,203
1,10.189899366380917,Mobile Phone,3,28.0,E wallet,Male,2.0,3,Mobile Phone,3,Single,2,1,19.0,1.0,1.0,0.0,117
0,0.0,Phone,1,15.639895891429633,COD,Male,3.0,3,Mobile,1,Married,1,0,14.0,2.0,2.0,1.0,125
0,22.0,Mobile Phone,1,26.0,Credit Card,Female,3.0,3,Laptop & Accessory,5,Married,2,0,14.0,5.0,5.0,11.0,166
0,16.0,Computer,1,34.0,Credit Card,Female,3.0,1,Mobile Phone,3,Single,5,0,12.0,0.0,1.0,2.0,147
0,23.0,Computer,3,18.0,E wallet,Female,3.0,3,Fashion,1,Single,5,0,11.0,1.0,2.0,1.0,192
1,0.0,Phone,3,26.0,Debit Card,Female,3.0,5,Laptop & Accessory,3,Married,4,1,11.0,0.0,2.0,2.0,146
0,14.0,Mobile Phone,3,15.0,Debit Card,Male,3.0,3,Fashion,3,Married,4,1,13.0,0.0,1.0,7.0,182
0,0.0,Phone,2,31.0,Debit Card,Female,2.9315348837209303,3,Mobile,3,Married,2,0,23.0,2.0,5.0,7.0,129
0,9.0,Phone,1,12.0,Credit Card,Male,2.0,3,Laptop & Accessory,4,Married,7,0,20.0,0.0,1.0,1.0,149
1,14.0,Computer,1,14.0,Debit Card,Male,2.0,5,Fashion,1,Single,3,0,15.0,1.0,1.0,3.0,207
0,12.0,Mobile Phone,3,10.0,Debit Card,Female,2.0,4,Laptop & Accessory,3,Married,5,0,14.0,5.0,5.0,9.0,159
0,0.0,Mobile Phone,3,34.0,Debit Card,Male,2.0,4,Laptop & Accessory,3,Married,3,0,18.0,1.0,2.0,2.0,186
0,3.0,Mobile Phone,2,15.0,UPI,Male,2.0,3,Laptop & Accessory,1,Married,1,1,19.0,4.0,4.0,7.0,163
1,0.0,Phone,1,15.0,Credit Card,Female,2.0,3,Mobile Phone,5,Single,8,0,22.0,1.0,1.0,4.0,142
0,18.0,Phone,1,35.0,CC,Male,2.0,3,Mobile,1,Single,6,0,13.0,1.0,1.0,3.0,135
0,11.0,Phone,1,9.0,COD,Female,2.0,3,Laptop & Accessory,3,Single,4,1,20.0,2.0,2.0,2.0,143
0,3.0,Phone,1,15.639895891429633,Debit Card,Female,3.0,3,Mobile,3,Single,2,0,14.0,1.0,1.0,4.0,126
0,5.0,Computer,3,15.0,Credit Card,Male,2.0,5,Laptop & Accessory,1,Married,1,0,17.0,0.0,1.0,7.0,147
0,3.0,Phone,1,11.0,COD,Female,2.0,3,Mobile,5,Married,6,0,14.0,0.0,2.0,30.0,132
0,3.0,Phone,1,8.0,CC,Male,2.9315348837209303,4,Mobile,1,Single,1,0,13.0,0.0,1.0,2.0,127
0,14.0,Computer,1,16.0,Debit Card,Male,3.0,4,Grocery,5,Married,5,0,13.0,1.7510234462225531,7.0,7.0,272
0,10.189899366380917,Phone,1,15.0,Debit Card,Male,3.0,3,Mobile,5,Married,3,0,21.0,0.0,1.0,4.0,122
0,10.189899366380917,Mobile Phone,1,9.0,Credit Card,Female,3.0,3,Mobile Phone,4,Single,2,0,14.0,1.0,1.0,0.0,115
0,13.0,Computer,1,32.0,Credit Card,Female,2.0,3,Laptop & Accessory,4,Married,2,0,11.0,0.0,2.0,13.0,156
0,8.0,Mobile Phone,3,6.0,E wallet,Male,3.0,3,Fashion,4,Married,2,0,13.0,0.0,1.0,6.0,173
0,10.189899366380917,Phone,3,12.0,E wallet,Male,2.0,3,Laptop & Accessory,3,Married,3,1,20.0,0.0,4.0,5.0,123
0,18.0,Phone,1,15.639895891429633,Debit Card,Male,2.0,3,Laptop & Accessory,4,Married,9,0,18.0,1.0,1.0,15.0,123
0,5.0,Computer,3,14.0,E wallet,Female,2.0,3,Fashion,1,Single,2,0,14.0,2.0,3.0,7.0,190
0,2.0,Computer,1,6.0,COD,Male,2.0,3,Laptop & Accessory,3,Married,2,0,13.0,0.0,1.0,9.0,143
0,24.0,Mobile Phone,1,13.0,Credit Card,Male,2.0,4,Laptop & Accessory,3,Married,3,0,17.0,1.0,1.0,0.0,161
0,30.0,Phone,1,15.0,CC,Female,3.0,4,Mobile,4,Married,5,1,20.0,1.0,1.0,0.0,133
0,13.0,Mobile Phone,3,10.0,E wallet,Male,3.0,4,Fashion,1,Married,8,0,11.0,1.0,2.0,11.0,209
0,10.189899366380917,Computer,3,8.0,E wallet,Female,3.0,3,Mobile,3,Married,7,0,18.0,0.0,1.0,2.0,122
0,0.0,Phone,1,15.639895891429633,CC,Male,3.0,3,Mobile,1,Married,2,0,24.0,2.0,2.0,2.0,123
0,10.189899366380917,Computer,1,15.0,CC,Male,2.0,3,Mobile,4,Married,7,0,18.0,2.0,2.0,2.0,120
0,1.0,Phone,1,27.0,CC,Male,2.9315348837209303,3,Mobile,1,Married,2,0,11.0,0.0,1.0,2.0,127
0,30.0,Mobile Phone,1,30.0,Debit Card,Male,2.0,1,Fashion,1,Married,4,1,16.0,1.0,1.0,4.0,194
0,0.0,Computer,1,15.639895891429633,CC,Male,3.0,4,Mobile,3,Married,2,1,15.0,0.0,1.0,1.0,126
0,23.0,Mobile Phone,1,17.0,Debit Card,Female,2.0,3,Others,4,Single,4,0,15.707921714818266,0.0,4.0,4.0,299
0,14.0,Phone,1,15.639895891429633,Debit Card,Male,2.0,3,Mobile,3,Married,5,0,12.0,1.0,1.0,8.0,125
0,3.0,Mobile Phone,3,11.0,Debit Card,Female,2.0,3,Fashion,1,Married,3,0,12.0,1.0,7.0,4.0,194
0,11.0,Mobile Phone,3,6.0,Debit Card,Female,2.0,4,Laptop & Accessory,1,Single,5,0,22.0,0.0,1.0,7.0,187
0,5.0,Phone,1,12.0,Debit Card,Male,2.9315348837209303,3,Mobile,3,Single,4,0,20.0,0.0,1.0,4.0,130
0,0.0,Phone,1,23.0,COD,Male,2.9315348837209303,3,Mobile,4,Married,1,1,16.0,0.0,1.0,1.0,131
1,0.0,Computer,3,15.639895891429633,COD,Female,3.0,5,Mobile,5,Single,1,0,21.0,1.0,1.0,0.0,123
0,10.189899366380917,Computer,1,9.0,CC,Male,1.0,3,Mobile,4,Single,5,0,12.0,2.0,7.0,2.0,121
0,3.0,Computer,1,15.0,CC,Male,2.9315348837209303,3,Laptop & Accessory,5,Married,2,0,11.0,5.0,6.0,10.0,131
0,18.0,Mobile Phone,3,10.0,Debit Card,Female,1.0,3,Laptop & Accessory,5,Married,5,1,11.0,0.0,1.0,3.0,150
0,29.0,Phone,1,14.0,Debit Card,Female,3.0,3,Mobile Phone,5,Married,5,1,18.0,2.0,2.0,2.0,143
0,6.0,Phone,1,15.639895891429633,Debit Card,Male,2.0,3,Mobile,1,Single,1,0,14.0,1.0,1.0,2.0,125
1,0.0,Mobile Phone,1,8.0,Debit Card,Male,2.0,4,Mobile Phone,1,Single,2,0,22.0,1.0,1.0,0.0,111
0,19.0,Mobile Phone,3,6.0,E wallet,Female,3.0,3,Fashion,5,Married,2,0,25.0,8.0,15.0,7.0,205
0,10.189899366380917,Phone,1,15.0,Debit Card,Female,3.0,3,Mobile,1,Single,2,0,12.0,1.0,2.0,1.0,123
0,4.0,Phone,1,18.0,Credit Card,Female,3.0,3,Mobile Phone,1,Married,9,1,23.0,1.0,1.0,2.0,139
0,10.189899366380917,Phone,1,33.0,CC,Female,3.0,3,Mobile,4,Single,3,0,15.0,0.0,1.0,2.0,123
1,4.0,Phone,3,26.0,E wallet,Female,2.9315348837209303,3,Mobile,4,Single,2,1,22.0,0.0,1.0,2.0,131
0,23.0,Phone,1,6.0,Credit Card,Male,2.0,4,Mobile Phone,3,Married,3,0,15.0,1.0,1.0,2.0,137
0,26.0,Phone,1,19.0,Credit Card,Female,2.0,1,Laptop & Accessory,5,Married,2,0,11.0,1.0,1.0,3.0,145
0,6.0,Phone,1,20.0,CC,Female,2.9315348837209303,3,Mobile,4,Married,2,0,13.0,1.0,1.0,6.0,128
0,13.0,Mobile Phone,1,10.0,Credit Card,Female,2.0,3,Others,3,Married,2,0,14.0,1.7510234462225531,9.0,9.0,290
0,28.0,Mobile Phone,1,20.0,Credit Card,Male,3.0,1,Others,4,Single,9,0,11.0,1.7510234462225531,2.0,15.0,287
0,7.0,Computer,1,8.0,Debit Card,Male,2.0,4,Laptop & Accessory,3,Married,2,0,17.0,0.0,1.0,9.0,195
0,24.0,Mobile Phone,1,9.0,Credit Card,Female,3.0,3,Grocery,4,Single,4,0,18.0,1.0,3.0080044676098288,0.0,237
0,25.0,Mobile Phone,1,6.0,Debit Card,Male,3.0,4,Others,3,Married,1,0,15.707921714818266,7.0,11.0,9.0,300
0,10.189899366380917,Phone,1,15.0,CC,Female,4.0,3,Mobile,4,Single,2,0,16.0,0.0,1.0,3.0,123
1,0.0,Mobile Phone,1,29.0,Debit Card,Male,2.0,4,Laptop & Accessory,3,Married,4,1,13.0,1.0,1.0,1.0,159
0,10.189899366380917,Computer,1,13.0,CC,Male,2.0,1,Mobile,1,Married,5,0,14.0,1.0,2.0,2.0,121
0,18.0,Computer,1,8.0,Credit Card,Male,3.0,4,Grocery,1,Married,10,0,23.0,1.7510234462225531,11.0,8.0,268
0,10.0,Phone,1,27.0,Debit Card,Male,3.0,1,Mobile Phone,5,Married,2,1,12.0,1.0,1.0,7.0,136
0,8.0,Computer,1,8.0,Credit Card,Female,2.0,3,Laptop & Accessory,4,Single,6,0,11.0,0.0,1.0,2.0,144
0,15.0,Computer,1,27.0,Credit Card,Female,2.0,3,Laptop & Accessory,3,Married,3,0,16.0,0.0,1.0,2.0,153
0,11.0,Mobile Phone,1,8.0,Debit Card,Male,2.0,3,Laptop & Accessory,3,Married,10,0,14.0,1.0,1.0,0.0,166
0,11.0,Mobile Phone,1,35.0,COD,Male,2.0,3,Laptop & Accessory,1,Married,4,0,18.0,0.0,1.0,7.0,163
0,0.0,Computer,1,6.0,COD,Male,2.0,4,Laptop & Accessory,5,Married,6,0,19.0,2.0,2.0,0.0,143
0,22.0,Computer,1,24.0,Debit Card,Male,3.0,3,Laptop & Accessory,1,Married,2,1,15.0,0.0,1.0,7.0,168
0,7.0,Computer,1,16.0,Credit Card,Male,2.0,3,Mobile Phone,3,Married,2,1,17.0,2.0,2.0,0.0,138
0,13.0,Phone,1,25.0,CC,Male,2.9315348837209303,3,Laptop & Accessory,1,Married,9,1,15.0,3.0,3.0,7.0,127
1,1.0,Mobile Phone,1,35.0,Credit Card,Male,3.0,3,Laptop & Accessory,5,Married,8,1,19.0,1.0,1.0,0.0,167
1,0.0,Mobile Phone,3,33.0,E wallet,Female,2.0,3,Fashion,1,Married,2,0,22.0,0.0,1.0,9.0,176
0,0.0,Phone,1,15.639895891429633,Debit Card,Male,2.0,1,Mobile,4,Married,2,1,16.0,2.0,2.0,2.0,123
0,10.189899366380917,Computer,1,24.0,CC,Female,3.0,3,Mobile,1,Single,2,0,13.0,0.0,1.0,7.0,122
0,13.0,Computer,1,15.0,Debit Card,Male,3.0,4,Laptop & Accessory,1,Married,10,0,14.0,0.0,1.0,2.0,149
0,19.0,Mobile Phone,1,6.0,Credit Card,Male,3.0,3,Fashion,5,Married,8,0,16.0,0.0,1.0,3.0,194
1,0.0,Mobile Phone,3,10.0,Credit Card,Male,2.0,5,Fashion,1,Married,2,0,11.0,6.0,9.0,8.0,204
0,3.0,Computer,1,6.0,Debit Card,Male,2.0,4,Fashion,3,Single,2,0,22.0,4.0,5.0,8.0,185
0,0.0,Computer,3,26.0,Debit Card,Female,2.0,3,Laptop & Accessory,3,Single,2,0,14.0,1.0,1.0,7.0,200
0,24.0,Mobile Phone,1,14.0,Debit Card,Male,2.0,4,Fashion,4,Married,6,0,16.0,2.0,4.0,4.543490512868683,225
1,0.0,Phone,1,15.639895891429633,COD,Female,2.0,3,Mobile,5,Single,6,1,11.0,0.0,1.0,4.0,127
0,14.0,Mobile Phone,3,12.0,Debit Card,Female,3.0,3,Fashion,1,Single,4,1,18.0,0.0,3.0080044676098288,0.0,236
1,0.0,Computer,3,32.0,E wallet,Female,2.0,4,Laptop & Accessory,5,Single,6,0,15.0,1.0,1.0,1.0,167
1,10.189899366380917,Phone,1,6.0,Cash on Delivery,Male,2.0,3,Mobile,3,Single,1,0,14.0,0.0,1.0,5.0,121
0,18.0,Computer,3,12.0,Credit Card,Female,2.0,4,Fashion,1,Single,7,0,12.0,5.0,12.0,8.0,189
0,27.0,Mobile Phone,3,9.0,E wallet,Female,2.0,3,Laptop & Accessory,5,Married,3,0,14.0,1.0,1.0,5.0,159
0,9.0,Mobile Phone,1,11.0,Debit Card,Male,3.0,3,Laptop & Accessory,4,Single,9,0,16.0,2.0,3.0,7.0,159
0,6.0,Phone,1,15.639895891429633,CC,Female,2.0,4,Mobile,4,Married,7,0,21.0,0.0,1.0,1.0,126
0,10.0,Computer,1,17.0,UPI,Male,2.0,3,Fashion,1,Married,2,1,14.0,1.0,1.0,4.543490512868683,222
0,11.0,Mobile Phone,3,9.0,Debit Card,Male,3.0,3,Fashion,3,Married,1,0,12.0,1.0,5.0,13.0,206
0,4.0,Computer,1,6.0,Credit Card,Male,2.0,5,Laptop & Accessory,3,Married,1,0,12.0,0.0,1.0,4.0,143
0,10.189899366380917,Phone,1,9.0,Debit Card,Male,3.0,4,Mobile,1,Married,4,0,17.0,0.0,1.0,0.0,122
0,10.0,Computer,3,10.0,E wallet,Male,2.9315348837209303,3,Mobile,1,Married,5,0,17.0,3.0,5.0,8.0,128
0,2.0,Computer,3,6.0,Credit Card,Female,2.0,3,Fashion,1,Married,2,0,14.0,4.0,4.0,1.0,179
0,8.0,Computer,3,6.0,E wallet,Female,3.0,3,Fashion,3,Single,2,0,14.0,1.0,1.0,8.0,188
1,0.0,Phone,1,15.639895891429633,CC,Male,2.0,4,Mobile,1,Single,2,1,13.0,0.0,1.0,1.0,124
0,25.0,Phone,1,8.0,Debit Card,Female,2.0,4,Mobile,1,Single,8,0,15.0,2.0,2.0,2.0,132
0,15.0,Mobile Phone,1,10.0,Cash on Delivery,Male,2.0,3,Others,1,Married,2,0,15.707921714818266,0.0,11.0,15.0,292
0,10.189899366380917,Phone,2,12.0,CC,Male,2.0,3,Mobile,3,Married,9,0,17.0,0.0,2.0,2.0,123
0,23.0,Mobile Phone,3,6.0,Credit Card,Female,3.0,3,Others,1,Married,4,0,15.707921714818266,1.0,1.0,6.0,295
1,0.0,Phone,1,15.639895891429633,CC,Male,2.0,3,Mobile,1,Married,6,1,13.0,1.0,1.0,4.0,124
0,16.0,Mobile Phone,3,22.0,E wallet,Female,3.0,3,Grocery,1,Married,6,1,22.0,0.0,3.0080044676098288,9.0,261
1,0.0,Phone,1,8.0,Debit Card,Female,2.9315348837209303,3,Mobile,5,Married,8,0,20.0,1.0,1.0,7.0,127
0,25.0,Computer,3,8.0,Debit Card,Male,3.0,4,Others,3,Single,2,1,18.0,1.7510234462225531,15.0,12.0,291
0,5.0,Phone,3,10.0,Debit Card,Female,2.0,3,Mobile Phone,4,Married,3,0,11.0,1.0,1.0,2.0,139
1,0.0,Phone,1,6.0,Debit Card,Male,3.0,4,Mobile Phone,3,Single,1,1,14.0,0.0,1.0,2.0,137
0,10.189899366380917,Phone,1,6.0,CC,Female,3.0,3,Mobile,3,Married,8,0,14.0,1.0,1.0,2.0,122
0,5.0,Computer,3,32.0,E wallet,Male,3.0,3,Laptop & Accessory,1,Married,1,0,18.0,2.0,2.0,2.0,145
0,14.0,Phone,1,25.0,Debit Card,Male,2.9315348837209303,3,Laptop & Accessory,5,Married,3,0,16.0,0.0,1.0,0.0,131
0,13.0,Phone,1,30.0,COD,Male,3.0,3,Laptop & Accessory,1,Married,2,0,17.0,2.0,4.0,7.0,133
0,18.0,Mobile Phone,1,6.0,UPI,Male,3.0,1,Others,1,Married,1,0,15.707921714818266,1.0,1.0,7.0,292
0,4.0,Computer,1,9.0,Credit Card,Male,3.0,3,Fashion,3,Married,10,0,12.0,2.0,3.0080044676098288,2.0,237
0,6.0,Phone,1,11.0,Debit Card,Female,2.9315348837209303,4,Mobile,1,Married,2,0,13.0,0.0,1.0,2.0,129
0,7.0,Mobile Phone,1,8.0,Debit Card,Male,2.0,4,Laptop & Accessory,5,Married,7,0,13.0,0.0,5.0,9.0,160
0,10.0,Phone,1,6.0,Credit Card,Female,2.0,4,Mobile Phone,5,Married,3,0,14.0,0.0,1.0,2.0,139
0,18.0,Computer,1,13.0,Debit Card,Male,3.0,1,Laptop & Accessory,3,Married,5,0,17.0,1.0,1.0,2.0,164
1,0.0,Computer,1,16.0,Credit Card,Male,3.0,3,Fashion,3,Married,7,0,11.0,0.0,1.0,0.0,200
0,12.0,Computer,1,8.0,Cash on Delivery,Female,3.0,3,Fashion,3,Single,1,0,25.0,6.0,11.0,4.543490512868683,209
0,2.0,Phone,1,15.639895891429633,Debit Card,Male,2.0,3,Mobile,1,Single,2,0,19.0,1.0,1.0,5.0,123
0,15.0,Mobile Phone,1,23.0,Debit Card,Female,2.0,1,Laptop & Accessory,5,Single,4,1,13.0,1.0,1.0,2.0,165
0,2.0,Mobile Phone,3,26.0,E wallet,Male,2.0,3,Laptop & Accessory,1,Married,3,0,14.0,1.0,1.0,2.0,169
0,0.0,Phone,1,6.0,Debit Card,Female,3.0,3,Laptop & Accessory,3,Married,1,0,12.0,1.0,1.0,2.0,149
0,15.0,Phone,1,15.639895891429633,CC,Female,2.0,4,Mobile,5,Married,1,1,11.0,7.0,7.0,8.0,126
0,13.0,Mobile Phone,1,8.0,Credit Card,Male,2.0,3,Others,3,Married,1,0,15.707921714818266,3.0,3.0,9.0,294
0,24.0,Phone,1,6.0,Debit Card,Male,2.9315348837209303,3,Mobile,1,Married,2,0,11.0,1.0,1.0,0.0,127
1,0.0,Computer,1,35.0,Credit Card,Male,3.0,4,Mobile,4,Single,1,0,11.0,0.0,1.0,4.0,135
0,5.0,Computer,1,13.0,Debit Card,Male,2.9315348837209303,1,Mobile,4,Married,2,0,20.0,0.0,1.0,3.0,128
0,11.0,Computer,3,8.0,Debit Card,Male,2.0,4,Laptop & Accessory,1,Married,4,0,18.0,1.0,7.0,5.0,152
0,10.189899366380917,Phone,1,8.0,Cash on Delivery,Male,2.0,4,Laptop & Accessory,5,Single,5,0,13.0,0.0,1.0,4.0,122
0,19.0,Mobile Phone,3,8.0,Cash on Delivery,Female,3.0,5,Grocery,4,Married,4,1,12.0,1.7510234462225531,7.0,7.0,269
1,0.0,Phone,1,8.0,Debit Card,Male,3.0,3,Mobile,3,Single,3,0,11.0,0.0,1.0,0.0,135
0,2.0,Mobile Phone,3,8.0,Credit Card,Male,3.0,4,Laptop & Accessory,4,Married,3,0,19.0,1.0,1.0,0.0,166
0,4.0,Mobile Phone,1,29.0,Credit Card,Male,3.0,4,Laptop & Accessory,1,Married,1,0,21.0,0.0,7.0,8.0,156
0,0.0,Computer,1,11.0,Debit Card,Male,2.0,1,Laptop & Accessory,5,Married,2,0,12.0,1.0,1.0,5.0,140
0,18.0,Mobile Phone,1,26.0,Credit Card,Male,3.0,3,Grocery,1,Married,1,1,14.0,2.0,3.0080044676098288,10.0,235
0,9.0,Phone,1,12.0,Debit Card,Male,2.0,3,Mobile,1,Married,1,0,11.0,1.0,10.0,11.0,132
0,28.0,Mobile Phone,1,6.0,Credit Card,Male,2.0,3,Others,5,Single,1,1,14.0,1.7510234462225531,4.0,13.0,290
1,10.0,Computer,1,35.0,Debit Card,Male,2.0,3,Fashion,4,Married,2,1,12.0,4.0,9.0,4.543490512868683,218
0,10.189899366380917,Phone,1,15.0,CC,Male,3.0,3,Mobile,1,Married,2,0,23.0,1.0,1.0,4.0,121
0,10.0,Mobile Phone,3,12.0,Credit Card,Male,3.0,3,Laptop & Accessory,1,Married,5,0,14.0,1.0,1.0,1.0,165
0,0.0,Phone,1,9.0,CC,Male,3.0,4,Mobile,3,Single,2,0,17.0,1.0,1.0,0.0,132
0,10.0,Computer,1,6.0,Credit Card,Female,3.0,3,Fashion,1,Married,3,1,18.0,0.0,3.0080044676098288,2.0,236
0,8.0,Mobile Phone,1,28.0,Debit Card,Female,3.0,1,Fashion,4,Married,8,0,18.0,5.0,6.0,4.543490512868683,220
0,11.0,Mobile Phone,3,13.0,Credit Card,Female,2.0,1,Laptop & Accessory,5,Married,2,1,24.0,4.0,7.0,7.0,156
0,0.0,Computer,1,6.0,Debit Card,Female,2.0,3,Laptop & Accessory,4,Married,2,0,20.0,1.0,1.0,4.0,164
0,23.0,Mobile Phone,1,10.0,Debit Card,Male,3.0,3,Others,4,Married,4,0,14.0,1.7510234462225531,1.0,6.0,291
0,26.0,Mobile Phone,1,9.0,Credit Card,Male,2.0,3,Grocery,3,Married,4,1,16.0,1.7510234462225531,1.0,3.0,276
0,15.0,Phone,3,6.0,Debit Card,Male,1.0,3,Laptop & Accessory,3,Married,2,0,25.0,6.0,11.0,6.0,149
0,2.0,Computer,3,8.0,Debit Card,Male,2.0,3,Laptop & Accessory,1,Single,2,0,18.0,0.0,1.0,9.0,146
0,28.0,Mobile Phone,1,26.0,COD,Male,2.0,3,Laptop & Accessory,1,Married,4,1,19.0,0.0,1.0,8.0,154
0,0.0,Computer,1,17.0,Credit Card,Male,2.0,3,Laptop & Accessory,5,Married,2,1,13.0,1.0,3.0,3.0,147
0,10.189899366380917,Phone,1,6.0,Debit Card,Female,2.0,3,Mobile,1,Single,2,0,12.0,1.0,5.0,7.0,121
1,7.0,Computer,1,30.0,Debit Card,Male,2.9315348837209303,3,Mobile,3,Married,4,1,22.0,0.0,1.0,0.0,132
0,11.0,Mobile Phone,1,29.0,Debit Card,Male,2.0,3,Laptop & Accessory,1,Married,10,0,14.0,0.0,1.0,2.0,157
1,0.0,Phone,1,15.639895891429633,CC,Male,2.0,3,Mobile,4,Married,3,1,13.0,1.0,1.0,2.0,124
0,1.0,Phone,1,14.0,Debit Card,Female,3.0,3,Mobile,1,Single,2,0,21.0,1.0,1.0,2.0,133
0,22.0,Computer,1,16.0,Debit Card,Female,2.0,3,Others,5,Single,10,1,11.0,1.7510234462225531,1.0,2.0,287
0,9.0,Phone,1,9.0,COD,Male,1.0,3,Laptop & Accessory,4,Single,5,0,12.0,2.0,7.0,7.0,145
0,4.0,Computer,3,11.0,E wallet,Female,2.9315348837209303,3,Mobile,4,Married,2,0,11.0,0.0,2.0,2.0,128
1,0.0,Mobile Phone,3,10.0,E wallet,Male,2.0,4,Laptop & Accessory,1,Single,2,1,12.0,4.0,7.0,4.0,158
0,10.0,Computer,1,15.639895891429633,CC,Male,2.0,3,Mobile,1,Married,2,1,12.0,0.0,1.0,2.0,123
0,15.0,Computer,3,32.0,E wallet,Female,3.0,3,Grocery,4,Married,6,0,14.0,3.0,3.0080044676098288,8.0,235
1,10.189899366380917,Mobile Phone,1,9.0,Debit Card,Male,2.0,3,Mobile Phone,3,Single,2,0,13.0,1.0,1.0,0.0,114
0,8.0,Mobile Phone,3,22.0,E wallet,Male,3.0,3,Fashion,4,Married,1,0,15.0,3.0,6.0,9.0,180
0,9.0,Computer,1,24.0,Debit Card,Male,2.0,1,Mobile Phone,1,Married,5,0,18.0,1.0,1.0,0.0,137
0,24.0,Mobile Phone,1,8.0,Credit Card,Male,2.0,5,Laptop & Accessory,4,Married,6,0,18.0,0.0,1.0,2.0,155
0,14.0,Mobile Phone,3,8.0,Debit Card,Male,2.0,3,Grocery,4,Single,2,0,19.0,1.0,3.0080044676098288,4.0,260
0,10.189899366380917,Mobile Phone,3,16.0,Credit Card,Female,3.0,4,Mobile Phone,3,Single,2,0,12.0,0.0,1.0,0.0,112
0,1.0,Mobile Phone,1,22.0,Credit Card,Male,3.0,1,Laptop & Accessory,5,Single,1,0,19.0,0.0,1.0,7.0,157
0,4.0,Mobile Phone,3,13.0,COD,Male,3.0,1,Laptop & Accessory,1,Married,5,0,11.0,3.0,7.0,7.0,169
0,12.0,Mobile Phone,1,6.0,Credit Card,Male,2.0,1,Fashion,1,Married,1,0,17.0,1.0,3.0,7.0,196
0,9.0,Computer,1,30.0,Debit Card,Female,2.0,3,Laptop & Accessory,4,Married,8,0,15.0,1.0,1.0,8.0,157
0,5.0,Mobile Phone,3,13.0,Debit Card,Male,3.0,4,Laptop & Accessory,3,Married,2,0,14.0,3.0,4.0,8.0,155
0,11.0,Mobile Phone,1,31.0,Debit Card,Female,2.0,4,Fashion,4,Married,4,0,17.0,0.0,1.0,4.543490512868683,221
0,30.0,Computer,1,6.0,Debit Card,Male,2.0,5,Laptop & Accessory,3,Married,3,1,13.0,1.0,1.0,2.0,157
0,4.0,Phone,1,11.0,COD,Male,2.0,3,Mobile Phone,1,Married,1,1,12.0,1.0,1.0,3.0,148
0,4.0,Mobile Phone,2,8.0,UPI,Male,3.0,4,Laptop & Accessory,5,Married,4,0,12.0,0.0,1.0,0.0,164
0,18.0,Computer,1,13.0,Debit Card,Male,3.0,3,Fashion,5,Married,2,0,18.0,2.0,9.0,11.0,152
0,4.0,Phone,1,8.0,Debit Card,Male,2.9315348837209303,3,Mobile,1,Married,1,1,18.0,2.0,2.0,2.0,127
0,6.0,Computer,1,11.0,Debit Card,Female,3.0,3,Fashion,4,Married,7,0,11.0,7.0,8.0,4.543490512868683,219
0,0.0,Mobile Phone,1,16.0,Credit Card,Male,3.0,3,Grocery,5,Married,2,1,14.0,1.7510234462225531,11.0,10.0,271
0,16.0,Computer,1,15.639895891429633,Debit Card,Female,2.0,3,Mobile,1,Single,1,0,19.0,0.0,1.0,7.0,125
0,22.0,Mobile Phone,1,6.0,Cash on Delivery,Female,2.0,4,Grocery,3,Single,8,1,12.0,0.0,3.0080044676098288,7.0,240
1,15.0,Phone,1,14.0,Credit Card,Male,2.0,4,Laptop & Accessory,4,Married,3,0,15.0,7.0,7.0,7.0,149
0,0.0,Phone,1,15.639895891429633,Debit Card,Female,2.0,3,Mobile,4,Single,2,1,12.0,0.0,1.0,2.0,125
0,5.0,Mobile Phone,3,14.0,COD,Female,3.0,4,Laptop & Accessory,4,Married,2,1,11.0,11.0,11.0,9.0,152
0,0.0,Phone,3,8.0,Debit Card,Male,3.0,3,Laptop & Accessory,3,Single,2,1,11.0,0.0,1.0,4.0,145
0,4.0,Mobile Phone,3,13.0,E wallet,Male,3.0,3,Laptop & Accessory,1,Married,5,0,12.0,0.0,1.0,7.0,175
0,5.0,Mobile Phone,1,8.0,Credit Card,Female,3.0,1,Laptop & Accessory,1,Single,8,0,16.0,0.0,1.0,7.0,151
1,0.0,Phone,1,8.0,CC,Male,2.0,5,Mobile,1,Married,6,1,13.0,1.0,2.0,2.0,135
0,3.0,Mobile Phone,1,34.0,Credit Card,Female,3.0,3,Laptop & Accessory,1,Married,2,0,13.0,1.0,1.0,9.0,158
0,4.0,Computer,1,13.0,Debit Card,Female,2.0,4,Fashion,3,Married,2,0,24.0,7.0,8.0,9.0,189
0,12.0,Computer,1,13.0,Credit Card,Male,2.0,4,Others,1,Married,2,0,15.707921714818266,6.0,13.0,3.0,293
1,2.0,Mobile Phone,3,9.0,Credit Card,Female,2.0,3,Laptop & Accessory,3,Married,5,1,18.0,1.0,1.0,0.0,152
0,6.0,Computer,3,16.0,E wallet,Male,2.0,4,Laptop & Accessory,1,Single,4,0,14.0,1.0,1.0,1.0,147
0,20.0,Mobile Phone,1,11.0,Debit Card,Male,2.0,3,Others,3,Married,5,0,11.0,1.7510234462225531,1.0,1.0,283
0,16.0,Computer,1,16.0,Debit Card,Female,2.0,4,Laptop & Accessory,3,Married,2,0,11.0,1.0,1.0,0.0,153
0,0.0,Computer,3,6.0,E wallet,Male,3.0,3,Laptop & Accessory,4,Married,1,1,13.0,0.0,1.0,4.0,163
0,27.0,Computer,1,26.0,Debit Card,Female,2.0,3,Laptop & Accessory,3,Single,4,0,12.0,0.0,1.0,3.0,149
0,16.0,Mobile Phone,1,13.0,Debit Card,Female,2.0,3,Fashion,5,Married,9,0,16.0,1.0,1.0,0.0,200
0,18.0,Phone,1,14.0,UPI,Male,3.0,3,Laptop & Accessory,1,Married,10,0,14.0,8.0,9.0,8.0,137
0,13.0,Mobile Phone,3,6.0,Credit Card,Male,2.0,5,Laptop & Accessory,1,Married,3,1,22.0,1.0,1.0,2.0,175
1,10.189899366380917,Phone,1,14.0,UPI,Male,3.0,5,Mobile,5,Married,2,1,11.0,0.0,1.0,7.0,121
0,2.0,Phone,1,15.0,UPI,Male,1.0,4,Mobile Phone,1,Single,1,0,17.0,1.0,2.0,2.0,140
0,3.0,Mobile Phone,3,11.0,E wallet,Female,1.0,4,Laptop & Accessory,3,Married,2,0,13.0,1.0,1.0,2.0,161
0,0.0,Mobile Phone,3,14.0,E wallet,Female,2.0,3,Laptop & Accessory,4,Married,2,0,18.0,0.0,1.0,7.0,162
0,10.0,Mobile Phone,1,11.0,Credit Card,Male,3.0,3,Laptop & Accessory,1,Married,8,0,16.0,1.0,1.0,4.0,163
0,11.0,Mobile Phone,1,21.0,Debit Card,Male,3.0,4,Fashion,1,Married,1,1,14.0,2.0,2.0,4.543490512868683,215
0,4.0,Mobile Phone,1,13.0,Credit Card,Female,2.0,3,Fashion,1,Single,2,1,14.0,4.0,4.0,10.0,171
0,2.0,Mobile Phone,3,16.0,E wallet,Female,2.0,4,Laptop & Accessory,4,Married,2,1,14.0,1.0,1.0,7.0,183
0,8.0,Mobile Phone,1,11.0,COD,Male,3.0,3,Fashion,4,Single,1,0,13.0,1.0,1.0,13.0,181
0,0.0,Phone,1,32.0,Debit Card,Male,2.9315348837209303,3,Mobile,1,Married,2,0,12.0,0.0,1.0,2.0,129
0,14.0,Mobile Phone,1,12.0,Credit Card,Male,3.0,4,Laptop & Accessory,4,Single,7,1,15.0,1.0,1.0,2.0,160
0,20.0,Computer,3,10.0,CC,Male,2.9315348837209303,3,Laptop & Accessory,3,Single,4,0,19.0,0.0,1.0,0.0,130
0,15.0,Mobile Phone,1,29.0,Debit Card,Female,2.0,3,Grocery,1,Single,3,0,14.0,0.0,3.0080044676098288,0.0,260
0,2.0,Computer,3,8.0,Debit Card,Male,3.0,3,Laptop & Accessory,3,Married,2,0,14.0,1.0,1.0,2.0,146
0,15.0,Phone,2,8.0,COD,Male,2.9315348837209303,3,Mobile,3,Married,1,1,11.0,1.0,1.0,0.0,127
0,5.0,Phone,1,15.639895891429633,CC,Female,3.0,3,Mobile,4,Married,2,0,13.0,0.0,1.0,7.0,124
0,21.0,Mobile Phone,3,35.0,Credit Card,Female,3.0,3,Fashion,3,Married,4,0,21.0,0.0,1.0,4.543490512868683,225
0,10.0,Mobile Phone,1,12.0,Credit Card,Male,2.0,1,Laptop & Accessory,5,Married,5,1,13.0,6.0,6.0,7.0,160
0,3.0,Computer,3,31.0,COD,Female,2.0,3,Laptop & Accessory,3,Married,8,1,12.0,2.0,2.0,2.0,147
0,0.0,Mobile Phone,3,6.0,Debit Card,Male,2.0,3,Laptop & Accessory,3,Married,2,0,17.0,0.0,7.0,7.0,153
0,15.0,Mobile Phone,1,8.0,UPI,Male,3.0,4,Laptop & Accessory,1,Single,4,0,23.0,1.0,1.0,0.0,168
1,10.189899366380917,Computer,3,6.0,Cash on Delivery,Female,3.0,4,Mobile,4,Single,2,1,11.0,1.0,1.0,2.0,122
0,9.0,Computer,3,6.0,Credit Card,Female,2.0,3,Laptop & Accessory,1,Single,5,0,15.0,1.0,1.0,0.0,167
0,9.0,Computer,3,9.0,Credit Card,Male,2.0,4,Fashion,1,Married,5,0,11.0,0.0,1.0,12.0,197
0,30.0,Mobile Phone,1,6.0,Credit Card,Male,2.0,3,Laptop & Accessory,3,Married,3,0,11.0,0.0,1.0,2.0,168
0,10.189899366380917,Phone,1,16.0,Debit Card,Female,2.0,1,Mobile,3,Married,4,1,13.0,0.0,1.0,7.0,122
0,0.0,Computer,3,15.639895891429633,CC,Male,2.0,3,Mobile,1,Single,2,0,24.0,2.0,2.0,2.0,126
1,0.0,Phone,3,11.0,E wallet,Female,2.9315348837209303,3,Mobile,3,Single,2,1,13.0,0.0,1.0,0.0,129
0,10.0,Phone,1,16.0,CC,Female,3.0,3,Mobile,5,Married,7,0,20.0,1.0,1.0,3.0,135
0,19.0,Computer,1,13.0,Credit Card,Female,1.0,3,Laptop & Accessory,3,Married,3,0,14.0,1.0,1.0,0.0,153
1,4.0,Computer,3,10.0,E wallet,Male,2.0,3,Laptop & Accessory,4,Single,2,0,18.0,4.0,7.0,7.0,194
0,23.0,Mobile Phone,1,16.0,Cash on Delivery,Male,3.0,4,Fashion,1,Single,7,0,15.0,1.0,1.0,3.0,205
1,3.0,Mobile Phone,3,28.0,E wallet,Male,3.0,4,Laptop & Accessory,3,Married,3,1,12.0,1.0,1.0,0.0,164
0,4.0,Phone,1,15.639895891429633,Debit Card,Male,2.0,4,Mobile,4,Single,1,1,16.0,2.0,2.0,2.0,127
1,0.0,Phone,3,18.0,Debit Card,Female,2.9315348837209303,1,Mobile,4,Single,2,0,15.0,0.0,1.0,0.0,127
0,10.189899366380917,Phone,1,29.0,Debit Card,Male,2.0,3,Mobile,1,Single,10,0,16.0,0.0,1.0,2.0,122
0,8.0,Mobile Phone,1,15.0,Debit Card,Male,3.0,4,Laptop & Accessory,4,Single,10,0,19.0,0.0,1.0,0.0,165
0,0.0,Phone,1,6.0,Credit Card,Male,2.0,3,Mobile Phone,4,Married,2,0,11.0,0.0,1.0,4.0,138
0,1.0,Mobile Phone,3,15.0,Debit Card,Male,3.0,3,Laptop & Accessory,1,Single,2,0,16.0,1.0,1.0,7.0,153
0,22.0,Mobile Phone,1,13.0,UPI,Male,2.0,4,Fashion,3,Single,9,0,24.0,1.0,1.0,4.543490512868683,210
0,24.0,Phone,3,20.0,Debit Card,Female,2.0,3,Laptop & Accessory,1,Married,5,0,11.0,1.0,1.0,7.0,149
0,9.0,Phone,1,15.639895891429633,Debit Card,Female,3.0,3,Mobile,3,Married,5,0,13.0,2.0,2.0,2.0,125
1,0.0,Computer,3,25.0,E wallet,Male,3.0,1,Laptop & Accessory,1,Single,9,1,13.0,0.0,1.0,4.0,153
0,28.0,Mobile Phone,1,8.0,Debit Card,Female,3.0,3,Grocery,1,Single,3,1,13.0,1.7510234462225531,1.0,2.0,267
0,0.0,Phone,3,16.0,E wallet,Female,3.0,3,Laptop & Accessory,3,Married,2,1,12.0,0.0,1.0,3.0,143
0,3.0,Phone,3,15.639895891429633,COD,Male,3.0,3,Mobile,4,Married,2,0,18.0,1.0,1.0,0.0,125
1,0.0,Computer,1,9.0,COD,Male,2.9315348837209303,3,Mobile,5,Single,1,0,22.0,0.0,1.0,4.0,131
0,10.189899366380917,Phone,1,17.0,CC,Female,2.0,3,Mobile,4,Married,2,0,13.0,1.0,1.0,2.0,122
0,9.0,Mobile Phone,3,8.0,Credit Card,Male,3.0,4,Fashion,3,Married,2,0,13.0,8.0,9.0,0.0,176
1,10.189899366380917,Computer,1,10.0,COD,Male,2.0,3,Mobile,1,Single,10,1,23.0,1.0,1.0,0.0,123
0,10.0,Phone,1,20.0,Debit Card,Female,2.9315348837209303,3,Mobile,5,Married,2,0,12.0,10.0,12.0,17.0,130
0,13.0,Mobile Phone,3,8.0,E wallet,Female,2.0,3,Laptop & Accessory,4,Married,8,0,12.0,0.0,1.0,3.0,157
0,15.0,Phone,1,15.639895891429633,Debit Card,Female,3.0,3,Mobile,5,Married,4,0,16.0,0.0,1.0,2.0,126
0,10.0,Phone,1,16.0,Debit Card,Male,2.0,3,Laptop & Accessory,4,Single,3,1,12.0,0.0,1.0,1.0,142
0,16.0,Mobile Phone,1,18.0,Debit Card,Male,2.0,4,Grocery,4,Married,2,0,11.0,3.0,3.0080044676098288,9.0,243
0,13.0,Phone,1,8.0,CC,Female,3.0,4,Laptop & Accessory,3,Married,7,0,22.0,1.0,1.0,0.0,134
0,27.0,Mobile Phone,1,11.0,Credit Card,Male,2.0,3,Others,5,Married,5,0,15.707921714818266,1.0,1.0,2.0,294
0,7.0,Computer,3,10.0,E wallet,Female,3.0,3,Laptop & Accessory,3,Married,10,0,15.0,0.0,1.0,2.0,165
0,4.0,Phone,1,13.0,Credit Card,Female,2.0,3,Laptop & Accessory,5,Married,2,0,12.0,3.0,3.0,12.0,143
0,10.189899366380917,Computer,1,27.0,CC,Male,3.0,3,Mobile,1,Married,8,0,20.0,1.0,1.0,2.0,123
0,16.0,Phone,1,14.0,UPI,Female,3.0,3,Laptop & Accessory,3,Married,5,1,14.0,1.0,1.0,2.0,145
0,0.0,Phone,3,10.0,Debit Card,Female,3.0,4,Laptop & Accessory,1,Single,2,1,11.0,0.0,1.0,3.0,145
0,10.0,Computer,1,31.0,Credit Card,Female,3.0,3,Laptop & Accessory,3,Married,4,1,15.0,4.0,10.0,7.0,144
0,10.189899366380917,Phone,1,6.0,Debit Card,Male,3.0,4,Mobile,5,Married,2,0,12.0,3.0,3.0,2.0,122
0,12.0,Computer,1,6.0,Debit Card,Male,2.0,3,Others,3,Married,2,1,14.0,0.0,1.0,6.0,292
0,29.0,Computer,3,12.0,Debit Card,Female,2.0,1,Grocery,5,Married,10,0,11.0,6.0,3.0080044676098288,7.0,232
0,3.0,Mobile Phone,3,18.0,COD,Female,2.0,3,Laptop & Accessory,3,Single,1,0,11.0,3.0,4.0,4.0,166
0,14.0,Mobile Phone,3,6.0,E wallet,Male,2.0,1,Fashion,5,Married,2,0,16.0,1.0,1.0,7.0,184
0,1.0,Phone,1,23.0,Credit Card,Male,3.0,3,Laptop & Accessory,5,Married,2,0,12.0,0.0,1.0,8.0,146
1,0.0,Phone,1,9.0,Credit Card,Male,3.0,3,Mobile Phone,5,Married,6,0,13.0,1.0,1.0,2.0,140
0,25.0,Mobile Phone,1,9.0,Credit Card,Male,2.0,4,Fashion,3,Married,3,1,14.0,1.0,1.0,4.0,180
0,18.0,Phone,1,15.639895891429633,Debit Card,Male,3.0,3,Mobile,1,Married,4,0,21.0,0.0,1.0,2.0,127
0,25.0,Mobile Phone,1,10.0,Debit Card,Female,1.0,3,Grocery,1,Married,3,0,13.0,1.7510234462225531,1.0,4.0,266
0,15.0,Computer,1,35.0,Debit Card,Female,3.0,3,Laptop & Accessory,3,Married,3,0,11.0,1.0,1.0,2.0,146
0,3.0,Mobile Phone,1,8.0,Debit Card,Female,2.0,5,Laptop & Accessory,1,Single,3,0,20.0,1.0,1.0,2.0,161
0,30.0,Mobile Phone,1,13.0,Debit Card,Female,2.0,3,Others,5,Married,6,0,15.707921714818266,1.0,11.0,10.0,296
0,19.0,Phone,1,24.0,Credit Card,Female,2.0,3,Laptop & Accessory,3,Married,3,0,14.0,1.0,1.0,8.0,148
0,15.0,Computer,1,34.0,COD,Female,2.0,4,Laptop & Accessory,1,Married,1,0,11.0,0.0,1.0,4.0,145
1,0.0,Phone,3,6.0,COD,Female,3.0,3,Mobile,4,Single,2,1,16.0,0.0,1.0,4.0,132
1,0.0,Computer,3,15.639895891429633,E wallet,Female,2.0,5,Mobile,3,Married,1,0,16.0,0.0,1.0,0.0,124
0,10.189899366380917,Computer,1,8.0,Debit Card,Male,2.0,3,Mobile Phone,1,Married,2,1,23.0,1.0,1.0,0.0,117
0,13.0,Mobile Phone,3,8.0,Debit Card,Female,3.0,3,Others,3,Married,1,0,14.0,1.7510234462225531,1.0,12.0,280
0,0.0,Phone,1,29.0,Debit Card,Female,2.9315348837209303,3,Mobile,1,Married,2,0,22.0,0.0,1.0,2.0,129
0,10.189899366380917,Computer,1,9.0,Debit Card,Male,2.0,3,Mobile,1,Married,5,0,15.0,1.0,1.0,4.0,121
0,2.0,Mobile Phone,1,9.0,Credit Card,Male,3.0,4,Fashion,3,Married,2,0,18.0,0.0,1.0,4.543490512868683,219
1,0.0,Phone,1,15.639895891429633,COD,Female,3.0,4,Mobile,4,Married,6,0,16.0,1.0,1.0,1.0,125
1,0.0,Phone,2,15.639895891429633,COD,Male,2.0,4,Mobile,1,Single,2,0,12.0,0.0,1.0,0.0,126
0,3.0,Computer,3,28.0,UPI,Female,3.0,3,Fashion,5,Married,1,0,11.0,3.0,7.0,8.0,184
0,30.0,Mobile Phone,3,35.0,E wallet,Male,2.0,4,Grocery,1,Married,4,0,12.0,1.0,3.0080044676098288,0.0,241
0,23.0,Mobile Phone,1,35.0,Debit Card,Male,2.0,4,Grocery,3,Married,1,0,15.0,1.7510234462225531,15.0,7.0,270
0,3.0,Computer,1,15.639895891429633,CC,Female,2.0,3,Mobile,1,Single,1,0,14.0,1.0,6.0,7.0,126
0,30.0,Computer,3,34.0,E wallet,Female,3.0,4,Fashion,5,Married,5,0,19.0,3.0,13.0,11.0,203
0,20.0,Mobile Phone,1,8.0,Credit Card,Female,3.0,3,Laptop & Accessory,1,Married,6,0,13.0,0.0,1.0,4.0,151
0,19.0,Mobile Phone,1,8.0,Debit Card,Male,2.0,3,Grocery,3,Married,7,0,13.0,1.7510234462225531,1.0,1.0,279
0,8.0,Phone,1,28.0,Debit Card,Male,2.0,5,Mobile Phone,3,Single,1,0,15.0,1.0,4.0,3.0,142
0,27.0,Phone,1,5.0,Debit Card,Female,2.0,3,Laptop & Accessory,3,Single,8,0,11.0,0.0,1.0,0.0,138
0,7.0,Phone,1,8.0,Debit Card,Male,2.9315348837209303,4,Mobile,3,Married,4,0,12.0,3.0,5.0,7.0,128
0,5.0,Mobile Phone,3,16.0,E wallet,Female,3.0,4,Fashion,1,Married,3,1,19.0,0.0,1.0,2.0,191
0,4.0,Mobile Phone,1,15.0,Debit Card,Male,2.0,3,Fashion,4,Married,2,0,25.0,0.0,1.0,8.0,206
1,0.0,Mobile Phone,1,21.0,Credit Card,Male,2.0,3,Fashion,3,Married,8,1,12.0,3.0,3.0080044676098288,7.0,236
1,0.0,Phone,1,16.0,CC,Male,2.0,5,Mobile,1,Married,8,0,13.0,0.0,1.0,3.0,134
0,3.0,Phone,3,13.0,E wallet,Male,2.9315348837209303,3,Mobile,4,Single,1,0,14.0,0.0,1.0,2.0,130
0,8.0,Mobile Phone,1,22.0,Debit Card,Male,3.0,3,Fashion,3,Married,5,1,12.0,0.0,1.0,0.0,176
1,0.0,Computer,1,26.0,Debit Card,Male,3.0,3,Fashion,3,Married,4,0,12.0,1.0,1.0,0.0,198
1,0.0,Computer,2,29.0,UPI,Female,2.0,3,Fashion,5,Married,10,1,15.0,1.0,1.0,2.0,200
0,10.189899366380917,Computer,1,11.0,UPI,Male,3.0,3,Mobile,3,Married,5,0,17.0,0.0,2.0,0.0,121
0,9.0,Computer,3,16.0,Credit Card,Male,2.0,3,Fashion,1,Single,2,0,14.0,8.0,9.0,7.0,200
1,0.0,Computer,1,10.0,COD,Male,3.0,4,Mobile Phone,3,Single,6,0,16.0,0.0,1.0,2.0,139
0,21.0,Phone,3,8.0,E wallet,Female,2.0,3,Laptop & Accessory,1,Married,3,0,14.0,6.0,6.0,7.0,141
0,28.0,Mobile Phone,3,24.0,Debit Card,Female,2.0,3,Grocery,4,Single,4,0,23.0,1.7510234462225531,7.0,8.0,268
0,14.0,Computer,3,16.0,Debit Card,Male,2.0,3,Laptop & Accessory,1,Single,8,0,14.0,0.0,1.0,10.0,162
0,8.0,Phone,3,6.0,E wallet,Male,2.0,3,Laptop & Accessory,3,Married,10,0,11.0,0.0,6.0,9.0,147
0,13.0,Mobile Phone,1,12.0,Debit Card,Female,3.0,3,Grocery,3,Single,8,0,15.0,4.0,3.0080044676098288,13.0,232
0,12.0,Computer,1,14.0,Debit Card,Female,2.0,3,Mobile Phone,3,Married,2,0,11.0,1.0,1.0,7.0,138
0,4.0,Mobile Phone,3,8.0,Debit Card,Male,3.0,3,Laptop & Accessory,1,Single,5,1,13.0,1.0,1.0,5.0,166
0,15.0,Mobile Phone,1,30.0,Credit Card,Male,2.0,3,Fashion,5,Married,2,1,21.0,5.0,5.0,8.0,174
0,18.0,Phone,3,8.0,UPI,Male,3.0,3,Laptop & Accessory,4,Married,1,0,19.0,3.0,3.0,7.0,148
1,0.0,Computer,2,23.0,Debit Card,Female,2.9315348837209303,3,Mobile,3,Married,1,1,11.0,0.0,1.0,0.0,127
0,2.0,Phone,1,25.0,COD,Male,2.0,3,Laptop & Accessory,1,Married,5,0,12.0,1.0,1.0,2.0,143
0,6.0,Mobile Phone,1,6.0,Credit Card,Female,3.0,1,Grocery,3,Married,5,0,19.0,1.7510234462225531,1.0,5.0,262
0,4.0,Mobile Phone,3,13.0,Debit Card,Male,2.0,4,Fashion,1,Married,10,0,21.0,1.0,1.0,4.543490512868683,216
1,10.189899366380917,Computer,3,11.0,E wallet,Male,3.0,3,Mobile Phone,4,Single,2,1,14.0,1.0,1.0,0.0,119
0,13.0,Computer,3,34.0,UPI,Male,2.0,5,Fashion,5,Married,4,0,15.0,0.0,1.0,4.543490512868683,209
0,14.0,Computer,1,8.0,UPI,Female,3.0,4,Laptop & Accessory,3,Single,3,1,17.0,0.0,1.0,7.0,168
0,0.0,Phone,3,35.0,Credit Card,Male,2.0,3,Laptop & Accessory,3,Married,6,0,12.0,0.0,1.0,0.0,143
0,8.0,Phone,3,6.0,Credit Card,Female,3.0,3,Laptop & Accessory,3,Single,2,0,16.0,1.0,1.0,3.0,149
0,7.0,Mobile Phone,3,27.0,Debit Card,Male,3.0,1,Laptop & Accessory,1,Single,2,0,12.0,0.0,5.0,7.0,153
1,0.0,Phone,1,15.639895891429633,COD,Male,3.0,5,Mobile,1,Single,2,1,18.0,0.0,1.0,0.0,123
0,10.0,Mobile Phone,1,6.0,COD,Female,2.0,3,Fashion,1,Single,5,0,17.0,1.0,1.0,2.0,175
0,19.0,Computer,1,24.0,Credit Card,Female,2.0,3,Fashion,3,Married,6,0,11.0,0.0,1.0,2.0,205
0,14.0,Mobile Phone,3,8.0,Debit Card,Female,3.0,3,Grocery,5,Married,8,0,16.0,1.7510234462225531,11.0,8.0,266
0,10.0,Computer,3,15.0,Credit Card,Male,3.0,3,Fashion,4,Married,2,0,13.0,1.0,7.0,7.0,188
0,25.0,Mobile Phone,1,12.0,COD,Male,3.0,3,Laptop & Accessory,5,Married,4,1,12.0,2.0,6.0,9.0,156
1,0.0,Computer,3,17.0,UPI,Male,2.0,1,Laptop & Accessory,3,Married,9,0,12.0,1.0,1.0,2.0,147
0,0.0,Computer,3,15.639895891429633,CC,Male,2.0,3,Mobile,1,Married,1,0,13.0,1.0,2.0,1.0,124
0,11.0,Mobile Phone,1,16.0,Credit Card,Female,3.0,3,Laptop & Accessory,3,Married,4,0,19.0,0.0,1.0,0.0,198
0,10.0,Mobile Phone,1,6.0,Debit Card,Female,3.0,3,Laptop & Accessory,4,Married,7,0,12.0,4.0,4.0,3.0,164
0,22.0,Mobile Phone,1,24.0,Debit Card,Male,2.0,4,Others,3,Married,2,1,15.707921714818266,1.0,1.0,9.0,295
0,0.0,Phone,1,29.0,CC,Male,2.9315348837209303,1,Mobile,1,Married,2,1,11.0,0.0,1.0,4.0,127
0,0.0,Mobile Phone,3,34.0,E wallet,Male,3.0,3,Laptop & Accessory,4,Married,2,0,20.0,0.0,1.0,4.0,163
0,10.189899366380917,Phone,1,23.0,UPI,Male,3.0,4,Mobile,4,Married,2,0,21.0,1.0,1.0,0.0,121
0,23.0,Computer,2,9.0,Credit Card,Male,3.0,3,Others,4,Married,2,0,11.0,1.7510234462225531,10.0,7.0,282
0,10.189899366380917,Phone,3,19.0,CC,Male,2.0,3,Mobile,3,Married,2,0,11.0,1.0,1.0,6.0,121
1,0.0,Computer,1,13.0,Debit Card,Female,2.9315348837209303,3,Mobile,3,Married,2,1,16.0,0.0,1.0,2.0,129
1,10.189899366380917,Computer,3,18.0,Debit Card,Male,3.0,4,Mobile,5,Married,2,0,18.0,1.0,1.0,0.0,120
0,7.0,Phone,1,6.0,Debit Card,Male,2.0,4,Mobile Phone,1,Married,2,1,13.0,1.0,1.0,3.0,136
1,0.0,Phone,3,19.0,Credit Card,Male,2.0,3,Laptop & Accessory,5,Married,3,0,17.0,0.0,1.0,2.0,142
0,8.0,Phone,1,31.0,UPI,Male,2.0,4,Laptop & Accessory,1,Single,5,0,14.0,1.0,1.0,2.0,137
0,4.0,Mobile Phone,3,12.0,Credit Card,Male,3.0,1,Laptop & Accessory,1,Married,5,0,22.0,5.0,5.0,7.0,155
0,10.189899366380917,Phone,1,12.0,CC,Female,3.0,4,Mobile,3,Married,1,0,12.0,0.0,1.0,3.0,122
0,10.0,Mobile Phone,3,8.0,E wallet,Male,3.0,3,Laptop & Accessory,3,Married,5,1,11.0,0.0,1.0,0.0,196
0,0.0,Phone,1,6.0,Debit Card,Female,2.9315348837209303,4,Mobile,4,Single,2,0,13.0,0.0,1.0,0.0,128
0,15.0,Phone,1,8.0,Debit Card,Female,2.0,3,Laptop & Accessory,1,Married,2,0,13.0,0.0,2.0,2.0,141
0,16.0,Mobile Phone,1,12.0,UPI,Male,2.0,4,Grocery,1,Married,5,1,14.0,1.7510234462225531,1.0,0.0,266
0,11.0,Phone,1,15.639895891429633,Debit Card,Female,2.0,3,Mobile,5,Single,4,0,17.0,0.0,1.0,0.0,126
0,16.0,Computer,1,15.0,Credit Card,Male,3.0,3,Laptop & Accessory,3,Married,4,1,13.0,1.0,4.0,7.0,157
0,21.0,Mobile Phone,1,6.0,Debit Card,Female,2.0,4,Grocery,5,Married,8,0,11.0,0.0,3.0080044676098288,2.0,254
0,17.0,Mobile Phone,2,6.0,Debit Card,Female,2.0,4,Laptop & Accessory,3,Single,5,0,11.0,1.0,1.0,2.0,160
0,7.0,Phone,3,15.639895891429633,COD,Female,2.0,3,Mobile,3,Married,2,1,18.0,1.0,1.0,6.0,126
1,0.0,Phone,3,8.0,E wallet,Male,2.9315348837209303,3,Mobile,5,Married,1,0,11.0,1.0,1.0,2.0,130
0,0.0,Phone,3,28.0,COD,Male,2.0,3,Mobile,3,Single,2,0,11.0,0.0,1.0,2.0,134
0,17.0,Mobile Phone,1,9.0,UPI,Male,2.0,3,Others,1,Married,5,1,15.707921714818266,0.0,1.0,1.0,295
0,0.0,Phone,1,12.0,CC,Male,2.9315348837209303,3,Mobile,3,Married,1,0,20.0,1.0,2.0,2.0,128
0,6.0,Mobile Phone,3,14.0,E wallet,Male,2.0,3,Laptop & Accessory,3,Married,1,0,12.0,0.0,1.0,2.0,171
0,5.0,Mobile Phone,1,15.0,Debit Card,Female,3.0,3,Laptop & Accessory,1,Married,2,1,12.0,1.0,1.0,5.0,163
0,10.189899366380917,Computer,1,9.0,CC,Female,3.0,3,Mobile,3,Married,2,0,20.0,1.0,1.0,0.0,121
0,26.0,Mobile Phone,3,6.0,Credit Card,Female,2.0,3,Laptop & Accessory,5,Single,8,0,20.0,4.0,8.0,10.0,184
0,7.0,Phone,1,6.0,Debit Card,Male,2.9315348837209303,3,Mobile,1,Married,2,0,12.0,1.0,8.0,8.0,127
1,8.0,Computer,3,32.0,Debit Card,Female,3.0,3,Laptop & Accessory,5,Married,3,0,14.0,0.0,1.0,0.0,143
0,0.0,Mobile Phone,1,12.0,Debit Card,Female,3.0,3,Mobile Phone,1,Married,2,1,13.0,0.0,1.0,2.0,56
0,10.0,Mobile Phone,1,9.0,UPI,Male,2.0,3,Fashion,3,Married,2,0,15.0,7.0,7.0,8.0,194
0,2.0,Mobile Phone,3,9.0,Credit Card,Female,3.0,3,Laptop & Accessory,3,Married,2,0,14.0,0.0,1.0,2.0,156
0,8.0,Mobile Phone,1,12.0,Debit Card,Male,2.0,5,Laptop & Accessory,1,Single,2,0,13.0,0.0,11.0,8.0,166
0,6.0,Computer,1,12.0,Debit Card,Male,1.0,3,Laptop & Accessory,1,Married,4,0,23.0,3.0,4.0,7.0,177
0,27.0,Mobile Phone,2,25.0,Credit Card,Male,2.0,3,Fashion,4,Married,3,0,15.0,2.0,7.0,1.0,207
0,9.0,Mobile Phone,1,15.0,Credit Card,Male,2.0,4,Laptop & Accessory,4,Married,3,1,11.0,0.0,1.0,2.0,188
0,10.189899366380917,Phone,1,9.0,CC,Male,2.0,4,Mobile,1,Single,1,0,13.0,1.0,1.0,1.0,120
1,0.0,Mobile Phone,1,16.0,Credit Card,Male,2.0,3,Mobile Phone,3,Single,2,1,11.0,1.0,1.0,1.0,110
1,0.0,Computer,1,9.0,Debit Card,Male,3.0,3,Mobile,5,Single,2,1,11.0,5.0,9.0,7.0,133
0,10.189899366380917,Computer,1,9.0,Debit Card,Male,2.0,4,Mobile Phone,3,Married,2,0,18.0,1.0,1.0,0.0,113
0,0.0,Phone,1,10.0,CC,Male,2.9315348837209303,1,Mobile,5,Married,3,0,16.0,0.0,1.0,2.0,128
0,0.0,Phone,3,14.0,Debit Card,Male,2.0,1,Laptop & Accessory,4,Married,1,0,22.0,1.0,1.0,2.0,149
0,11.0,Phone,3,13.0,E wallet,Female,2.0,4,Laptop & Accessory,1,Single,1,0,20.0,1.0,1.0,5.0,140
0,2.0,Computer,1,6.0,Debit Card,Male,2.9315348837209303,5,Mobile,1,Married,2,0,18.0,0.0,2.0,8.0,127
0,21.0,Mobile Phone,3,8.0,E wallet,Male,2.0,1,Laptop & Accessory,4,Married,4,0,12.0,0.0,2.0,2.0,181
0,0.0,Computer,3,9.0,Credit Card,Female,3.0,1,Laptop & Accessory,1,Married,2,1,20.0,1.0,1.0,4.0,146
0,10.0,Phone,1,16.0,Debit Card,Male,3.0,1,Mobile Phone,1,Single,4,0,17.0,1.0,1.0,0.0,147
0,23.0,Phone,1,34.0,CC,Male,3.0,1,Mobile,3,Married,2,1,11.0,0.0,3.0,8.0,132
0,7.0,Mobile Phone,1,15.0,Credit Card,Female,2.0,4,Fashion,4,Single,2,0,14.0,4.0,7.0,7.0,186
1,0.0,Phone,3,9.0,Debit Card,Female,3.0,3,Laptop & Accessory,3,Single,10,0,14.0,1.0,2.0,0.0,146
0,12.0,Phone,1,8.0,COD,Female,3.0,4,Laptop & Accessory,3,Single,2,0,11.0,1.0,11.0,10.0,146
0,5.0,Mobile Phone,3,16.0,E wallet,Male,2.0,3,Laptop & Accessory,1,Single,2,0,12.0,1.0,1.0,8.0,154
1,13.0,Computer,3,14.0,COD,Male,2.0,3,Laptop & Accessory,3,Married,4,1,14.0,0.0,1.0,3.0,168
0,11.0,Mobile Phone,1,6.0,Debit Card,Female,2.0,1,Laptop & Accessory,1,Single,1,0,13.0,0.0,1.0,8.0,176
0,0.0,Mobile Phone,1,6.0,Debit Card,Female,3.0,3,Fashion,5,Married,2,0,11.0,0.0,1.0,7.0,174
0,5.0,Mobile Phone,1,9.0,Debit Card,Female,2.0,3,Fashion,1,Single,4,0,15.0,6.0,7.0,4.543490512868683,212
0,20.0,Mobile Phone,3,20.0,E wallet,Male,2.0,3,Laptop & Accessory,5,Single,3,0,12.0,1.0,1.0,7.0,150
0,13.0,Computer,3,11.0,Debit Card,Male,2.0,4,Fashion,5,Married,6,1,21.0,0.0,1.0,12.0,205
0,26.0,Mobile Phone,1,13.0,Debit Card,Male,2.0,1,Grocery,3,Married,4,0,19.0,0.0,3.0080044676098288,3.0,248
0,14.0,Mobile Phone,2,16.0,UPI,Male,3.0,4,Others,1,Married,4,0,15.0,1.7510234462225531,12.0,6.0,291
0,30.0,Mobile Phone,3,22.0,E wallet,Male,2.0,3,Laptop & Accessory,5,Single,9,0,14.0,2.0,2.0,2.0,154
0,0.0,Computer,1,16.0,Debit Card,Male,2.0,3,Fashion,5,Married,2,0,21.0,0.0,1.0,7.0,188
0,14.0,Mobile Phone,2,6.0,UPI,Male,2.0,4,Others,3,Married,2,0,12.0,1.7510234462225531,2.0,10.0,292
0,23.0,Phone,3,14.0,E wallet,Male,2.0,3,Mobile Phone,4,Married,8,0,15.0,0.0,2.0,2.0,139
1,10.189899366380917,Phone,1,6.0,Debit Card,Female,3.0,5,Mobile,4,Single,8,1,13.0,1.0,3.0,7.0,122
0,9.0,Computer,1,14.0,Debit Card,Female,3.0,1,Fashion,5,Married,10,0,14.0,0.0,1.0,4.543490512868683,217
0,11.0,Mobile Phone,1,6.0,Debit Card,Female,2.0,3,Fashion,3,Single,5,1,14.0,0.0,1.0,0.0,179
0,17.0,Computer,1,30.0,Credit Card,Male,2.0,5,Mobile Phone,3,Single,3,0,14.0,0.0,1.0,4.0,137
0,20.0,Computer,3,9.0,Credit Card,Female,2.0,3,Grocery,3,Married,10,1,12.0,1.0,3.0080044676098288,13.0,238
0,3.0,Mobile Phone,3,33.0,E wallet,Male,3.0,3,Laptop & Accessory,1,Married,8,0,23.0,2.0,7.0,7.0,153
0,2.0,Phone,3,15.639895891429633,Debit Card,Male,3.0,3,Mobile,3,Single,2,0,11.0,1.0,1.0,0.0,126
1,5.0,Computer,1,25.0,CC,Male,2.9315348837209303,1,Mobile,3,Married,7,1,12.0,0.0,2.0,2.0,128
0,16.0,Computer,3,21.0,Debit Card,Male,2.0,4,Laptop & Accessory,1,Married,4,0,18.0,1.0,2.0,2.0,168
0,7.0,Mobile Phone,1,14.0,Credit Card,Female,3.0,3,Laptop & Accessory,3,Single,4,0,11.0,0.0,4.0,3.0,161
0,0.0,Phone,1,15.639895891429633,CC,Male,2.0,3,Mobile,5,Married,2,0,14.0,1.0,1.0,2.0,125
0,12.0,Mobile Phone,2,9.0,UPI,Female,2.0,1,Laptop & Accessory,4,Married,10,0,15.0,0.0,3.0,6.0,164
0,29.0,Mobile Phone,1,15.0,Credit Card,Male,2.0,3,Grocery,1,Married,8,0,11.0,0.0,1.0,4.543490512868683,211
0,13.0,Phone,1,15.639895891429633,CC,Female,2.0,4,Mobile,1,Single,1,1,20.0,0.0,2.0,3.0,123
0,0.0,Mobile Phone,1,13.0,Credit Card,Female,2.0,4,Laptop & Accessory,5,Single,9,0,19.0,1.0,1.0,7.0,168
0,10.189899366380917,Phone,3,16.0,E wallet,Male,2.0,3,Mobile,4,Married,2,0,14.0,2.0,2.0,2.0,123
0,26.0,Phone,1,15.639895891429633,Debit Card,Male,2.0,3,Laptop & Accessory,1,Single,3,0,17.0,2.0,2.0,2.0,125
0,8.0,Computer,1,8.0,Debit Card,Female,3.0,3,Laptop & Accessory,5,Married,3,0,11.0,1.0,1.0,0.0,151
0,5.0,Computer,1,30.0,Debit Card,Male,3.0,3,Laptop & Accessory,1,Married,2,0,15.0,1.0,4.0,7.0,153
0,11.0,Phone,1,8.0,CC,Male,2.9315348837209303,3,Mobile,3,Married,7,1,13.0,0.0,1.0,1.0,131
0,7.0,Mobile Phone,1,14.0,Debit Card,Female,2.0,3,Laptop & Accessory,5,Married,4,0,14.0,1.0,1.0,0.0,151
0,25.0,Mobile Phone,3,9.0,E wallet,Male,2.0,4,Grocery,5,Married,2,0,11.0,1.7510234462225531,1.0,16.0,269
1,0.0,Phone,1,6.0,UPI,Male,2.9315348837209303,3,Mobile,1,Single,2,1,13.0,6.0,7.0,8.0,127
0,0.0,Mobile Phone,3,32.0,Credit Card,Female,2.0,3,Laptop & Accessory,1,Single,2,0,23.0,0.0,1.0,4.0,162
0,18.0,Mobile Phone,3,8.0,COD,Male,2.0,5,Laptop & Accessory,3,Single,1,0,13.0,1.0,3.0,1.0,166
0,0.0,Phone,1,16.0,Credit Card,Male,3.0,1,Mobile,3,Single,2,0,18.0,0.0,1.0,2.0,135
1,10.0,Computer,3,33.0,Debit Card,Female,3.0,1,Laptop & Accessory,3,Single,5,1,12.0,0.0,1.0,3.0,164
0,7.0,Mobile Phone,3,8.0,UPI,Male,2.0,3,Laptop & Accessory,1,Single,2,0,22.0,0.0,1.0,4.0,163
1,18.0,Mobile Phone,1,8.0,Credit Card,Male,3.0,3,Others,5,Married,6,1,15.707921714818266,1.0,1.0,4.0,299
0,9.0,Computer,3,14.0,Debit Card,Male,3.0,4,Fashion,5,Single,2,0,15.0,0.0,1.0,9.0,176
0,25.0,Computer,1,25.0,Credit Card,Male,2.0,3,Mobile Phone,1,Married,1,0,18.0,1.0,1.0,2.0,143
0,0.0,Computer,1,6.0,Debit Card,Female,3.0,5,Mobile Phone,1,Married,4,0,14.0,2.0,2.0,0.0,144
0,2.0,Phone,1,33.0,Credit Card,Female,3.0,3,Laptop & Accessory,3,Married,5,0,12.0,0.0,1.0,1.0,143
1,0.0,Mobile Phone,3,14.0,COD,Male,2.0,4,Laptop & Accessory,5,Single,7,0,17.0,0.0,1.0,2.0,153
0,7.0,Phone,1,6.0,Debit Card,Female,3.0,1,Mobile,1,Single,3,0,16.0,1.0,1.0,3.0,133
0,27.0,Mobile Phone,1,25.0,Credit Card,Female,3.0,3,Laptop & Accessory,5,Married,10,1,11.0,0.0,1.0,4.0,155
0,0.0,Computer,3,14.0,E wallet,Male,2.0,3,Laptop & Accessory,1,Married,1,0,19.0,1.0,1.0,1.0,143
0,10.0,Phone,1,16.0,Debit Card,Female,2.9315348837209303,3,Mobile,5,Married,1,1,13.0,4.0,4.0,3.0,128
0,11.0,Computer,1,8.0,Debit Card,Female,3.0,1,Laptop & Accessory,5,Single,7,1,12.0,0.0,4.0,12.0,160
0,7.0,Phone,1,8.0,Credit Card,Female,2.0,4,Mobile Phone,5,Single,2,0,11.0,1.0,1.0,3.0,144
0,8.0,Phone,3,15.639895891429633,Debit Card,Female,3.0,3,Mobile,1,Married,2,0,16.0,1.0,1.0,2.0,126
0,3.0,Phone,1,6.0,Debit Card,Male,2.0,5,Mobile Phone,3,Married,4,0,21.0,1.0,1.0,2.0,138
0,13.0,Computer,1,8.0,Credit Card,Female,2.0,1,Laptop & Accessory,4,Married,2,0,24.0,0.0,3.0,7.0,142
0,7.0,Mobile Phone,3,14.0,Debit Card,Female,3.0,3,Laptop & Accessory,5,Married,6,0,17.0,1.0,1.0,2.0,165
0,15.0,Computer,1,14.0,Debit Card,Male,3.0,3,Others,1,Married,2,0,13.0,1.7510234462225531,14.0,9.0,284
1,10.189899366380917,Mobile Phone,1,12.0,Debit Card,Male,3.0,1,Mobile Phone,5,Married,2,1,21.0,0.0,1.0,0.0,116
0,0.0,Computer,1,15.0,Debit Card,Male,2.9315348837209303,4,Mobile,4,Married,2,0,11.0,0.0,1.0,0.0,127
0,25.0,Phone,1,17.0,Debit Card,Female,2.9315348837209303,3,Laptop & Accessory,3,Married,9,0,20.0,1.0,1.0,4.0,131
0,23.0,Mobile Phone,1,8.0,Credit Card,Male,3.0,3,Grocery,3,Married,6,0,16.0,1.7510234462225531,1.0,3.0,276
1,0.0,Phone,1,15.639895891429633,Debit Card,Female,2.0,4,Mobile,5,Married,2,1,11.0,0.0,1.0,0.0,123
0,6.0,Mobile Phone,1,13.0,Credit Card,Male,2.0,3,Fashion,3,Married,1,0,11.0,1.0,3.0,4.543490512868683,217
1,0.0,Mobile Phone,3,22.0,E wallet,Female,3.0,3,Laptop & Accessory,5,Single,6,0,15.0,1.0,1.0,2.0,153
0,20.0,Mobile Phone,1,8.0,UPI,Female,2.0,3,Grocery,1,Married,2,1,11.0,1.7510234462225531,3.0,0.0,268
0,9.0,Mobile Phone,1,6.0,UPI,Female,2.0,3,Laptop & Accessory,4,Married,1,0,15.0,1.0,1.0,5.0,152
0,2.0,Phone,1,29.0,Debit Card,Male,2.9315348837209303,1,Mobile,3,Married,2,0,24.0,1.0,1.0,7.0,127
1,20.0,Mobile Phone,1,8.0,Debit Card,Male,2.0,3,Others,4,Single,8,1,15.707921714818266,7.0,13.0,8.0,292
0,8.0,Phone,1,15.639895891429633,Debit Card,Female,2.0,1,Mobile,3,Single,4,0,13.0,2.0,2.0,2.0,125
0,15.0,Mobile Phone,1,6.0,Debit Card,Female,2.0,4,Laptop & Accessory,1,Married,10,1,13.0,0.0,1.0,2.0,161
1,0.0,Phone,1,8.0,Credit Card,Male,2.0,3,Mobile Phone,3,Single,7,0,17.0,2.0,2.0,1.0,144
0,10.189899366380917,Phone,2,19.0,UPI,Male,2.0,3,Mobile,4,Married,5,0,13.0,1.0,1.0,4.0,121
0,5.0,Mobile Phone,1,10.0,Debit Card,Female,3.0,4,Laptop & Accessory,3,Married,2,0,12.0,5.0,6.0,8.0,162
0,13.0,Computer,1,22.0,Credit Card,Male,2.0,4,Laptop & Accessory,3,Single,7,0,14.0,0.0,1.0,0.0,151
0,3.0,Mobile Phone,1,8.0,Credit Card,Female,2.0,4,Laptop & Accessory,1,Single,6,1,24.0,1.0,1.0,0.0,169
0,10.189899366380917,Phone,1,8.0,Debit Card,Female,3.0,4,Mobile,3,Single,2,0,14.0,1.0,1.0,0.0,123
0,15.0,Phone,1,35.0,Debit Card,Male,3.0,3,Laptop & Accessory,4,Married,2,0,13.0,5.0,7.0,8.0,144
0,11.0,Computer,1,18.0,Debit Card,Male,0.0,4,Laptop & Accessory,5,Married,3,0,15.0,1.0,1.0,2.0,163
0,7.0,Computer,1,15.639895891429633,Debit Card,Female,3.0,4,Mobile,1,Single,2,0,16.0,1.0,1.0,3.0,126
1,12.0,Mobile Phone,3,17.0,E wallet,Female,2.0,3,Fashion,1,Married,2,0,18.0,0.0,7.0,7.0,177
1,18.0,Mobile Phone,3,8.0,Credit Card,Male,2.0,3,Laptop & Accessory,1,Single,5,0,16.0,1.0,7.0,3.0,152
0,16.0,Mobile Phone,1,20.0,Debit Card,Male,3.0,3,Grocery,5,Married,7,0,24.0,1.7510234462225531,1.0,0.0,272
0,0.0,Mobile Phone,1,11.0,Cash on Delivery,Male,2.0,4,Fashion,1,Married,2,1,16.0,1.0,1.0,4.543490512868683,228
0,8.0,Mobile Phone,1,13.0,UPI,Male,2.0,3,Fashion,3,Single,4,0,21.0,0.0,1.0,6.0,202
0,1.0,Phone,3,8.0,E wallet,Female,2.0,3,Laptop & Accessory,4,Married,2,1,20.0,6.0,7.0,5.0,148
0,7.0,Phone,2,9.0,UPI,Male,2.0,3,Mobile Phone,1,Married,1,0,19.0,1.0,1.0,2.0,137
1,0.0,Computer,1,15.639895891429633,CC,Female,2.0,4,Mobile,3,Married,2,1,14.0,0.0,1.0,7.0,124
0,10.189899366380917,Computer,1,9.0,Credit Card,Male,2.0,3,Mobile Phone,1,Married,2,0,11.0,0.0,1.0,0.0,117
0,24.0,Mobile Phone,3,32.0,E wallet,Female,3.0,3,Grocery,3,Married,3,0,14.0,1.7510234462225531,4.0,17.0,263
0,17.0,Mobile Phone,1,10.0,Credit Card,Male,2.0,3,Laptop & Accessory,4,Single,10,0,12.0,1.0,2.0,3.0,159
0,0.0,Phone,1,8.0,CC,Male,3.0,1,Mobile,5,Single,8,0,13.0,0.0,1.0,1.0,134
0,6.0,Phone,3,6.0,Credit Card,Male,2.0,1,Laptop & Accessory,5,Married,2,0,22.0,0.0,1.0,8.0,140
0,8.0,Phone,1,15.639895891429633,CC,Female,2.0,4,Mobile,5,Single,2,0,11.0,0.0,1.0,1.0,126
0,9.0,Mobile Phone,3,6.0,Debit Card,Male,2.0,3,Laptop & Accessory,1,Married,2,1,14.0,3.0,4.0,11.0,162
0,5.0,Phone,3,19.0,Debit Card,Male,3.0,3,Laptop & Accessory,1,Married,3,0,11.0,0.0,1.0,3.0,144
0,3.0,Computer,1,11.0,Debit Card,Male,3.0,4,Mobile Phone,1,Married,10,0,12.0,0.0,1.0,3.0,138
0,26.0,Mobile Phone,3,13.0,E wallet,Female,3.0,4,Fashion,1,Married,8,1,18.0,0.0,1.0,4.543490512868683,209
0,18.0,Mobile Phone,3,15.0,E wallet,Male,3.0,3,Fashion,5,Married,5,1,12.0,0.0,1.0,2.0,208
0,5.0,Mobile Phone,1,14.0,Credit Card,Female,3.0,1,Laptop & Accessory,3,Married,6,0,12.0,1.0,1.0,3.0,152
0,25.0,Computer,1,31.0,Credit Card,Female,2.0,4,Grocery,1,Married,4,0,22.0,0.0,3.0080044676098288,0.0,238
0,10.0,Mobile Phone,3,22.0,E wallet,Male,3.0,4,Laptop & Accessory,3,Married,5,0,19.0,1.0,1.0,0.0,163
0,1.0,Phone,2,14.0,Credit Card,Male,3.0,4,Mobile Phone,1,Married,2,0,13.0,1.0,1.0,4.0,149
0,0.0,Phone,1,6.0,Debit Card,Male,2.0,4,Laptop & Accessory,1,Married,7,0,22.0,2.0,2.0,2.0,148
0,17.0,Phone,1,14.0,Debit Card,Male,2.9315348837209303,1,Mobile,1,Married,3,1,24.0,1.0,1.0,2.0,128
0,15.0,Computer,1,15.639895891429633,CC,Male,2.0,3,Mobile,1,Single,6,1,14.0,1.0,2.0,2.0,125
0,9.0,Phone,2,15.639895891429633,Debit Card,Male,3.0,4,Mobile,5,Married,1,0,21.0,0.0,1.0,3.0,123
0,0.0,Phone,3,9.0,UPI,Male,3.0,3,Laptop & Accessory,5,Married,2,1,18.0,0.0,1.0,3.0,142
0,8.0,Mobile Phone,1,15.0,Debit Card,Female,3.0,4,Fashion,3,Married,2,1,20.0,3.0,5.0,15.0,207
1,10.189899366380917,Computer,1,31.0,Debit Card,Female,3.0,3,Mobile,4,Married,2,1,19.0,6.0,7.0,8.0,120
0,5.0,Computer,1,6.0,Debit Card,Male,3.0,3,Mobile,1,Married,1,0,12.0,1.0,1.0,2.0,123
0,0.0,Phone,3,10.0,E wallet,Male,2.0,4,Laptop & Accessory,5,Married,2,0,12.0,1.0,1.0,3.0,143
0,22.0,Phone,1,6.0,COD,Female,2.0,3,Mobile Phone,5,Married,3,0,16.0,0.0,1.0,2.0,136
0,0.0,Computer,1,10.0,Debit Card,Male,2.0,4,Mobile,1,Married,1,0,17.0,0.0,3.0,4.0,132
0,5.0,Computer,3,11.0,Debit Card,Male,2.0,3,Laptop & Accessory,4,Married,2,0,14.0,2.0,5.0,3.0,165
0,11.0,Phone,3,15.0,E wallet,Male,2.9315348837209303,4,Mobile,4,Married,1,0,19.0,0.0,1.0,2.0,129
0,15.0,Mobile Phone,1,9.0,Debit Card,Female,3.0,1,Laptop & Accessory,1,Married,3,1,13.0,1.0,1.0,3.0,152
0,4.0,Phone,1,15.639895891429633,Debit Card,Male,2.0,3,Mobile,1,Married,4,1,19.0,0.0,1.0,2.0,124
1,0.0,Phone,3,6.0,CC,Female,2.9315348837209303,4,Mobile,3,Married,7,1,19.0,1.0,1.0,2.0,128
0,26.0,Mobile Phone,3,14.0,E wallet,Male,3.0,3,Grocery,1,Married,6,0,14.0,2.0,2.0,4.543490512868683,218
0,8.0,Mobile Phone,1,31.0,Cash on Delivery,Male,3.0,4,Fashion,4,Married,4,0,16.0,2.0,4.0,8.0,209
0,10.0,Computer,3,27.0,CC,Female,2.9315348837209303,3,Mobile,1,Married,6,0,15.0,1.0,1.0,0.0,130
0,26.0,Mobile Phone,1,29.0,Debit Card,Female,3.0,3,Grocery,1,Single,7,0,18.0,3.0,3.0080044676098288,8.0,243
0,16.0,Computer,1,6.0,Debit Card,Female,2.0,3,Laptop & Accessory,1,Married,5,0,13.0,1.0,2.0,2.0,156
0,20.0,Phone,3,8.0,E wallet,Female,2.0,3,Laptop & Accessory,1,Married,1,1,22.0,3.0,7.0,7.0,145
0,10.0,Computer,3,25.0,Credit Card,Male,2.0,3,Fashion,4,Single,2,1,13.0,0.0,1.0,9.0,176
0,23.0,Computer,1,8.0,Debit Card,Male,3.0,3,Grocery,5,Married,2,0,11.0,1.7510234462225531,14.0,7.0,279
0,12.0,Mobile Phone,2,8.0,Debit Card,Female,2.0,4,Laptop & Accessory,1,Married,9,0,11.0,1.0,1.0,4.0,152
0,10.189899366380917,Phone,2,9.0,UPI,Male,2.0,3,Mobile,4,Married,4,1,11.0,0.0,1.0,3.0,123
1,0.0,Phone,1,31.0,Debit Card,Male,2.9315348837209303,3,Mobile,1,Single,2,1,24.0,0.0,1.0,1.0,128
0,2.0,Phone,1,15.639895891429633,CC,Female,3.0,4,Mobile,1,Married,7,0,14.0,1.0,1.0,3.0,125
0,17.0,Phone,1,15.639895891429633,Debit Card,Male,3.0,3,Mobile,5,Married,2,1,13.0,5.0,7.0,1.0,126
0,1.0,Phone,3,11.0,Credit Card,Male,3.0,3,Laptop & Accessory,1,Single,2,0,14.0,0.0,1.0,2.0,149
1,20.0,Computer,1,15.639895891429633,Debit Card,Male,2.0,4,Mobile,1,Married,10,1,14.0,1.0,1.0,0.0,124
0,16.0,Phone,1,14.0,Debit Card,Female,2.0,3,Laptop & Accessory,4,Married,5,0,21.0,1.0,1.0,0.0,148
1,10.189899366380917,Phone,3,8.0,CC,Female,2.0,4,Mobile,3,Single,2,0,13.0,1.0,1.0,2.0,120
1,0.0,Phone,1,24.0,UPI,Female,2.9315348837209303,3,Mobile,1,Single,2,0,19.0,1.0,1.0,0.0,127
0,9.0,Mobile Phone,1,20.0,Debit Card,Male,3.0,3,Laptop & Accessory,1,Married,1,1,17.0,2.0,4.0,11.0,166
0,20.0,Phone,3,8.0,Debit Card,Female,3.0,4,Mobile,1,Single,2,1,18.0,0.0,1.0,2.0,133
1,0.0,Phone,1,9.0,Debit Card,Female,2.0,3,Laptop & Accessory,3,Married,1,1,19.0,1.0,1.0,2.0,142
1,4.0,Phone,1,8.0,Debit Card,Female,2.9315348837209303,5,Mobile,1,Married,5,1,13.0,0.0,1.0,0.0,128
0,1.0,Phone,1,15.639895891429633,CC,Female,3.0,3,Mobile,3,Married,6,0,18.0,0.0,2.0,2.0,124
1,2.0,Phone,1,15.639895891429633,CC,Male,3.0,3,Mobile,5,Married,8,1,21.0,1.0,2.0,2.0,124
0,0.0,Phone,1,15.639895891429633,Debit Card,Female,3.0,3,Mobile,3,Single,2,0,19.0,0.0,1.0,0.0,123
0,10.189899366380917,Mobile Phone,1,16.0,Debit Card,Male,2.0,3,Mobile,4,Married,2,0,14.0,1.0,1.0,0.0,120
0,15.0,Mobile Phone,3,20.0,Credit Card,Female,3.0,4,Laptop & Accessory,3,Single,8,0,17.0,1.0,1.0,3.0,162
0,6.0,Phone,1,6.0,UPI,Male,2.9315348837209303,4,Mobile,5,Single,4,1,11.0,1.0,1.0,2.0,128
0,30.0,Mobile Phone,1,11.0,Cash on Delivery,Female,2.0,4,Fashion,4,Married,3,1,13.0,1.0,1.0,4.0,206
0,4.0,Phone,3,15.639895891429633,Debit Card,Male,2.0,4,Mobile,3,Married,4,0,15.0,2.0,5.0,2.0,123
0,8.0,Phone,1,27.0,Debit Card,Female,2.0,3,Laptop & Accessory,1,Married,2,1,25.0,0.0,1.0,7.0,140
0,22.0,Mobile Phone,1,14.0,UPI,Female,2.0,3,Fashion,4,Married,5,0,11.0,0.0,1.0,7.0,174
0,10.189899366380917,Phone,1,26.0,CC,Male,2.0,3,Mobile,3,Married,5,0,17.0,1.0,1.0,0.0,123
0,4.0,Computer,3,26.0,E wallet,Female,2.0,3,Laptop & Accessory,3,Married,2,0,13.0,1.0,1.0,0.0,169
0,9.0,Phone,1,13.0,UPI,Male,3.0,3,Mobile Phone,1,Single,3,0,18.0,1.0,1.0,1.0,147
0,11.0,Mobile Phone,1,6.0,Cash on Delivery,Female,3.0,3,Fashion,5,Married,2,0,13.0,4.0,3.0080044676098288,11.0,236
0,5.0,Computer,1,15.639895891429633,Debit Card,Female,3.0,4,Mobile,4,Married,7,0,20.0,0.0,1.0,2.0,123
1,0.0,Phone,3,15.639895891429633,E wallet,Male,2.0,4,Mobile,4,Married,2,1,18.0,0.0,1.0,0.0,124
0,13.0,Mobile Phone,3,16.0,E wallet,Male,3.0,4,Fashion,4,Married,3,0,12.0,0.0,1.0,0.0,197
0,0.0,Computer,3,6.0,Credit Card,Male,2.0,4,Laptop & Accessory,5,Single,2,0,12.0,0.0,1.0,7.0,143
0,14.0,Phone,1,12.0,Credit Card,Male,2.0,3,Mobile Phone,5,Single,3,1,13.0,1.0,2.0,17.0,147
0,9.0,Phone,1,15.639895891429633,CC,Male,3.0,3,Mobile,3,Single,5,0,21.0,1.0,3.0,9.0,125
1,10.189899366380917,Phone,3,27.0,UPI,Male,2.0,4,Mobile,4,Single,2,1,13.0,1.0,1.0,0.0,121
1,0.0,Phone,1,10.0,COD,Male,2.9315348837209303,3,Mobile,5,Single,2,0,19.0,1.0,1.0,0.0,130
0,4.0,Mobile Phone,1,18.0,Credit Card,Female,2.0,3,Laptop & Accessory,1,Married,1,1,11.0,6.0,8.0,5.0,159
0,13.0,Computer,1,15.0,Credit Card,Male,2.0,3,Mobile Phone,4,Married,9,1,14.0,0.0,1.0,0.0,136
0,5.0,Mobile Phone,1,9.0,Credit Card,Female,3.0,3,Laptop & Accessory,5,Married,2,0,12.0,1.0,6.0,3.0,167
1,0.0,Mobile Phone,3,9.0,Debit Card,Male,2.0,4,Fashion,1,Married,2,1,11.0,3.0,3.0,7.0,203
0,6.0,Mobile Phone,1,6.0,Debit Card,Female,2.0,4,Laptop & Accessory,1,Single,1,0,14.0,1.0,1.0,4.0,169
1,0.0,Mobile Phone,3,6.0,Debit Card,Male,2.0,4,Fashion,3,Married,6,0,11.0,5.0,11.0,46.0,206
0,18.0,Computer,1,10.0,Debit Card,Male,2.0,3,Laptop & Accessory,4,Married,2,0,12.0,1.0,1.0,8.0,144
0,10.189899366380917,Computer,3,26.0,Cash on Delivery,Female,2.0,3,Mobile,1,Married,2,0,15.0,0.0,1.0,2.0,122
0,8.0,Phone,3,24.0,Credit Card,Female,2.0,3,Laptop & Accessory,3,Married,2,0,16.0,1.0,1.0,0.0,146
0,25.0,Mobile Phone,1,6.0,Debit Card,Male,3.0,3,Grocery,1,Married,3,0,15.0,1.7510234462225531,7.0,8.0,271
1,20.0,Phone,1,15.639895891429633,COD,Male,2.0,3,Mobile,3,Single,5,0,24.0,0.0,1.0,0.0,125
0,26.0,Mobile Phone,3,8.0,Credit Card,Male,2.0,3,Grocery,3,Married,7,0,13.0,11.0,3.0080044676098288,2.0,249
0,3.0,Mobile Phone,3,14.0,UPI,Male,3.0,3,Fashion,3,Married,6,0,11.0,2.0,7.0,7.0,173
0,11.0,Computer,3,16.0,COD,Female,2.0,3,Laptop & Accessory,1,Single,2,1,13.0,1.0,1.0,3.0,157
0,8.0,Mobile Phone,3,9.0,Debit Card,Male,3.0,3,Fashion,1,Married,7,0,13.0,0.0,1.0,8.0,178
0,12.0,Mobile Phone,3,8.0,Debit Card,Male,2.0,1,Fashion,3,Single,1,0,18.0,0.0,1.0,7.0,179
1,3.0,Computer,3,30.0,Debit Card,Female,3.0,1,Grocery,4,Single,5,1,16.0,1.0,3.0080044676098288,0.0,232
0,20.0,Computer,1,22.0,Credit Card,Male,3.0,1,Laptop & Accessory,3,Married,2,1,19.0,1.0,2.0,7.0,151
0,9.0,Computer,3,14.0,COD,Male,2.0,3,Laptop & Accessory,1,Married,5,0,13.0,1.0,1.0,7.0,151
1,0.0,Computer,1,15.639895891429633,CC,Male,2.0,4,Mobile,5,Single,1,1,22.0,0.0,1.0,2.0,123
0,6.0,Computer,3,23.0,Debit Card,Male,2.0,3,Grocery,3,Single,2,0,11.0,1.7510234462225531,6.0,0.0,274
1,0.0,Phone,1,15.639895891429633,Debit Card,Female,3.0,4,Mobile,5,Single,7,1,20.0,1.0,1.0,0.0,124
0,6.0,Phone,1,19.0,Debit Card,Female,2.0,3,Mobile,1,Single,4,0,18.0,1.0,1.0,2.0,135
0,10.189899366380917,Phone,1,6.0,CC,Female,3.0,3,Mobile,1,Married,4,0,14.0,1.0,1.0,2.0,123
0,23.0,Mobile Phone,1,6.0,Credit Card,Male,3.0,3,Grocery,1,Married,10,0,22.0,1.7510234462225531,1.0,3.0,274
0,6.0,Computer,1,6.0,UPI,Female,2.0,1,Laptop & Accessory,4,Married,2,1,13.0,1.0,1.0,2.0,155
0,14.0,Computer,1,15.0,Credit Card,Male,3.0,3,Others,3,Married,3,0,15.707921714818266,0.0,1.0,11.0,294
0,0.0,Phone,1,22.0,COD,Female,2.9315348837209303,3,Mobile,4,Married,10,0,14.0,2.0,2.0,2.0,128
0,18.0,Computer,1,29.0,Debit Card,Male,2.0,3,Laptop & Accessory,5,Married,2,1,15.0,1.0,1.0,8.0,136
0,20.0,Phone,3,10.0,Debit Card,Female,2.0,3,Laptop & Accessory,1,Single,2,1,17.0,1.0,1.0,7.0,142
1,10.189899366380917,Phone,1,28.0,Debit Card,Female,2.0,3,Mobile,3,Married,5,1,11.0,0.0,1.0,1.0,121
0,23.0,Mobile Phone,1,30.0,Debit Card,Male,3.0,3,Grocery,3,Married,4,1,18.0,1.0,3.0080044676098288,5.0,240
0,11.0,Computer,1,16.0,CC,Male,2.9315348837209303,3,Mobile,3,Married,1,0,17.0,0.0,1.0,2.0,127
0,19.0,Mobile Phone,1,13.0,Credit Card,Male,3.0,3,Fashion,3,Married,7,0,13.0,1.0,1.0,7.0,208
0,0.0,Phone,1,23.0,Credit Card,Female,2.0,4,Laptop & Accessory,3,Married,2,0,15.0,0.0,3.0,2.0,144
1,0.0,Phone,1,20.0,UPI,Male,2.0,4,Mobile Phone,4,Married,2,1,24.0,1.0,1.0,2.0,137
0,4.0,Computer,1,6.0,Debit Card,Female,3.0,3,Laptop & Accessory,5,Married,2,0,12.0,1.0,1.0,3.0,141
0,0.0,Computer,1,11.0,Debit Card,Male,3.0,3,Mobile Phone,1,Single,2,0,15.0,0.0,1.0,0.0,111
0,27.0,Mobile Phone,1,23.0,Cash on Delivery,Female,2.0,3,Fashion,3,Married,9,0,11.0,0.0,1.0,8.0,207
0,8.0,Mobile Phone,1,31.0,Credit Card,Female,2.0,3,Fashion,3,Married,2,1,11.0,0.0,10.0,1.0,204
0,3.0,Mobile Phone,1,14.0,Debit Card,Female,3.0,1,Fashion,5,Married,1,1,12.0,0.0,1.0,4.543490512868683,214
1,0.0,Phone,1,15.639895891429633,CC,Female,3.0,4,Mobile,5,Single,2,1,15.0,1.0,1.0,0.0,126
1,0.0,Computer,1,15.639895891429633,CC,Female,2.0,3,Mobile,4,Single,1,0,17.0,0.0,1.0,2.0,124
0,0.0,Mobile Phone,1,8.0,Credit Card,Male,2.0,1,Laptop & Accessory,1,Married,2,0,12.0,1.0,1.0,3.0,155
0,0.0,Phone,1,15.639895891429633,Debit Card,Male,3.0,5,Mobile,5,Married,2,0,15.0,0.0,1.0,1.0,125
0,21.0,Phone,1,12.0,Debit Card,Male,3.0,4,Laptop & Accessory,3,Single,3,0,13.0,0.0,2.0,2.0,142
0,21.0,Mobile Phone,1,10.0,Debit Card,Male,3.0,4,Fashion,3,Single,8,0,14.0,1.0,4.0,4.543490512868683,210
0,14.0,Mobile Phone,1,13.0,Credit Card,Female,2.0,3,Laptop & Accessory,3,Single,7,0,14.0,2.0,2.0,1.0,150
0,12.0,Mobile Phone,1,6.0,Debit Card,Female,3.0,4,Grocery,1,Married,2,0,16.0,9.0,11.0,4.543490512868683,227
0,0.0,Phone,1,8.0,Debit Card,Female,2.0,3,Laptop & Accessory,1,Married,1,0,18.0,2.0,2.0,2.0,142
0,8.0,Phone,1,16.0,UPI,Male,2.0,3,Mobile Phone,1,Married,2,0,20.0,0.0,1.0,2.0,139
0,0.0,Mobile Phone,3,11.0,E wallet,Male,2.0,3,Others,3,Married,7,0,13.0,1.7510234462225531,1.0,0.0,283
0,23.0,Phone,1,15.639895891429633,Debit Card,Male,3.0,3,Mobile,1,Married,5,0,18.0,1.0,1.0,0.0,124
0,30.0,Mobile Phone,1,8.0,Debit Card,Female,3.0,4,Grocery,1,Single,4,1,13.0,4.0,3.0080044676098288,3.0,237
1,0.0,Phone,1,17.0,Credit Card,Female,3.0,5,Laptop & Accessory,4,Married,6,0,15.0,1.0,1.0,0.0,148
0,28.0,Computer,1,24.0,Credit Card,Male,3.0,3,Laptop & Accessory,4,Married,4,1,14.0,2.0,6.0,7.0,164
0,14.0,Computer,1,13.0,Debit Card,Female,2.0,5,Others,3,Married,2,0,15.707921714818266,5.0,5.0,10.0,300
0,11.0,Mobile Phone,3,9.0,Debit Card,Male,2.0,3,Laptop & Accessory,1,Single,9,1,12.0,1.0,1.0,0.0,169
1,0.0,Computer,3,35.0,Credit Card,Male,3.0,5,Laptop & Accessory,5,Single,9,0,18.0,1.0,2.0,2.0,150
1,15.0,Mobile Phone,3,8.0,E wallet,Female,2.0,5,Others,1,Married,2,0,15.707921714818266,3.0,6.0,9.0,298
0,17.0,Mobile Phone,3,34.0,Credit Card,Female,2.0,1,Grocery,1,Married,4,1,18.0,4.0,3.0080044676098288,11.0,233
0,23.0,Computer,3,6.0,Debit Card,Female,3.0,3,Laptop & Accessory,3,Married,1,0,12.0,0.0,1.0,13.0,163
1,0.0,Phone,1,22.0,Debit Card,Female,2.9315348837209303,1,Mobile,5,Single,2,0,16.0,3.0,15.0,14.0,127
0,12.0,Computer,1,28.0,Credit Card,Female,2.0,3,Fashion,5,Single,2,1,13.0,1.0,2.0,8.0,209
0,6.0,Computer,3,15.639895891429633,Debit Card,Female,2.0,4,Mobile,1,Single,1,0,19.0,0.0,2.0,2.0,123
0,18.0,Mobile Phone,3,17.0,Debit Card,Female,2.0,3,Grocery,1,Married,4,0,13.0,1.7510234462225531,1.0,1.0,277
0,5.0,Computer,1,35.0,Credit Card,Female,3.0,3,Mobile Phone,3,Single,10,0,12.0,6.0,7.0,7.0,140
0,7.0,Mobile Phone,3,6.0,E wallet,Male,3.0,1,Laptop & Accessory,1,Married,1,0,11.0,0.0,1.0,9.0,197
0,30.0,Mobile Phone,3,6.0,Cash on Delivery,Male,3.0,3,Fashion,1,Married,4,1,14.0,1.0,1.0,4.543490512868683,219
0,10.189899366380917,Phone,2,30.0,CC,Male,2.0,3,Mobile,4,Single,2,0,16.0,0.0,1.0,4.0,122
0,26.0,Computer,3,8.0,E wallet,Female,2.0,4,Fashion,4,Married,3,0,12.0,5.0,6.0,12.0,175
1,0.0,Phone,1,21.0,UPI,Male,2.0,3,Laptop & Accessory,3,Married,8,0,14.0,0.0,1.0,0.0,148
1,10.189899366380917,Computer,1,8.0,Debit Card,Male,2.0,3,Mobile,5,Married,7,1,14.0,0.0,1.0,2.0,120
0,10.189899366380917,Phone,3,16.0,Debit Card,Female,2.0,3,Mobile,3,Married,2,1,19.0,0.0,1.0,0.0,122
0,1.0,Mobile Phone,3,16.0,Credit Card,Male,3.0,3,Mobile Phone,4,Married,2,0,22.0,0.0,1.0,0.0,111
0,11.0,Computer,1,9.0,UPI,Male,2.9315348837209303,3,Mobile,3,Married,4,0,16.0,2.0,2.0,2.0,128
0,23.0,Mobile Phone,1,8.0,Credit Card,Male,3.0,3,Others,3,Married,3,1,15.707921714818266,4.0,7.0,7.0,292
0,10.0,Phone,1,9.0,UPI,Female,2.0,3,Laptop & Accessory,4,Single,4,0,15.0,1.0,1.0,1.0,141
0,13.0,Mobile Phone,3,32.0,E wallet,Male,3.0,3,Laptop & Accessory,5,Married,2,0,14.0,3.0,7.0,5.0,184
0,10.189899366380917,Computer,1,6.0,CC,Female,3.0,4,Mobile,3,Married,2,0,13.0,0.0,1.0,3.0,120
0,19.0,Mobile Phone,1,6.0,Credit Card,Male,2.0,3,Others,1,Married,10,0,15.707921714818266,1.0,2.0,2.0,296
0,27.0,Mobile Phone,3,8.0,Debit Card,Female,2.0,4,Fashion,3,Married,7,0,11.0,6.0,7.0,0.0,207
0,29.0,Computer,1,15.0,CC,Female,2.9315348837209303,3,Mobile,3,Married,3,0,19.0,1.0,1.0,3.0,129
0,9.0,Mobile Phone,1,18.0,Credit Card,Female,2.0,4,Fashion,1,Single,1,0,11.0,5.0,7.0,8.0,189
0,28.0,Computer,1,8.0,Credit Card,Male,2.0,4,Grocery,5,Single,8,0,15.0,1.7510234462225531,6.0,2.0,268
0,16.0,Mobile Phone,3,31.0,Credit Card,Male,3.0,4,Fashion,1,Married,6,0,13.0,1.0,1.0,0.0,208
1,0.0,Computer,3,15.639895891429633,E wallet,Female,2.0,3,Mobile,1,Single,2,1,14.0,1.0,1.0,2.0,123
1,10.189899366380917,Mobile Phone,1,16.0,Debit Card,Female,2.0,4,Mobile Phone,5,Single,2,0,13.0,0.0,1.0,0.0,114
0,19.0,Phone,1,14.0,Debit Card,Female,3.0,4,Laptop & Accessory,5,Married,9,1,23.0,1.0,1.0,7.0,146
1,14.0,Phone,1,15.639895891429633,Debit Card,Male,2.0,3,Mobile,3,Married,10,1,12.0,0.0,2.0,7.0,125
1,0.0,Computer,1,30.0,COD,Male,3.0,4,Fashion,5,Single,2,0,12.0,1.0,1.0,9.0,187
0,0.0,Phone,1,6.0,Credit Card,Male,2.0,4,Mobile Phone,5,Married,2,0,16.0,1.0,1.0,3.0,140
0,3.0,Mobile Phone,1,26.0,UPI,Male,2.0,3,Laptop & Accessory,5,Married,1,0,15.0,0.0,1.0,2.0,200
0,14.0,Phone,1,13.0,COD,Female,2.0,1,Mobile,3,Married,2,0,13.0,0.0,1.0,8.0,134
0,11.0,Mobile Phone,1,23.0,Debit Card,Female,3.0,4,Fashion,3,Married,1,0,18.0,1.0,1.0,9.0,188
0,13.0,Mobile Phone,1,26.0,Cash on Delivery,Male,3.0,3,Fashion,1,Married,5,0,20.0,3.0,11.0,1.0,203
0,0.0,Computer,1,14.0,Debit Card,Male,2.0,5,Mobile Phone,3,Married,2,0,19.0,1.0,1.0,2.0,146
0,28.0,Computer,1,8.0,Debit Card,Male,3.0,3,Fashion,4,Married,4,0,18.0,0.0,1.0,4.543490512868683,210
0,1.0,Phone,1,16.0,UPI,Female,2.0,3,Laptop & Accessory,3,Single,4,0,13.0,0.0,1.0,7.0,137
1,7.0,Mobile Phone,2,6.0,Credit Card,Male,3.0,4,Fashion,5,Married,10,0,14.0,2.0,3.0,6.0,205
0,6.0,Mobile Phone,1,11.0,Debit Card,Male,2.0,4,Fashion,1,Married,5,0,15.0,1.0,1.0,2.0,171
1,0.0,Mobile Phone,3,10.0,Cash on Delivery,Male,2.0,3,Fashion,5,Single,1,1,22.0,2.0,4.0,7.0,196
1,0.0,Computer,1,35.0,Credit Card,Female,2.0,4,Laptop & Accessory,3,Single,2,0,22.0,2.0,3.0,8.0,145
0,10.189899366380917,Phone,1,21.0,Debit Card,Male,2.0,3,Mobile,3,Married,2,0,16.0,0.0,2.0,2.0,122
0,7.0,Computer,1,9.0,Debit Card,Male,2.0,3,Laptop & Accessory,1,Single,1,0,17.0,1.0,1.0,4.0,178
0,10.0,Mobile Phone,3,16.0,Debit Card,Female,2.0,4,Laptop & Accessory,1,Married,3,1,14.0,1.0,1.0,0.0,167
1,0.0,Phone,1,10.0,COD,Male,2.0,3,Mobile Phone,1,Married,2,1,15.0,4.0,5.0,6.0,137
1,0.0,Phone,1,15.639895891429633,CC,Male,2.0,3,Mobile,3,Married,2,0,20.0,1.0,1.0,0.0,124
1,0.0,Phone,1,31.0,CC,Male,2.0,4,Mobile,4,Single,5,1,20.0,1.0,2.0,2.0,123
0,15.0,Mobile Phone,1,8.0,Credit Card,Male,2.0,3,Grocery,5,Married,1,0,17.0,1.7510234462225531,13.0,7.0,277
1,0.0,Computer,1,15.639895891429633,CC,Male,2.0,4,Mobile,4,Married,2,0,15.0,1.0,1.0,0.0,126
1,13.0,Computer,3,6.0,UPI,Male,2.0,3,Laptop & Accessory,3,Single,4,1,14.0,1.0,1.0,0.0,147
0,6.0,Computer,3,13.0,Debit Card,Female,1.0,3,Laptop & Accessory,4,Married,1,0,17.0,0.0,1.0,2.0,143
0,7.0,Computer,1,9.0,Debit Card,Male,2.9315348837209303,4,Mobile,1,Married,4,0,17.0,0.0,1.0,0.0,130
0,21.0,Computer,1,6.0,Credit Card,Male,2.0,1,Grocery,1,Single,3,0,22.0,1.7510234462225531,2.0,1.0,269
0,18.0,Computer,3,15.0,Debit Card,Female,3.0,4,Laptop & Accessory,3,Married,2,0,13.0,4.0,4.0,12.0,156
0,25.0,Mobile Phone,1,5.0,Debit Card,Male,2.0,3,Fashion,4,Single,8,0,19.0,2.0,4.0,0.0,204
0,11.0,Mobile Phone,3,16.0,E wallet,Male,3.0,4,Fashion,3,Married,1,1,14.0,1.0,2.0,7.0,187
0,2.0,Phone,1,15.639895891429633,Debit Card,Female,3.0,3,Mobile,1,Married,5,0,22.0,1.0,1.0,7.0,125
0,1.0,Mobile Phone,1,9.0,Credit Card,Female,3.0,3,Fashion,4,Married,1,0,17.0,0.0,1.0,7.0,177
0,19.0,Mobile Phone,3,9.0,E wallet,Male,2.0,3,Grocery,3,Married,4,0,12.0,1.7510234462225531,4.0,9.0,275
0,11.0,Mobile Phone,3,8.0,E wallet,Male,2.0,3,Fashion,4,Single,8,0,16.0,1.0,1.0,0.0,174
0,16.0,Computer,1,33.0,Debit Card,Female,2.0,3,Fashion,5,Married,9,0,11.0,1.0,1.0,1.0,208
1,2.0,Computer,1,8.0,Debit Card,Male,2.0,3,Grocery,1,Married,8,0,11.0,10.0,11.0,4.543490512868683,222
0,13.0,Mobile Phone,1,20.0,Credit Card,Male,2.0,4,Others,3,Single,2,0,15.707921714818266,3.0,4.0,9.0,296
0,10.189899366380917,Phone,1,6.0,Cash on Delivery,Female,3.0,4,Mobile,4,Single,2,1,11.0,1.0,2.0,2.0,121
0,12.0,Computer,1,15.0,Debit Card,Male,3.0,3,Laptop & Accessory,4,Single,10,0,15.0,1.0,1.0,3.0,168
0,9.0,Computer,1,24.0,Debit Card,Male,3.0,3,Laptop & Accessory,1,Single,3,0,20.0,0.0,1.0,9.0,178
0,4.0,Computer,3,26.0,Debit Card,Male,2.9315348837209303,1,Mobile,1,Married,1,0,12.0,2.0,2.0,2.0,128
0,1.0,Phone,1,8.0,Debit Card,Male,3.0,4,Mobile,4,Married,1,0,17.0,0.0,1.0,4.0,132
0,8.0,Computer,3,17.0,E wallet,Male,2.0,3,Laptop & Accessory,1,Married,2,0,11.0,1.0,1.0,2.0,150
0,22.0,Mobile Phone,3,14.0,Cash on Delivery,Male,2.0,4,Grocery,4,Married,7,0,17.0,1.0,2.0,4.543490512868683,231
0,7.0,Computer,1,8.0,Debit Card,Male,3.0,3,Laptop & Accessory,3,Single,3,0,11.0,1.0,1.0,2.0,140
0,2.0,Computer,1,16.0,Debit Card,Female,3.0,3,Mobile,4,Married,1,0,14.0,0.0,1.0,1.0,133
0,15.0,Phone,1,35.0,Credit Card,Male,2.0,5,Laptop & Accessory,1,Single,5,0,19.0,1.0,1.0,0.0,143
0,2.0,Mobile Phone,1,14.0,Credit Card,Male,3.0,4,Laptop & Accessory,1,Married,2,1,15.0,1.0,1.0,2.0,151
0,11.0,Phone,2,6.0,UPI,Male,2.9315348837209303,1,Mobile,3,Married,2,0,13.0,3.0,5.0,0.0,128
0,1.0,Computer,1,12.0,Debit Card,Male,2.9315348837209303,4,Mobile,3,Married,2,1,14.0,1.0,1.0,2.0,127
1,10.189899366380917,Computer,1,14.0,CC,Male,3.0,3,Mobile,3,Single,2,0,12.0,1.0,1.0,0.0,119
1,0.0,Mobile Phone,3,15.0,E wallet,Female,3.0,3,Laptop & Accessory,5,Single,4,1,17.0,0.0,1.0,3.0,182
0,14.0,Phone,1,18.0,Debit Card,Male,2.0,3,Mobile Phone,1,Married,4,1,11.0,1.0,1.0,0.0,148
1,0.0,Computer,1,15.639895891429633,CC,Male,3.0,3,Mobile,3,Married,2,0,12.0,1.0,2.0,2.0,126
0,10.0,Mobile Phone,1,31.0,Credit Card,Female,2.0,4,Laptop & Accessory,1,Married,8,0,13.0,1.0,1.0,3.0,157
0,0.0,Phone,1,15.639895891429633,Debit Card,Male,2.0,4,Mobile,3,Married,2,0,13.0,1.0,2.0,2.0,125
0,7.0,Mobile Phone,3,15.0,Debit Card,Female,3.0,3,Laptop & Accessory,3,Married,2,0,20.0,0.0,1.0,3.0,157
0,8.0,Phone,2,14.0,COD,Male,3.0,3,Mobile Phone,3,Single,2,0,17.0,0.0,1.0,4.0,143
1,0.0,Mobile Phone,3,29.0,Debit Card,Female,2.0,4,Fashion,5,Married,2,0,13.0,1.0,3.0,10.0,173
0,13.0,Computer,1,15.0,Credit Card,Female,2.0,3,Fashion,3,Single,10,0,17.0,1.0,3.0080044676098288,13.0,235
1,5.0,Computer,3,18.0,Debit Card,Male,2.0,3,Grocery,5,Single,1,1,12.0,2.0,3.0080044676098288,14.0,238
0,15.0,Mobile Phone,3,10.0,E wallet,Male,2.0,3,Laptop & Accessory,5,Single,8,0,13.0,1.0,1.0,5.0,152
0,10.189899366380917,Phone,1,6.0,CC,Male,2.0,4,Mobile,3,Married,7,0,12.0,1.0,1.0,7.0,123
0,0.0,Phone,1,30.0,Credit Card,Male,2.0,3,Mobile Phone,4,Single,9,0,22.0,0.0,1.0,2.0,136
1,0.0,Phone,1,15.639895891429633,Debit Card,Female,3.0,3,Mobile,1,Married,2,1,11.0,1.0,1.0,0.0,125
0,0.0,Phone,1,9.0,Credit Card,Male,2.0,1,Mobile Phone,1,Married,2,0,22.0,1.0,1.0,7.0,144
0,3.0,Mobile Phone,3,16.0,E wallet,Male,3.0,4,Laptop & Accessory,3,Married,2,0,18.0,0.0,1.0,4.0,166
0,13.0,Computer,1,32.0,Credit Card,Female,3.0,4,Laptop & Accessory,1,Married,4,1,13.0,0.0,1.0,0.0,144
0,8.0,Mobile Phone,1,8.0,Debit Card,Male,2.0,4,Fashion,4,Married,3,0,18.0,2.0,6.0,4.0,203
0,7.0,Computer,1,7.0,Credit Card,Male,3.0,4,Laptop & Accessory,5,Single,1,0,20.0,0.0,4.0,9.0,153
0,8.0,Computer,1,15.639895891429633,UPI,Male,2.0,4,Mobile,1,Married,2,0,13.0,1.0,2.0,2.0,124
1,6.0,Mobile Phone,3,15.0,E wallet,Female,2.0,5,Laptop & Accessory,3,Single,9,0,13.0,0.0,1.0,3.0,153
0,5.0,Computer,3,8.0,Debit Card,Female,2.9315348837209303,3,Mobile,5,Married,2,0,12.0,1.0,1.0,0.0,128
0,29.0,Mobile Phone,1,10.0,Cash on Delivery,Female,3.0,3,Others,5,Married,5,0,15.707921714818266,4.0,4.0,2.0,299
0,2.0,Phone,1,12.0,CC,Female,2.9315348837209303,3,Mobile,1,Married,2,0,13.0,0.0,1.0,8.0,131
0,0.0,Phone,1,15.639895891429633,Debit Card,Male,2.0,3,Mobile,5,Single,2,0,25.0,0.0,1.0,0.0,126
0,18.0,Phone,1,13.0,Credit Card,Female,2.0,3,Mobile Phone,3,Married,5,1,19.0,0.0,1.0,2.0,145
0,10.0,Mobile Phone,1,7.0,Debit Card,Female,2.0,4,Laptop & Accessory,1,Married,2,0,13.0,0.0,3.0,11.0,165
0,0.0,Phone,1,5.0,Debit Card,Male,2.9315348837209303,4,Mobile,3,Single,2,0,12.0,0.0,1.0,2.0,130
1,7.0,Phone,1,16.0,Debit Card,Male,2.9315348837209303,3,Mobile,3,Single,2,1,11.0,1.0,1.0,2.0,129
0,26.0,Mobile Phone,1,13.0,Credit Card,Female,2.0,3,Others,3,Married,4,0,18.0,1.7510234462225531,4.0,7.0,286
0,10.189899366380917,Phone,1,21.0,Debit Card,Female,3.0,5,Mobile,1,Married,1,1,18.0,1.0,1.0,3.0,122
1,0.0,Computer,1,9.0,Debit Card,Male,2.9315348837209303,4,Mobile,1,Married,1,1,11.0,0.0,1.0,0.0,129
0,19.0,Mobile Phone,3,8.0,E wallet,Female,3.0,3,Grocery,5,Married,9,0,23.0,1.7510234462225531,15.0,9.0,270
0,10.189899366380917,Computer,1,23.0,Debit Card,Male,3.0,5,Mobile,3,Single,3,0,13.0,1.0,1.0,0.0,123
0,6.0,Phone,2,8.0,UPI,Male,3.0,3,Mobile Phone,3,Married,2,0,13.0,1.0,1.0,4.0,136
1,10.189899366380917,Computer,1,11.0,Debit Card,Male,3.0,4,Mobile,5,Married,7,0,17.0,0.0,1.0,0.0,121
0,3.0,Phone,3,35.0,Debit Card,Male,3.0,3,Laptop & Accessory,5,Married,9,0,19.0,1.0,1.0,3.0,141
0,13.0,Computer,3,8.0,Credit Card,Male,3.0,3,Laptop & Accessory,4,Married,6,0,12.0,1.0,1.0,0.0,143
0,23.0,Computer,1,8.0,Credit Card,Female,1.0,3,Grocery,5,Married,3,0,22.0,1.7510234462225531,2.0,2.0,279
0,1.0,Phone,1,25.0,CC,Male,3.0,4,Mobile,5,Married,2,0,12.0,1.0,3.0,3.0,132
0,19.0,Mobile Phone,1,21.0,Debit Card,Male,2.0,3,Others,4,Married,6,0,11.0,1.7510234462225531,1.0,3.0,291
0,8.0,Mobile Phone,3,23.0,Debit Card,Male,3.0,3,Laptop & Accessory,5,Married,4,1,15.0,0.0,1.0,7.0,190
1,10.189899366380917,Phone,1,23.0,Debit Card,Female,3.0,3,Mobile,4,Married,2,0,13.0,1.0,1.0,0.0,122
0,6.0,Computer,3,31.0,Credit Card,Female,2.0,3,Laptop & Accessory,3,Married,2,0,12.0,0.0,1.0,1.0,145
0,9.0,Phone,1,12.0,Debit Card,Male,2.9315348837209303,5,Mobile,3,Married,2,0,14.0,1.0,1.0,7.0,127
0,3.0,Phone,1,13.0,Debit Card,Male,2.0,3,Laptop & Accessory,3,Married,2,0,13.0,4.0,8.0,9.0,135
0,17.0,Phone,1,35.0,UPI,Male,2.0,3,Laptop & Accessory,1,Single,2,0,25.0,6.0,13.0,17.0,145
0,0.0,Phone,3,27.0,E wallet,Male,2.9315348837209303,1,Mobile,1,Single,2,0,17.0,2.0,2.0,2.0,127
0,19.0,Mobile Phone,1,8.0,COD,Male,2.0,3,Laptop & Accessory,1,Married,3,0,11.0,0.0,1.0,4.0,174
0,15.0,Computer,2,8.0,Credit Card,Male,3.0,1,Laptop & Accessory,5,Married,8,0,16.0,1.0,1.0,3.0,163
0,30.0,Mobile Phone,3,13.0,E wallet,Male,2.0,1,Laptop & Accessory,1,Married,1,1,18.0,0.0,1.0,9.0,152
0,5.0,Computer,1,19.0,UPI,Female,3.0,4,Mobile,4,Married,2,0,20.0,2.0,2.0,2.0,134
0,5.0,Computer,1,8.0,Debit Card,Female,2.0,3,Laptop & Accessory,3,Single,5,1,14.0,1.0,1.0,7.0,150
0,9.0,Mobile Phone,1,7.0,Cash on Delivery,Female,3.0,5,Fashion,5,Married,3,1,21.0,7.0,7.0,7.0,203
0,6.0,Phone,1,15.0,CC,Male,2.9315348837209303,3,Mobile,1,Married,1,0,13.0,0.0,4.0,10.0,128
0,13.0,Mobile Phone,3,16.0,COD,Female,2.0,4,Laptop & Accessory,4,Married,8,0,12.0,1.0,1.0,3.0,169
0,0.0,Phone,3,16.0,Debit Card,Male,2.0,3,Laptop & Accessory,1,Single,1,0,14.0,1.0,1.0,1.0,150
0,3.0,Phone,1,7.0,Credit Card,Male,3.0,3,Mobile Phone,4,Married,1,1,21.0,3.0,5.0,7.0,136
0,15.0,Computer,1,32.0,Credit Card,Female,2.0,3,Fashion,5,Married,4,1,17.0,0.0,3.0080044676098288,0.0,232
0,8.0,Computer,3,14.0,E wallet,Female,3.0,4,Fashion,1,Married,5,1,11.0,3.0,4.0,12.0,204
0,10.189899366380917,Phone,1,20.0,Debit Card,Male,2.0,3,Mobile,5,Married,2,1,14.0,5.0,6.0,8.0,122
0,27.0,Computer,1,7.0,Debit Card,Female,2.0,3,Fashion,3,Married,8,0,17.0,0.0,1.0,4.0,205
0,10.189899366380917,Mobile Phone,1,8.0,Debit Card,Female,3.0,1,Mobile,1,Married,2,0,13.0,1.0,7.0,7.0,120
1,10.189899366380917,Computer,1,16.0,CC,Female,3.0,4,Mobile Phone,4,Single,2,1,25.0,0.0,1.0,0.0,119
0,2.0,Phone,1,7.0,Debit Card,Female,3.0,3,Mobile Phone,1,Married,2,0,15.0,1.0,1.0,2.0,138
0,27.0,Mobile Phone,1,9.0,Debit Card,Male,2.0,3,Grocery,1,Married,4,0,14.0,1.7510234462225531,1.0,9.0,278
0,4.0,Mobile Phone,1,17.0,Credit Card,Male,3.0,3,Laptop & Accessory,5,Married,2,1,12.0,1.0,1.0,1.0,168
0,4.0,Mobile Phone,1,30.0,Credit Card,Female,3.0,4,Laptop & Accessory,5,Single,2,0,19.0,1.0,1.0,8.0,168
0,30.0,Mobile Phone,3,9.0,Debit Card,Female,2.0,4,Laptop & Accessory,1,Single,6,0,17.0,0.0,1.0,5.0,152
0,16.0,Mobile Phone,1,9.0,Debit Card,Male,3.0,5,Others,1,Married,4,0,15.707921714818266,1.0,1.0,7.0,297
0,22.0,Mobile Phone,1,10.0,Credit Card,Male,2.0,4,Others,3,Married,3,0,13.0,1.7510234462225531,1.0,0.0,287
0,9.0,Computer,1,9.0,COD,Male,2.0,3,Mobile Phone,4,Married,2,0,12.0,0.0,1.0,7.0,137
0,21.0,Phone,1,15.639895891429633,COD,Male,3.0,1,Mobile,4,Single,6,0,11.0,0.0,1.0,0.0,126
0,0.0,Phone,1,15.639895891429633,Debit Card,Male,3.0,3,Mobile,3,Married,2,0,11.0,1.0,1.0,3.0,125
0,2.0,Mobile Phone,1,13.0,Debit Card,Male,2.0,3,Laptop & Accessory,1,Married,2,1,11.0,1.0,1.0,0.0,166
0,21.0,Mobile Phone,1,7.0,Debit Card,Male,3.0,4,Others,1,Single,7,0,12.0,1.7510234462225531,1.0,0.0,283
0,2.0,Mobile Phone,1,7.0,Debit Card,Female,2.0,4,Grocery,1,Married,4,0,14.0,1.7510234462225531,1.0,7.0,261
0,7.0,Phone,1,15.639895891429633,COD,Female,2.0,1,Mobile,3,Married,1,0,17.0,1.0,1.0,0.0,126
0,17.0,Mobile Phone,3,11.0,E wallet,Male,2.0,3,Others,4,Married,8,0,11.0,1.7510234462225531,3.0,10.0,282
0,6.0,Mobile Phone,3,16.0,E wallet,Male,2.0,1,Fashion,3,Married,1,1,14.0,0.0,1.0,8.0,184
0,0.0,Phone,1,31.0,Debit Card,Female,2.9315348837209303,1,Mobile,1,Single,2,1,12.0,0.0,1.0,1.0,130
0,10.189899366380917,Mobile Phone,1,7.0,Debit Card,Male,2.0,3,Mobile Phone,3,Married,2,0,22.0,1.0,1.0,1.0,112
1,0.0,Computer,3,30.0,Debit Card,Male,3.0,5,Mobile Phone,1,Single,2,1,14.0,1.0,1.0,0.0,111
0,0.0,Phone,1,10.0,Debit Card,Male,2.9315348837209303,3,Mobile,1,Single,2,1,20.0,2.0,2.0,2.0,129
1,8.0,Mobile Phone,3,8.0,E wallet,Female,3.0,5,Others,4,Single,3,1,16.0,1.7510234462225531,1.0,11.0,288
0,28.0,Computer,1,14.0,Credit Card,Male,2.0,4,Grocery,4,Married,2,1,15.0,2.0,3.0080044676098288,0.0,236
1,0.0,Computer,1,15.639895891429633,Debit Card,Female,2.0,4,Mobile,3,Single,2,0,20.0,1.0,2.0,2.0,126
0,19.0,Mobile Phone,3,10.0,E wallet,Female,2.0,4,Others,4,Married,3,0,14.0,1.7510234462225531,1.0,8.0,288
0,7.0,Phone,3,8.0,E wallet,Female,2.0,3,Laptop & Accessory,5,Single,1,1,12.0,1.0,1.0,2.0,145
0,24.0,Computer,3,15.0,Debit Card,Male,2.0,3,Others,4,Married,5,1,15.707921714818266,6.0,11.0,10.0,298
0,30.0,Mobile Phone,1,24.0,Credit Card,Male,3.0,3,Fashion,1,Single,7,0,12.0,3.0,5.0,4.0,205
0,7.0,Computer,1,25.0,Credit Card,Female,2.0,3,Laptop & Accessory,4,Married,5,0,13.0,0.0,5.0,10.0,144
0,10.189899366380917,Computer,1,7.0,CC,Male,2.0,3,Mobile,3,Single,1,1,11.0,1.0,1.0,2.0,122
0,17.0,Mobile Phone,1,10.0,Debit Card,Male,3.0,1,Others,5,Married,2,0,14.0,2.0,14.0,13.0,292
0,7.0,Computer,2,17.0,Debit Card,Male,2.0,4,Laptop & Accessory,4,Married,5,0,11.0,0.0,1.0,8.0,145
0,8.0,Phone,1,12.0,Debit Card,Male,3.0,3,Mobile,3,Married,1,1,14.0,1.0,2.0,2.0,135
0,15.0,Phone,1,15.639895891429633,CC,Female,3.0,1,Laptop & Accessory,4,Married,7,1,16.0,0.0,1.0,0.0,124
0,16.0,Mobile Phone,3,10.0,E wallet,Female,2.0,4,Fashion,1,Single,4,0,14.0,10.0,15.0,17.0,202
0,9.0,Mobile Phone,1,8.0,Debit Card,Female,2.0,3,Laptop & Accessory,4,Single,10,1,11.0,4.0,5.0,12.0,154
1,7.0,Mobile Phone,1,21.0,Credit Card,Female,3.0,3,Fashion,1,Married,2,0,11.0,0.0,1.0,5.0,180
0,1.0,Computer,1,8.0,Debit Card,Male,2.0,4,Mobile Phone,1,Married,2,1,12.0,0.0,2.0,2.0,139
0,24.0,Computer,1,12.0,CC,Female,2.9315348837209303,4,Mobile,3,Single,1,0,14.0,3.0,7.0,7.0,128
0,3.0,Computer,1,15.0,Credit Card,Female,3.0,3,Laptop & Accessory,3,Single,8,1,18.0,0.0,1.0,7.0,147
1,0.0,Phone,1,13.0,COD,Female,2.0,3,Mobile,3,Married,4,1,13.0,4.0,7.0,7.0,133
0,10.189899366380917,Phone,1,7.0,Cash on Delivery,Male,2.0,3,Mobile,5,Single,3,0,11.0,1.0,1.0,2.0,121
0,10.189899366380917,Phone,1,7.0,CC,Female,2.0,3,Mobile,4,Single,2,0,18.0,1.0,2.0,1.0,121
0,5.0,Mobile Phone,3,14.0,Credit Card,Male,2.0,1,Laptop & Accessory,1,Married,2,0,15.0,0.0,1.0,8.0,162
0,18.0,Computer,1,31.0,Credit Card,Female,2.0,3,Others,4,Single,4,0,22.0,1.7510234462225531,1.0,0.0,281
0,12.0,Mobile Phone,1,19.0,Credit Card,Female,3.0,4,Grocery,4,Married,7,1,13.0,1.7510234462225531,15.0,2.0,271
0,30.0,Phone,1,15.639895891429633,Debit Card,Male,2.0,3,Mobile,3,Married,2,0,12.0,1.0,2.0,2.0,124
1,0.0,Phone,1,13.0,Debit Card,Male,3.0,3,Laptop & Accessory,3,Married,2,0,18.0,0.0,1.0,1.0,149
1,2.0,Phone,1,29.0,Credit Card,Male,3.0,3,Mobile Phone,5,Single,1,0,13.0,0.0,1.0,3.0,139
0,3.0,Phone,1,12.0,COD,Female,2.0,4,Laptop & Accessory,1,Married,1,0,12.0,5.0,6.0,7.0,146
0,9.0,Mobile Phone,1,16.0,COD,Female,3.0,3,Fashion,3,Married,4,0,12.0,1.0,1.0,7.0,171
0,19.0,Phone,2,7.0,Debit Card,Female,2.0,3,Mobile,5,Single,7,0,12.0,2.0,5.0,7.0,134
0,1.0,Computer,1,7.0,Debit Card,Female,2.0,5,Laptop & Accessory,1,Married,1,0,11.0,7.0,7.0,5.0,167
0,23.0,Mobile Phone,1,34.0,Debit Card,Female,2.0,3,Grocery,5,Married,5,1,11.0,1.7510234462225531,1.0,2.0,269
1,3.0,Mobile Phone,3,31.0,E wallet,Male,2.0,4,Fashion,4,Single,3,1,12.0,1.0,1.0,0.0,191
1,15.0,Mobile Phone,3,11.0,Debit Card,Male,3.0,3,Fashion,4,Single,10,1,19.0,7.0,7.0,7.0,184
0,3.0,Mobile Phone,1,23.0,Credit Card,Female,3.0,3,Fashion,5,Married,2,1,23.0,1.0,1.0,4.543490512868683,219
0,12.0,Phone,1,24.0,Debit Card,Male,2.0,3,Laptop & Accessory,3,Single,1,0,11.0,1.0,1.0,7.0,145
0,4.0,Computer,3,8.0,Debit Card,Female,2.0,3,Fashion,3,Married,2,1,19.0,8.0,9.0,6.0,199
0,14.0,Computer,3,16.0,Credit Card,Male,2.0,5,Laptop & Accessory,4,Single,2,0,13.0,3.0,11.0,9.0,162
1,10.189899366380917,Computer,3,7.0,Debit Card,Female,2.0,3,Mobile,4,Single,2,1,11.0,2.0,2.0,2.0,123
1,7.0,Phone,1,15.639895891429633,Debit Card,Male,2.0,3,Mobile,5,Married,5,0,12.0,1.0,1.0,2.0,124
0,15.0,Computer,1,8.0,Debit Card,Male,2.0,3,Grocery,3,Married,1,1,13.0,1.7510234462225531,2.0,10.0,279
0,28.0,Mobile Phone,1,8.0,Credit Card,Female,2.0,5,Others,3,Married,5,0,14.0,1.7510234462225531,9.0,11.0,292
0,29.0,Mobile Phone,2,14.0,Debit Card,Male,3.0,3,Others,4,Single,7,0,15.707921714818266,2.0,7.0,7.0,297
0,13.0,Computer,1,22.0,Debit Card,Male,3.0,3,Mobile,3,Married,10,0,16.0,1.0,1.0,0.0,135
0,7.0,Mobile Phone,1,15.0,Debit Card,Male,2.0,3,Fashion,1,Married,1,0,11.0,0.0,1.0,6.0,185
0,13.0,Phone,1,8.0,Debit Card,Male,3.0,3,Laptop & Accessory,1,Single,2,0,13.0,3.0,8.0,8.0,147
0,14.0,Computer,3,7.0,E wallet,Female,3.0,3,Laptop & Accessory,5,Married,1,0,17.0,0.0,1.0,7.0,141
0,8.0,Computer,1,10.0,Debit Card,Male,2.0,3,Laptop & Accessory,3,Single,2,1,11.0,1.0,1.0,1.0,142
0,24.0,Mobile Phone,2,11.0,Debit Card,Male,2.0,3,Grocery,4,Married,2,1,11.0,0.0,3.0080044676098288,10.0,240
0,11.0,Mobile Phone,3,8.0,Debit Card,Female,2.0,3,Laptop & Accessory,5,Married,4,0,15.0,0.0,1.0,7.0,169
0,7.0,Mobile Phone,3,21.0,Credit Card,Female,3.0,3,Laptop & Accessory,5,Single,2,0,12.0,4.0,9.0,6.0,161
0,0.0,Phone,1,25.0,Credit Card,Male,3.0,3,Mobile Phone,1,Married,4,0,11.0,0.0,1.0,2.0,137
1,20.0,Mobile Phone,1,13.0,Credit Card,Female,2.0,4,Fashion,5,Married,8,1,14.0,1.0,5.0,9.0,200
0,13.0,Phone,1,15.639895891429633,Debit Card,Male,2.0,3,Mobile,4,Married,4,0,22.0,1.0,1.0,3.0,124
0,9.0,Computer,3,13.0,E wallet,Female,2.0,1,Laptop & Accessory,5,Married,3,0,16.0,5.0,6.0,13.0,146
0,21.0,Mobile Phone,1,10.0,Debit Card,Male,2.0,3,Fashion,1,Single,2,0,11.0,1.0,1.0,8.0,179
0,0.0,Phone,3,15.639895891429633,CC,Female,3.0,1,Mobile,1,Married,9,0,14.0,0.0,1.0,0.0,125
0,24.0,Mobile Phone,1,17.0,Cash on Delivery,Female,2.0,4,Grocery,4,Single,4,0,16.0,0.0,1.0,3.0,231
0,10.189899366380917,Computer,1,7.0,Debit Card,Female,3.0,3,Mobile Phone,1,Single,2,0,15.0,1.0,1.0,0.0,116
0,8.0,Mobile Phone,1,7.0,Credit Card,Female,2.0,4,Laptop & Accessory,1,Married,1,0,12.0,0.0,1.0,0.0,154
0,0.0,Computer,3,8.0,Debit Card,Male,2.0,5,Laptop & Accessory,1,Single,4,0,20.0,0.0,1.0,0.0,151
1,18.0,Mobile Phone,3,19.0,E wallet,Male,2.0,1,Grocery,3,Single,7,1,17.0,1.0,3.0080044676098288,8.0,237
0,29.0,Mobile Phone,1,29.0,Debit Card,Male,3.0,3,Grocery,4,Married,5,1,12.0,13.0,3.0080044676098288,9.0,234
0,10.189899366380917,Computer,1,32.0,Cash on Delivery,Female,3.0,4,Mobile,3,Married,2,0,20.0,1.0,1.0,0.0,120
0,13.0,Mobile Phone,1,8.0,Credit Card,Female,2.0,1,Laptop & Accessory,3,Married,6,0,20.0,6.0,11.0,8.0,164
0,7.0,Mobile Phone,1,35.0,Credit Card,Male,2.0,3,Laptop & Accessory,3,Married,5,0,13.0,5.0,7.0,7.0,154
1,0.0,Computer,3,8.0,Debit Card,Female,2.9315348837209303,4,Mobile,1,Single,8,0,14.0,0.0,1.0,0.0,128
1,0.0,Computer,3,24.0,E wallet,Female,3.0,3,Laptop & Accessory,3,Married,1,1,18.0,0.0,3.0,2.0,146
0,11.0,Computer,1,15.639895891429633,Debit Card,Male,2.0,1,Mobile,3,Married,2,0,11.0,0.0,1.0,3.0,126
0,7.0,Mobile Phone,1,8.0,COD,Female,3.0,3,Laptop & Accessory,1,Single,2,0,11.0,4.0,4.0,11.0,167
0,1.0,Phone,3,32.0,Debit Card,Male,2.0,4,Laptop & Accessory,5,Married,2,0,11.0,1.0,1.0,4.0,147
1,0.0,Mobile Phone,1,28.0,Credit Card,Male,3.0,3,Laptop & Accessory,3,Married,2,1,15.0,5.0,6.0,7.0,162
0,12.0,Mobile Phone,3,27.0,Debit Card,Male,2.0,4,Laptop & Accessory,1,Married,4,1,12.0,0.0,1.0,4.0,161
0,24.0,Computer,3,8.0,E wallet,Male,2.0,3,Fashion,4,Married,3,0,11.0,3.0,3.0,2.0,206
0,14.0,Computer,1,28.0,Debit Card,Female,3.0,3,Laptop & Accessory,1,Married,4,1,14.0,2.0,3.0,3.0,155
0,10.0,Phone,1,10.0,Debit Card,Male,2.9315348837209303,3,Mobile,3,Married,8,1,15.0,1.0,1.0,3.0,130
0,6.0,Computer,3,11.0,Debit Card,Male,3.0,3,Laptop & Accessory,1,Married,7,0,13.0,1.0,1.0,2.0,200
0,5.0,Phone,3,8.0,E wallet,Male,2.0,3,Laptop & Accessory,4,Married,1,1,13.0,1.0,1.0,2.0,141
0,12.0,Computer,1,31.0,Debit Card,Male,3.0,3,Fashion,3,Married,4,0,21.0,0.0,1.0,4.543490512868683,209
0,0.0,Mobile Phone,3,24.0,Debit Card,Male,3.0,1,Laptop & Accessory,3,Married,3,0,11.0,1.0,1.0,2.0,162
0,25.0,Computer,1,34.0,Credit Card,Female,2.0,1,Grocery,3,Married,3,1,11.0,1.0,3.0080044676098288,2.0,232
0,16.0,Phone,1,12.0,Credit Card,Female,3.0,4,Laptop & Accessory,3,Single,2,1,14.0,0.0,1.0,8.0,141
0,0.0,Mobile Phone,3,16.0,E wallet,Female,3.0,4,Laptop & Accessory,1,Married,2,1,11.0,1.0,4.0,4.0,158
1,0.0,Phone,1,15.639895891429633,Debit Card,Female,2.0,3,Mobile,3,Single,2,1,13.0,4.0,7.0,7.0,124
0,0.0,Phone,1,8.0,Credit Card,Male,2.0,4,Mobile Phone,1,Single,1,0,12.0,1.0,1.0,1.0,139
0,15.0,Mobile Phone,2,16.0,UPI,Female,2.0,3,Grocery,5,Married,1,0,14.0,1.7510234462225531,1.0,9.0,268
0,25.0,Phone,1,14.0,UPI,Female,2.9315348837209303,3,Mobile,5,Married,10,0,13.0,1.0,1.0,4.0,130
0,10.0,Phone,1,17.0,Credit Card,Female,3.0,3,Mobile Phone,3,Single,5,0,18.0,1.0,1.0,2.0,136
0,8.0,Computer,1,24.0,Debit Card,Male,2.0,3,Fashion,1,Single,3,0,11.0,2.0,2.0,2.0,194
0,0.0,Phone,1,7.0,COD,Male,2.0,3,Mobile,1,Married,5,0,11.0,0.0,1.0,2.0,132
0,0.0,Phone,1,13.0,UPI,Male,3.0,1,Mobile Phone,5,Single,1,0,12.0,0.0,1.0,7.0,136
0,2.0,Mobile Phone,2,23.0,UPI,Male,2.0,4,Fashion,5,Single,2,0,13.0,0.0,1.0,9.0,180
1,12.0,Computer,1,34.0,Debit Card,Male,3.0,4,Laptop & Accessory,5,Single,4,0,20.0,0.0,1.0,3.0,143
1,0.0,Computer,1,20.0,UPI,Female,2.0,3,Fashion,1,Single,1,1,12.0,4.0,7.0,7.0,176
0,27.0,Mobile Phone,1,7.0,Credit Card,Female,2.0,3,Grocery,1,Single,7,0,19.0,1.7510234462225531,12.0,7.0,273
0,30.0,Mobile Phone,1,7.0,Credit Card,Female,3.0,3,Others,5,Married,4,1,15.707921714818266,1.0,1.0,5.0,297
0,28.0,Mobile Phone,1,7.0,Credit Card,Male,2.0,1,Grocery,1,Married,3,0,13.0,0.0,3.0080044676098288,0.0,247
0,9.0,Mobile Phone,3,9.0,E wallet,Female,3.0,3,Laptop & Accessory,4,Single,4,1,16.0,0.0,1.0,1.0,193
1,10.189899366380917,Computer,3,7.0,Debit Card,Female,2.0,5,Mobile Phone,3,Single,2,0,12.0,0.0,1.0,0.0,114
0,3.0,Phone,3,13.0,E wallet,Female,3.0,3,Laptop & Accessory,5,Married,8,0,14.0,1.0,1.0,2.0,148
0,4.0,Mobile Phone,1,14.0,Debit Card,Female,3.0,3,Grocery,4,Single,4,0,11.0,1.7510234462225531,1.0,0.0,264
0,7.0,Computer,1,7.0,UPI,Male,2.9315348837209303,3,Mobile,5,Married,6,0,14.0,1.0,1.0,3.0,130
1,10.189899366380917,Mobile Phone,1,14.0,Debit Card,Female,2.0,4,Mobile Phone,4,Single,2,0,12.0,0.0,1.0,0.0,113
0,10.189899366380917,Phone,1,17.0,Debit Card,Male,3.0,3,Mobile,5,Married,1,0,14.0,1.0,1.0,4.0,121
0,9.0,Mobile Phone,1,10.0,Debit Card,Male,2.0,4,Laptop & Accessory,1,Single,2,0,16.0,0.0,1.0,8.0,158
0,9.0,Mobile Phone,3,22.0,E wallet,Female,3.0,4,Laptop & Accessory,5,Married,5,0,13.0,1.0,1.0,2.0,156
0,20.0,Phone,1,7.0,COD,Male,3.0,3,Mobile,1,Married,8,0,12.0,1.0,1.0,2.0,134
1,0.0,Phone,3,15.0,Debit Card,Male,3.0,4,Mobile Phone,5,Married,4,0,12.0,2.0,2.0,2.0,144
0,10.0,Computer,1,11.0,COD,Male,2.0,1,Mobile,3,Single,1,0,14.0,0.0,1.0,3.0,135
0,10.189899366380917,Phone,1,7.0,Debit Card,Female,2.0,3,Mobile,5,Married,3,0,22.0,0.0,1.0,0.0,121
0,20.0,Mobile Phone,1,8.0,Credit Card,Female,2.0,3,Grocery,3,Married,4,0,19.0,1.7510234462225531,5.0,6.0,272
0,0.0,Phone,3,10.0,Credit Card,Female,2.0,3,Laptop & Accessory,3,Married,2,1,12.0,1.0,1.0,3.0,142
0,5.0,Mobile Phone,3,13.0,E wallet,Male,3.0,3,Laptop & Accessory,1,Married,5,0,12.0,0.0,1.0,3.0,192
0,7.0,Phone,1,7.0,Debit Card,Female,2.0,4,Mobile,4,Married,6,0,17.0,1.0,1.0,2.0,133
0,10.189899366380917,Phone,1,11.0,CC,Male,2.0,1,Mobile,3,Married,3,1,12.0,0.0,1.0,3.0,121
0,13.0,Computer,1,15.0,UPI,Male,2.0,3,Laptop & Accessory,3,Married,4,0,11.0,0.0,1.0,7.0,140
0,4.0,Mobile Phone,3,14.0,Debit Card,Male,2.0,3,Fashion,1,Married,2,0,18.0,2.0,9.0,9.0,208
1,9.0,Mobile Phone,3,15.0,E wallet,Male,2.0,3,Fashion,1,Married,5,0,11.0,4.0,4.0,3.0,201
1,2.0,Computer,1,8.0,Debit Card,Female,2.0,4,Mobile Phone,5,Single,3,1,23.0,0.0,1.0,0.0,136
1,0.0,Computer,1,7.0,Debit Card,Female,3.0,1,Fashion,4,Single,2,0,11.0,1.0,4.0,7.0,174
0,18.0,Mobile Phone,1,26.0,Credit Card,Male,3.0,5,Fashion,5,Married,3,1,18.0,1.0,1.0,7.0,209
0,10.189899366380917,Phone,2,14.0,CC,Female,3.0,1,Mobile,4,Single,10,0,18.0,1.0,1.0,2.0,121
1,0.0,Computer,1,8.0,Debit Card,Male,3.0,3,Mobile Phone,1,Married,7,1,13.0,0.0,2.0,2.0,137
0,18.0,Mobile Phone,1,35.0,Cash on Delivery,Male,2.0,3,Fashion,1,Married,5,1,18.0,1.0,1.0,2.0,194
0,21.0,Mobile Phone,3,13.0,E wallet,Male,3.0,3,Laptop & Accessory,5,Married,5,0,11.0,0.0,2.0,2.0,155
1,0.0,Phone,2,15.0,COD,Female,2.9315348837209303,3,Mobile,3,Married,2,0,15.0,2.0,2.0,2.0,127
0,13.0,Computer,1,14.0,Credit Card,Male,2.0,4,Fashion,4,Married,3,0,11.0,4.0,3.0080044676098288,8.0,238
0,1.0,Mobile Phone,3,11.0,Credit Card,Male,2.0,3,Laptop & Accessory,5,Single,1,0,18.0,0.0,1.0,3.0,185
0,17.0,Computer,1,11.0,Debit Card,Male,2.0,4,Mobile,3,Single,4,0,14.0,0.0,1.0,3.0,132
0,26.0,Mobile Phone,1,8.0,Credit Card,Male,2.0,1,Grocery,4,Single,5,0,12.0,1.7510234462225531,8.0,8.0,266
0,22.0,Mobile Phone,1,11.0,COD,Male,3.0,3,Laptop & Accessory,3,Married,3,0,14.0,0.0,1.0,2.0,167
0,13.0,Phone,1,15.639895891429633,CC,Male,3.0,3,Mobile,3,Married,3,0,14.0,1.0,1.0,2.0,123
0,17.0,Phone,1,26.0,Debit Card,Male,2.0,3,Mobile,4,Single,2,0,13.0,1.0,1.0,3.0,134
0,6.0,Computer,3,13.0,Credit Card,Male,2.0,3,Laptop & Accessory,5,Married,1,0,14.0,1.0,1.0,3.0,144
0,7.0,Phone,3,9.0,UPI,Male,2.0,5,Laptop & Accessory,5,Single,4,0,18.0,2.0,3.0,12.0,148
0,3.0,Mobile Phone,3,22.0,Debit Card,Male,3.0,3,Laptop & Accessory,3,Married,9,0,15.0,1.0,2.0,2.0,153
0,15.0,Computer,1,15.0,Credit Card,Female,3.0,3,Mobile Phone,1,Single,2,0,13.0,0.0,5.0,8.0,137
0,17.0,Computer,3,7.0,E wallet,Female,3.0,3,Laptop & Accessory,3,Married,8,0,12.0,0.0,1.0,0.0,148
0,10.189899366380917,Computer,1,13.0,Cash on Delivery,Male,3.0,3,Mobile Phone,3,Married,2,0,13.0,0.0,1.0,0.0,113
0,30.0,Phone,1,7.0,Debit Card,Male,3.0,1,Laptop & Accessory,3,Married,1,0,24.0,1.0,2.0,8.0,149
0,22.0,Mobile Phone,1,13.0,Debit Card,Male,2.0,3,Fashion,4,Married,4,0,14.0,0.0,1.0,7.0,205
0,7.0,Computer,1,21.0,Credit Card,Male,3.0,3,Grocery,5,Married,8,0,14.0,1.7510234462225531,6.0,9.0,270
1,0.0,Computer,3,7.0,COD,Male,2.9315348837209303,3,Mobile,3,Married,4,0,15.0,1.0,1.0,2.0,129
1,0.0,Computer,3,19.0,COD,Female,2.0,3,Laptop & Accessory,4,Single,6,0,11.0,1.0,1.0,0.0,158
1,0.0,Phone,3,30.0,Credit Card,Female,2.0,4,Laptop & Accessory,4,Single,1,1,23.0,4.0,10.0,10.0,146
0,8.0,Phone,3,15.639895891429633,Debit Card,Male,3.0,3,Mobile,3,Married,2,0,13.0,0.0,1.0,0.0,124
1,0.0,Computer,1,15.0,CC,Male,2.0,3,Mobile,5,Single,3,1,11.0,0.0,1.0,0.0,132
0,10.189899366380917,Computer,3,19.0,Debit Card,Female,3.0,3,Mobile,4,Married,2,0,13.0,0.0,1.0,0.0,120
0,17.0,Computer,1,8.0,Credit Card,Male,2.0,3,Fashion,3,Single,6,1,18.0,2.0,2.0,2.0,202
0,2.0,Mobile Phone,3,25.0,Debit Card,Male,3.0,4,Laptop & Accessory,3,Married,2,0,14.0,1.0,1.0,4.0,186
0,10.189899366380917,Phone,2,7.0,Debit Card,Male,2.0,3,Mobile,3,Married,1,0,21.0,0.0,1.0,3.0,121
0,28.0,Phone,1,10.0,Debit Card,Male,1.0,3,Laptop & Accessory,3,Married,1,1,16.0,1.0,1.0,2.0,140
0,6.0,Phone,1,10.0,Credit Card,Female,2.0,4,Mobile Phone,4,Married,9,0,11.0,1.0,1.0,2.0,138
0,20.0,Phone,3,20.0,Credit Card,Female,3.0,3,Laptop & Accessory,3,Married,4,1,17.0,1.0,1.0,2.0,146
1,0.0,Computer,1,15.639895891429633,CC,Male,2.0,4,Mobile,5,Single,8,0,11.0,1.0,1.0,0.0,126
0,10.189899366380917,Mobile Phone,1,7.0,Debit Card,Male,3.0,4,Mobile Phone,3,Married,2,0,14.0,0.0,1.0,0.0,116
0,1.0,Computer,3,13.0,Debit Card,Male,2.0,3,Laptop & Accessory,5,Single,1,0,14.0,1.0,1.0,3.0,149
0,22.0,Phone,1,9.0,Credit Card,Female,2.0,4,Laptop & Accessory,5,Married,5,0,25.0,0.0,1.0,2.0,148
0,2.0,Computer,1,8.0,Debit Card,Female,3.0,3,Mobile,4,Married,1,0,13.0,1.0,1.0,2.0,132
0,1.0,Mobile Phone,1,35.0,Debit Card,Male,3.0,5,Laptop & Accessory,4,Married,2,0,14.0,0.0,1.0,7.0,165
0,6.0,Mobile Phone,1,14.0,Debit Card,Male,3.0,3,Laptop & Accessory,3,Single,3,1,17.0,1.0,1.0,0.0,164
0,5.0,Mobile Phone,1,16.0,Credit Card,Male,3.0,3,Fashion,1,Single,3,0,25.0,0.0,1.0,4.543490512868683,212
0,27.0,Computer,1,17.0,Credit Card,Female,2.0,3,Grocery,1,Married,4,0,20.0,0.0,3.0080044676098288,12.0,260
1,0.0,Phone,1,15.639895891429633,COD,Male,3.0,4,Mobile,5,Single,7,0,13.0,1.0,1.0,7.0,124
0,17.0,Mobile Phone,1,34.0,Debit Card,Male,2.0,3,Grocery,5,Married,4,0,13.0,1.7510234462225531,14.0,17.0,263
0,12.0,Mobile Phone,1,12.0,Debit Card,Female,2.0,3,Fashion,4,Single,5,0,18.0,2.0,2.0,2.0,184
0,19.0,Mobile Phone,3,9.0,Debit Card,Female,2.0,3,Grocery,4,Married,9,0,12.0,1.7510234462225531,5.0,1.0,266
0,8.0,Mobile Phone,1,22.0,Debit Card,Female,3.0,4,Fashion,4,Single,2,0,19.0,3.0,3.0,3.0,186
0,10.189899366380917,Phone,1,26.0,Debit Card,Male,3.0,3,Laptop & Accessory,3,Single,1,0,14.0,1.0,1.0,2.0,123
1,10.189899366380917,Mobile Phone,1,15.0,Debit Card,Male,2.0,3,Mobile,5,Single,4,0,14.0,1.0,1.0,0.0,120
0,7.0,Mobile Phone,3,7.0,COD,Male,3.0,4,Fashion,3,Married,2,1,14.0,7.0,8.0,6.0,171
1,0.0,Computer,1,9.0,Debit Card,Female,2.0,3,Mobile Phone,3,Single,2,0,12.0,2.0,7.0,7.0,141
0,23.0,Computer,1,28.0,Credit Card,Male,2.0,5,Grocery,1,Single,2,1,13.0,1.0,3.0080044676098288,9.0,244
0,10.189899366380917,Phone,3,13.0,COD,Male,2.0,3,Mobile,3,Married,1,1,25.0,3.0,5.0,7.0,123
0,15.0,Phone,1,8.0,Credit Card,Male,3.0,4,Mobile Phone,4,Married,5,0,14.0,0.0,1.0,0.0,148
0,10.0,Phone,1,19.0,Credit Card,Male,2.0,3,Laptop & Accessory,1,Married,2,0,17.0,2.0,3.0,7.0,143
0,2.0,Mobile Phone,1,14.0,UPI,Female,2.0,5,Laptop & Accessory,5,Married,4,0,13.0,1.0,1.0,7.0,197
0,6.0,Phone,1,31.0,Debit Card,Male,2.0,4,Laptop & Accessory,4,Single,2,0,13.0,1.0,1.0,2.0,143
0,10.189899366380917,Phone,1,34.0,Cash on Delivery,Male,3.0,3,Mobile,1,Married,5,0,20.0,1.0,1.0,3.0,121
0,15.0,Computer,1,8.0,Debit Card,Male,2.0,3,Fashion,1,Married,3,1,14.0,4.0,13.0,9.0,201
0,13.0,Mobile Phone,3,15.0,Credit Card,Male,2.0,3,Laptop & Accessory,5,Married,1,0,12.0,7.0,7.0,1.0,155
0,6.0,Mobile Phone,1,34.0,Debit Card,Male,3.0,3,Laptop & Accessory,3,Married,2,1,12.0,4.0,5.0,7.0,152
0,13.0,Mobile Phone,2,12.0,Credit Card,Male,2.0,3,Grocery,1,Single,2,1,21.0,1.7510234462225531,7.0,7.0,264
0,10.189899366380917,Phone,1,27.0,COD,Male,2.0,4,Mobile,5,Married,1,0,14.0,0.0,1.0,0.0,123
0,13.0,Computer,1,14.0,Debit Card,Male,3.0,3,Laptop & Accessory,1,Married,4,1,18.0,1.0,2.0,2.0,141
0,18.0,Mobile Phone,1,7.0,COD,Male,3.0,3,Fashion,4,Married,2,0,12.0,3.0,7.0,7.0,174
0,8.0,Phone,3,15.639895891429633,Debit Card,Female,3.0,4,Mobile,3,Married,1,0,23.0,2.0,4.0,2.0,124
0,5.0,Mobile Phone,1,11.0,Debit Card,Female,3.0,4,Laptop & Accessory,4,Married,4,0,12.0,1.0,2.0,5.0,159
0,9.0,Phone,3,15.639895891429633,Debit Card,Male,3.0,3,Mobile,1,Single,4,1,21.0,1.0,1.0,2.0,126
0,21.0,Mobile Phone,3,22.0,Debit Card,Female,3.0,3,Laptop & Accessory,3,Married,9,0,14.0,7.0,7.0,7.0,164
0,2.0,Phone,1,15.639895891429633,Debit Card,Male,3.0,1,Mobile,3,Married,7,0,18.0,0.0,1.0,0.0,125
0,6.0,Mobile Phone,3,14.0,Debit Card,Male,2.0,3,Laptop & Accessory,5,Married,3,0,13.0,2.0,2.0,2.0,164
1,0.0,Mobile Phone,3,7.0,Debit Card,Male,3.0,4,Laptop & Accessory,5,Married,2,0,11.0,1.0,6.0,7.0,197
0,11.0,Computer,2,16.0,UPI,Male,3.0,3,Laptop & Accessory,3,Married,4,0,11.0,0.0,1.0,2.0,161
0,8.0,Phone,1,15.639895891429633,CC,Male,3.0,4,Mobile,5,Single,2,0,19.0,1.0,1.0,2.0,125
0,7.0,Mobile Phone,3,35.0,COD,Male,2.0,3,Fashion,4,Married,4,0,12.0,1.0,1.0,3.0,193
1,10.189899366380917,Phone,1,8.0,Debit Card,Female,3.0,3,Mobile,5,Married,2,1,12.0,1.0,1.0,0.0,121
1,16.0,Mobile Phone,1,8.0,Cash on Delivery,Female,3.0,4,Fashion,1,Married,1,0,16.0,0.0,1.0,9.0,202
1,1.0,Phone,1,8.0,Credit Card,Male,2.0,3,Laptop & Accessory,4,Married,5,0,11.0,1.0,1.0,4.0,149
0,5.0,Computer,1,7.0,COD,Male,3.0,3,Laptop & Accessory,5,Married,5,0,14.0,0.0,1.0,2.0,141
0,21.0,Phone,1,15.639895891429633,UPI,Female,3.0,3,Mobile,5,Married,9,0,12.0,6.0,7.0,6.0,124
0,7.0,Phone,1,13.0,CC,Male,2.9315348837209303,3,Mobile,1,Single,2,0,13.0,0.0,1.0,0.0,130
0,28.0,Mobile Phone,3,32.0,E wallet,Male,2.0,4,Others,1,Married,2,0,15.707921714818266,0.0,2.0,13.0,296
0,7.0,Mobile Phone,1,7.0,Debit Card,Male,2.0,3,Laptop & Accessory,1,Married,10,0,17.0,0.0,2.0,1.0,155
0,10.189899366380917,Phone,1,9.0,Debit Card,Female,2.0,3,Mobile,1,Married,2,0,21.0,1.0,1.0,0.0,121
0,11.0,Mobile Phone,3,20.0,Debit Card,Male,3.0,3,Laptop & Accessory,4,Married,1,0,11.0,3.0,7.0,7.0,199
0,11.0,Phone,3,22.0,Debit Card,Female,2.0,3,Laptop & Accessory,4,Single,3,0,12.0,1.0,1.0,2.0,142
0,9.0,Mobile Phone,3,7.0,Debit Card,Female,3.0,3,Laptop & Accessory,3,Single,7,0,13.0,1.0,1.0,0.0,168
0,2.0,Phone,1,9.0,Credit Card,Male,2.0,3,Mobile Phone,5,Single,2,1,18.0,0.0,1.0,5.0,147
0,8.0,Mobile Phone,1,16.0,Credit Card,Female,2.0,3,Laptop & Accessory,3,Single,4,1,16.0,0.0,1.0,4.0,161
0,12.0,Mobile Phone,3,12.0,Credit Card,Male,2.0,1,Fashion,3,Married,3,0,11.0,3.0,7.0,6.0,182
0,2.0,Computer,1,8.0,Debit Card,Male,2.0,3,Laptop & Accessory,1,Married,2,0,19.0,1.0,1.0,3.0,189
0,23.0,Mobile Phone,3,15.0,E wallet,Male,2.0,3,Others,3,Married,5,1,15.707921714818266,0.0,1.0,0.0,293
0,10.189899366380917,Phone,1,16.0,Cash on Delivery,Male,2.0,1,Mobile,3,Married,3,0,16.0,0.0,2.0,2.0,121
0,9.0,Computer,1,12.0,Debit Card,Male,3.0,1,Laptop & Accessory,5,Married,4,1,13.0,0.0,1.0,2.0,156
0,15.0,Mobile Phone,1,15.0,UPI,Male,3.0,4,Others,1,Single,9,0,15.707921714818266,1.0,1.0,1.0,296
0,8.0,Phone,1,34.0,Debit Card,Male,2.0,1,Laptop & Accessory,3,Married,2,0,17.0,6.0,6.0,8.0,134
0,7.0,Computer,1,16.0,COD,Male,3.0,4,Laptop & Accessory,3,Married,2,0,14.0,1.0,7.0,7.0,151
0,13.0,Phone,3,20.0,Debit Card,Female,2.0,3,Laptop & Accessory,5,Married,2,0,15.0,0.0,1.0,2.0,146
0,16.0,Phone,1,33.0,COD,Male,2.0,1,Mobile Phone,4,Married,6,0,12.0,1.0,1.0,2.0,149
0,8.0,Phone,1,13.0,Debit Card,Male,2.9315348837209303,4,Mobile,1,Married,2,0,18.0,1.0,1.0,1.0,127
0,19.0,Mobile Phone,3,7.0,Debit Card,Male,2.0,1,Grocery,5,Single,2,0,15.0,1.7510234462225531,1.0,12.0,276
1,0.0,Phone,1,15.639895891429633,CC,Male,2.0,3,Mobile,4,Married,2,1,17.0,0.0,1.0,0.0,124
0,0.0,Computer,1,32.0,UPI,Female,2.9315348837209303,4,Mobile,3,Married,2,1,14.0,1.0,1.0,3.0,128
0,23.0,Computer,1,26.0,Credit Card,Male,2.0,3,Grocery,3,Married,3,1,15.0,0.0,12.0,4.543490512868683,212
0,5.0,Phone,1,11.0,UPI,Female,2.0,1,Mobile,1,Married,4,0,17.0,1.0,1.0,2.0,133
0,17.0,Mobile Phone,1,13.0,Credit Card,Female,2.0,3,Others,1,Married,1,1,14.0,1.7510234462225531,1.0,10.0,290
0,10.189899366380917,Phone,1,13.0,CC,Male,2.0,4,Mobile,4,Married,2,0,12.0,1.0,1.0,1.0,121
0,18.0,Mobile Phone,1,11.0,Credit Card,Female,2.0,5,Laptop & Accessory,5,Single,2,1,14.0,0.0,1.0,4.0,158
0,18.0,Computer,3,32.0,E wallet,Male,2.0,4,Laptop & Accessory,5,Married,2,0,15.0,3.0,4.0,5.0,144
0,4.0,Computer,3,8.0,UPI,Male,2.0,3,Laptop & Accessory,5,Single,8,0,13.0,1.0,1.0,3.0,153
0,9.0,Phone,1,18.0,Debit Card,Female,3.0,3,Laptop & Accessory,3,Married,10,1,12.0,0.0,1.0,1.0,147
0,7.0,Computer,1,16.0,Debit Card,Male,2.0,1,Laptop & Accessory,1,Married,2,0,13.0,3.0,7.0,2.0,147
0,22.0,Phone,1,31.0,Debit Card,Female,2.0,3,Mobile,5,Married,2,0,14.0,1.0,1.0,4.0,132
0,12.0,Mobile Phone,1,16.0,Credit Card,Male,3.0,3,Laptop & Accessory,5,Married,3,0,13.0,3.0,7.0,7.0,154
0,0.0,Phone,1,25.0,UPI,Male,3.0,4,Mobile Phone,5,Married,2,0,11.0,0.0,1.0,7.0,141
0,8.0,Mobile Phone,1,24.0,Debit Card,Male,2.0,1,Laptop & Accessory,5,Married,2,0,11.0,1.0,1.0,10.0,152
0,1.0,Phone,1,33.0,Credit Card,Female,2.0,5,Laptop & Accessory,5,Married,1,0,21.0,1.0,1.0,0.0,149
0,0.0,Phone,1,11.0,CC,Male,2.9315348837209303,3,Mobile,1,Single,2,0,18.0,0.0,2.0,2.0,131
1,10.189899366380917,Computer,3,9.0,Credit Card,Female,3.0,3,Mobile Phone,1,Single,2,1,12.0,1.0,1.0,0.0,116
0,20.0,Mobile Phone,2,32.0,Debit Card,Female,3.0,3,Others,3,Married,4,0,15.707921714818266,1.0,1.0,0.0,297
0,12.0,Phone,1,9.0,CC,Male,2.9315348837209303,4,Laptop & Accessory,3,Married,1,0,15.0,0.0,1.0,7.0,131
0,13.0,Mobile Phone,1,21.0,Debit Card,Female,3.0,4,Fashion,3,Married,2,0,13.0,6.0,14.0,12.0,204
0,8.0,Computer,1,14.0,Debit Card,Female,2.0,3,Laptop & Accessory,3,Married,2,0,12.0,0.0,2.0,9.0,141
0,10.0,Mobile Phone,1,25.0,Debit Card,Male,2.0,3,Laptop & Accessory,3,Married,4,0,17.0,0.0,1.0,2.0,158
0,12.0,Computer,1,10.0,Credit Card,Female,2.0,3,Laptop & Accessory,3,Single,1,0,13.0,3.0,3.0,8.0,150
0,18.0,Mobile Phone,1,8.0,UPI,Female,2.0,4,Laptop & Accessory,1,Married,2,0,19.0,3.0,3.0,9.0,158
0,11.0,Mobile Phone,1,8.0,Credit Card,Female,2.0,4,Fashion,3,Married,4,1,19.0,0.0,1.0,2.0,178
1,0.0,Mobile Phone,3,16.0,Credit Card,Male,2.0,4,Fashion,5,Married,10,0,17.0,0.0,6.0,0.0,203
0,10.0,Phone,1,16.0,Credit Card,Female,3.0,3,Mobile Phone,4,Married,2,0,11.0,4.0,7.0,7.0,139
0,13.0,Mobile Phone,1,22.0,Debit Card,Female,2.0,3,Fashion,1,Single,7,1,15.0,3.0,3.0,3.0,179
0,17.0,Computer,2,7.0,UPI,Male,2.0,3,Laptop & Accessory,1,Married,5,1,11.0,1.0,1.0,2.0,157
0,21.0,Computer,1,10.0,Credit Card,Male,2.0,4,Grocery,1,Married,3,0,25.0,0.0,3.0080044676098288,2.0,252
1,0.0,Mobile Phone,3,21.0,Credit Card,Male,2.0,5,Laptop & Accessory,1,Married,7,1,14.0,0.0,2.0,2.0,154
0,0.0,Computer,1,8.0,COD,Female,2.0,3,Mobile Phone,1,Single,2,1,13.0,0.0,1.0,3.0,138
0,0.0,Phone,1,14.0,Credit Card,Female,2.0,1,Mobile,3,Married,8,0,17.0,0.0,1.0,2.0,135
0,0.0,Computer,1,15.639895891429633,CC,Male,2.0,3,Mobile,1,Single,3,0,13.0,0.0,1.0,2.0,126
1,10.189899366380917,Phone,1,13.0,Debit Card,Male,3.0,3,Mobile,5,Single,4,1,14.0,0.0,1.0,3.0,122
0,2.0,Mobile Phone,3,16.0,Credit Card,Male,2.0,4,Laptop & Accessory,3,Single,10,0,11.0,1.0,1.0,4.0,159
0,9.0,Mobile Phone,1,11.0,Debit Card,Female,2.0,3,Fashion,5,Married,5,0,12.0,1.0,1.0,2.0,180
0,0.0,Computer,1,8.0,Debit Card,Male,3.0,1,Laptop & Accessory,3,Married,2,0,17.0,1.0,1.0,7.0,152
0,12.0,Mobile Phone,1,18.0,Credit Card,Male,3.0,3,Laptop & Accessory,4,Married,5,0,21.0,1.0,1.0,0.0,153
0,22.0,Mobile Phone,1,28.0,UPI,Female,3.0,3,Grocery,4,Married,4,0,16.0,1.7510234462225531,1.0,2.0,264
0,23.0,Mobile Phone,1,23.0,Debit Card,Female,2.0,4,Fashion,5,Married,6,0,15.0,0.0,3.0080044676098288,11.0,233
0,0.0,Phone,3,8.0,CC,Female,2.9315348837209303,3,Mobile,3,Single,2,0,19.0,0.0,2.0,2.0,128
0,7.0,Mobile Phone,1,9.0,Debit Card,Female,3.0,3,Laptop & Accessory,4,Married,2,0,12.0,1.0,7.0,9.0,154
0,10.189899366380917,Mobile Phone,1,13.0,Debit Card,Male,3.0,3,Mobile,4,Single,3,0,11.0,0.0,1.0,3.0,120
0,22.0,Mobile Phone,1,12.0,Debit Card,Female,2.0,4,Grocery,3,Married,3,1,19.0,2.0,3.0080044676098288,12.0,240
0,9.0,Computer,1,7.0,Credit Card,Female,2.0,4,Laptop & Accessory,3,Married,1,0,15.0,0.0,1.0,2.0,144
0,9.0,Mobile Phone,1,9.0,Debit Card,Male,3.0,1,Laptop & Accessory,5,Married,7,0,20.0,0.0,1.0,4.0,168
0,27.0,Mobile Phone,1,28.0,Credit Card,Female,3.0,3,Grocery,3,Married,4,0,25.0,1.7510234462225531,4.0,7.0,274
0,16.0,Mobile Phone,1,21.0,Debit Card,Male,3.0,4,Grocery,3,Married,2,0,24.0,1.7510234462225531,6.0,11.0,276
1,0.0,Computer,3,18.0,UPI,Male,2.0,3,Laptop & Accessory,1,Single,4,1,24.0,5.0,6.0,7.0,146
0,11.0,Computer,1,7.0,Debit Card,Male,2.0,3,Laptop & Accessory,1,Married,8,0,15.0,1.0,2.0,9.0,147
0,2.0,Phone,3,11.0,Credit Card,Male,2.0,4,Laptop & Accessory,4,Married,2,1,13.0,0.0,1.0,9.0,142
0,6.0,Mobile Phone,3,8.0,Credit Card,Male,3.0,3,Laptop & Accessory,1,Married,2,0,14.0,1.0,1.0,4.0,155
0,5.0,Mobile Phone,1,8.0,Credit Card,Male,2.0,3,Laptop & Accessory,4,Married,1,0,13.0,1.0,1.0,6.0,155
0,4.0,Mobile Phone,3,11.0,Debit Card,Female,3.0,3,Laptop & Accessory,1,Married,2,0,11.0,0.0,1.0,2.0,155
0,22.0,Phone,1,15.639895891429633,CC,Female,3.0,3,Mobile,5,Married,5,1,16.0,0.0,2.0,2.0,126
0,11.0,Computer,1,15.639895891429633,CC,Female,2.0,4,Mobile,4,Single,2,0,22.0,0.0,3.0,3.0,124
0,20.0,Mobile Phone,3,8.0,Debit Card,Female,2.0,1,Grocery,4,Married,7,0,14.0,1.0,3.0080044676098288,2.0,260
0,22.0,Mobile Phone,1,7.0,Debit Card,Male,2.0,3,Grocery,3,Single,5,0,14.0,1.0,3.0080044676098288,0.0,254
0,14.0,Mobile Phone,3,29.0,Debit Card,Male,3.0,3,Fashion,3,Single,4,1,16.0,0.0,1.0,2.0,171
0,0.0,Phone,3,15.0,Debit Card,Male,2.9315348837209303,3,Mobile,5,Single,2,0,11.0,0.0,1.0,2.0,127
0,6.0,Computer,3,22.0,Debit Card,Female,2.0,3,Laptop & Accessory,1,Married,2,1,25.0,0.0,1.0,2.0,154
0,9.0,Mobile Phone,1,32.0,Debit Card,Male,3.0,3,Laptop & Accessory,3,Married,7,0,14.0,1.0,1.0,2.0,153
0,17.0,Phone,2,7.0,Debit Card,Female,2.0,3,Mobile,1,Married,5,1,18.0,2.0,2.0,2.0,132
1,0.0,Phone,1,14.0,Credit Card,Male,3.0,4,Mobile Phone,3,Single,2,1,11.0,1.0,1.0,2.0,140
0,11.0,Phone,1,10.0,CC,Female,2.0,3,Mobile,3,Married,8,0,19.0,0.0,1.0,0.0,133
0,26.0,Mobile Phone,1,30.0,Credit Card,Male,2.0,1,Fashion,1,Married,4,0,15.0,0.0,1.0,2.0,170
1,11.0,Computer,3,15.639895891429633,CC,Female,3.0,3,Mobile,3,Married,3,1,11.0,1.0,7.0,7.0,127
1,10.189899366380917,Mobile Phone,1,8.0,Debit Card,Male,3.0,3,Mobile Phone,4,Single,2,0,12.0,0.0,1.0,0.0,114
0,0.0,Computer,1,15.639895891429633,CC,Male,3.0,3,Mobile,1,Single,2,0,20.0,0.0,5.0,7.0,126
0,28.0,Phone,1,28.0,COD,Male,3.0,4,Mobile,4,Married,6,0,12.0,1.0,1.0,2.0,135
0,7.0,Phone,1,11.0,Credit Card,Male,2.0,4,Laptop & Accessory,1,Married,2,0,14.0,0.0,4.0,13.0,140
0,30.0,Mobile Phone,1,7.0,Credit Card,Male,3.0,5,Fashion,1,Married,4,0,20.0,1.0,1.0,0.0,209
0,10.189899366380917,Phone,1,27.0,CC,Male,3.0,1,Mobile,4,Married,2,0,18.0,0.0,2.0,13.0,120
0,10.0,Computer,3,7.0,Credit Card,Male,2.0,5,Laptop & Accessory,1,Married,2,0,14.0,1.0,1.0,3.0,195
0,7.0,Phone,1,25.0,Debit Card,Female,2.9315348837209303,4,Mobile,1,Married,2,0,12.0,1.0,8.0,7.0,129
1,10.189899366380917,Phone,3,13.0,Debit Card,Male,3.0,3,Mobile,1,Married,2,1,21.0,1.0,1.0,2.0,123
0,17.0,Mobile Phone,1,8.0,Debit Card,Female,3.0,1,Fashion,1,Married,2,1,19.0,1.0,6.0,7.0,179
0,8.0,Computer,1,8.0,Credit Card,Male,3.0,4,Mobile Phone,1,Single,1,1,14.0,1.0,1.0,4.0,149
0,16.0,Mobile Phone,3,8.0,Credit Card,Male,3.0,3,Laptop & Accessory,1,Married,2,1,17.0,3.0,8.0,8.0,178
0,0.0,Phone,1,15.0,Credit Card,Male,3.0,1,Mobile Phone,3,Married,2,0,16.0,0.0,1.0,4.0,144
0,14.0,Mobile Phone,3,12.0,E wallet,Male,2.0,3,Fashion,3,Single,2,0,12.0,3.0,8.0,7.0,192
0,2.0,Phone,1,15.0,CC,Female,2.9315348837209303,3,Mobile,3,Married,10,0,17.0,0.0,1.0,2.0,130
0,9.0,Phone,3,8.0,Debit Card,Female,2.0,3,Laptop & Accessory,1,Single,4,0,15.0,6.0,6.0,7.0,145
0,18.0,Computer,1,7.0,Debit Card,Male,3.0,4,Fashion,3,Married,4,0,23.0,4.0,14.0,4.0,207
1,10.189899366380917,Mobile Phone,2,28.0,UPI,Male,2.0,5,Mobile Phone,3,Married,2,0,11.0,0.0,1.0,0.0,116
1,10.0,Computer,3,15.0,Debit Card,Male,2.0,5,Grocery,3,Married,8,0,11.0,6.0,14.0,4.543490512868683,229
0,10.189899366380917,Phone,1,23.0,CC,Male,3.0,5,Mobile,3,Married,2,0,15.0,1.0,1.0,2.0,123
0,18.0,Mobile Phone,1,34.0,Cash on Delivery,Female,2.0,4,Grocery,4,Single,2,0,11.0,1.7510234462225531,8.0,6.0,267
0,5.0,Computer,1,16.0,Debit Card,Male,2.0,3,Mobile,3,Married,7,0,13.0,0.0,1.0,3.0,134
0,4.0,Phone,1,8.0,Debit Card,Male,3.0,3,Mobile,3,Married,2,0,14.0,1.0,1.0,3.0,135
0,14.0,Computer,2,10.0,UPI,Male,2.0,5,Laptop & Accessory,4,Married,7,0,19.0,0.0,1.0,2.0,164
0,13.0,Mobile Phone,1,14.0,Debit Card,Female,3.0,3,Laptop & Accessory,5,Married,3,1,16.0,1.0,1.0,0.0,165
0,0.0,Phone,1,35.0,Credit Card,Male,3.0,3,Mobile Phone,5,Married,2,0,13.0,1.0,1.0,2.0,139
0,19.0,Mobile Phone,1,19.0,Debit Card,Male,2.0,3,Laptop & Accessory,4,Single,7,0,14.0,1.0,1.0,9.0,156
0,8.0,Mobile Phone,1,33.0,Debit Card,Male,2.0,3,Laptop & Accessory,3,Married,3,0,16.0,1.0,1.0,7.0,169
0,3.0,Phone,1,22.0,Debit Card,Male,2.9315348837209303,3,Mobile,1,Married,2,0,12.0,0.0,1.0,8.0,129
0,20.0,Computer,3,8.0,E wallet,Male,2.0,3,Laptop & Accessory,4,Married,8,0,11.0,0.0,1.0,0.0,150
0,19.0,Mobile Phone,3,8.0,Debit Card,Male,3.0,3,Fashion,1,Married,5,1,12.0,0.0,1.0,3.0,204
1,0.0,Mobile Phone,3,19.0,E wallet,Male,3.0,4,Laptop & Accessory,5,Married,6,1,13.0,1.0,2.0,2.0,161
1,0.0,Mobile Phone,3,7.0,Debit Card,Male,2.0,5,Laptop & Accessory,4,Single,7,0,15.0,0.0,1.0,0.0,167
0,0.0,Phone,1,10.0,CC,Female,2.0,3,Mobile,4,Single,2,0,13.0,0.0,1.0,2.0,133
0,4.0,Computer,1,30.0,COD,Female,1.0,3,Laptop & Accessory,1,Single,3,0,20.0,0.0,1.0,4.0,152
0,12.0,Computer,1,7.0,Debit Card,Male,3.0,3,Laptop & Accessory,1,Married,2,1,15.0,0.0,5.0,8.0,165
0,5.0,Mobile Phone,3,25.0,Debit Card,Male,3.0,5,Fashion,3,Married,4,0,13.0,0.0,1.0,2.0,196
0,13.0,Mobile Phone,3,13.0,Credit Card,Male,2.0,3,Others,4,Single,2,0,15.707921714818266,12.0,12.0,8.0,298
0,18.0,Mobile Phone,2,10.0,Debit Card,Female,2.0,5,Fashion,3,Married,5,0,21.0,1.0,1.0,3.0,198
0,3.0,Computer,1,8.0,COD,Female,3.0,4,Mobile Phone,5,Single,1,0,16.0,0.0,1.0,7.0,150
0,10.189899366380917,Computer,2,16.0,CC,Male,2.0,3,Mobile,1,Married,1,0,14.0,0.0,2.0,1.0,121
1,10.189899366380917,Computer,2,14.0,UPI,Female,3.0,4,Mobile,1,Married,7,0,11.0,1.0,1.0,2.0,122
0,4.0,Mobile Phone,3,11.0,COD,Male,2.0,3,Laptop & Accessory,3,Married,2,0,19.0,1.0,1.0,2.0,183
0,0.0,Phone,1,14.0,CC,Female,3.0,3,Mobile,1,Single,2,0,11.0,0.0,1.0,4.0,134
1,0.0,Phone,3,15.0,E wallet,Female,2.9315348837209303,5,Mobile,4,Single,2,0,13.0,2.0,2.0,2.0,128
0,2.0,Computer,1,7.0,Debit Card,Male,3.0,1,Laptop & Accessory,3,Single,9,1,12.0,1.0,1.0,2.0,163
0,3.0,Mobile Phone,3,21.0,E wallet,Male,3.0,4,Fashion,5,Married,3,0,11.0,1.0,1.0,7.0,171
0,7.0,Phone,1,8.0,CC,Male,2.9315348837209303,1,Mobile,1,Married,1,1,14.0,1.0,1.0,2.0,129
0,6.0,Computer,3,8.0,E wallet,Female,3.0,3,Laptop & Accessory,4,Single,9,0,15.0,1.0,1.0,7.0,151
0,22.0,Phone,3,17.0,E wallet,Female,3.0,3,Laptop & Accessory,1,Single,4,0,12.0,0.0,1.0,4.0,145
1,0.0,Mobile Phone,3,22.0,Debit Card,Female,3.0,3,Fashion,5,Single,3,1,20.0,1.0,1.0,0.0,186
0,11.0,Computer,1,15.639895891429633,CC,Female,3.0,4,Mobile,4,Married,5,0,14.0,0.0,1.0,5.0,125
1,0.0,Mobile Phone,3,22.0,E wallet,Male,3.0,3,Fashion,3,Married,3,0,13.0,0.0,1.0,0.0,182
0,10.189899366380917,Phone,1,10.0,Cash on Delivery,Female,3.0,4,Mobile,5,Married,2,0,13.0,0.0,1.0,0.0,121
0,3.0,Mobile Phone,1,22.0,Debit Card,Male,2.0,1,Laptop & Accessory,3,Married,4,0,16.0,1.0,1.0,7.0,153
0,5.0,Computer,1,11.0,COD,Male,2.9315348837209303,3,Mobile,4,Single,3,0,14.0,1.0,1.0,7.0,127
0,11.0,Mobile Phone,1,24.0,Credit Card,Male,2.0,5,Laptop & Accessory,1,Married,4,1,16.0,0.0,1.0,0.0,158
1,6.0,Computer,1,15.639895891429633,COD,Male,2.0,4,Mobile,3,Married,10,1,16.0,1.0,1.0,0.0,124
0,15.0,Phone,1,18.0,CC,Male,2.9315348837209303,3,Mobile,4,Married,9,0,22.0,1.0,1.0,4.0,128
0,28.0,Mobile Phone,1,8.0,Credit Card,Male,2.0,4,Others,5,Married,9,0,12.0,1.7510234462225531,1.0,0.0,290
0,6.0,Computer,1,10.0,COD,Male,2.9315348837209303,3,Laptop & Accessory,4,Married,6,0,15.0,0.0,1.0,7.0,131
0,10.189899366380917,Phone,1,15.0,Debit Card,Male,3.0,3,Mobile,5,Married,2,0,20.0,0.0,1.0,4.0,123
0,7.0,Computer,3,16.0,Debit Card,Male,2.0,3,Laptop & Accessory,3,Married,2,1,14.0,1.0,1.0,7.0,140
0,26.0,Computer,1,7.0,Credit Card,Female,2.0,4,Grocery,3,Married,5,1,20.0,1.0,1.0,4.543490512868683,230
0,16.0,Phone,2,8.0,Debit Card,Male,3.0,3,Mobile,1,Single,1,0,13.0,1.0,1.0,8.0,135
0,7.0,Mobile Phone,3,9.0,Debit Card,Female,2.0,5,Laptop & Accessory,1,Single,6,0,12.0,2.0,2.0,2.0,160
1,0.0,Phone,3,13.0,E wallet,Male,2.9315348837209303,3,Mobile,4,Single,2,0,13.0,0.0,1.0,0.0,127
0,11.0,Phone,1,12.0,UPI,Female,2.0,4,Mobile Phone,3,Married,2,0,11.0,1.0,1.0,4.0,137
1,0.0,Phone,1,15.639895891429633,CC,Female,3.0,3,Mobile,5,Married,2,1,17.0,0.0,1.0,0.0,124
0,4.0,Mobile Phone,3,35.0,E wallet,Female,3.0,4,Laptop & Accessory,1,Married,2,0,14.0,0.0,5.0,7.0,155
0,24.0,Mobile Phone,1,9.0,Cash on Delivery,Female,2.0,3,Fashion,3,Married,3,0,11.0,2.0,2.0,4.543490512868683,231
0,10.0,Phone,3,15.0,E wallet,Male,2.0,4,Laptop & Accessory,4,Married,2,0,14.0,1.0,1.0,3.0,142
0,19.0,Mobile Phone,1,8.0,Credit Card,Male,2.0,3,Others,1,Married,8,1,15.707921714818266,2.0,2.0,2.0,293
0,9.0,Mobile Phone,1,16.0,Debit Card,Male,2.0,3,Fashion,5,Married,8,1,13.0,2.0,5.0,7.0,183
1,7.0,Computer,1,15.639895891429633,CC,Male,3.0,3,Mobile,4,Married,2,1,12.0,2.0,2.0,3.0,123
0,10.0,Phone,2,14.0,UPI,Male,2.0,3,Laptop & Accessory,4,Married,3,0,13.0,3.0,4.0,7.0,141
1,0.0,Mobile Phone,3,33.0,Debit Card,Male,2.0,3,Laptop & Accessory,1,Single,2,1,18.0,3.0,7.0,7.0,158
0,6.0,Phone,1,14.0,Debit Card,Male,2.9315348837209303,1,Mobile,5,Married,7,0,19.0,3.0,7.0,6.0,131
0,10.189899366380917,Phone,1,7.0,Debit Card,Male,2.0,3,Mobile,1,Married,2,0,11.0,0.0,1.0,3.0,120
0,12.0,Mobile Phone,1,16.0,Credit Card,Male,3.0,3,Fashion,3,Single,8,0,21.0,2.0,3.0080044676098288,2.0,235
0,19.0,Computer,3,32.0,Debit Card,Male,3.0,4,Laptop & Accessory,4,Single,9,0,15.0,1.0,2.0,2.0,180
0,13.0,Phone,1,8.0,Debit Card,Female,3.0,3,Mobile,5,Married,5,0,17.0,1.0,1.0,2.0,134
0,15.0,Mobile Phone,1,19.0,Credit Card,Male,3.0,1,Laptop & Accessory,5,Married,6,0,18.0,1.0,1.0,0.0,155
0,8.0,Computer,1,8.0,Credit Card,Male,2.0,3,Laptop & Accessory,1,Married,3,0,14.0,1.0,1.0,7.0,158
0,11.0,Computer,2,15.639895891429633,UPI,Male,3.0,3,Mobile,4,Married,6,0,13.0,2.0,3.0,8.0,126
1,0.0,Computer,1,15.0,Debit Card,Male,3.0,3,Laptop & Accessory,5,Married,5,0,17.0,0.0,1.0,7.0,153
1,0.0,Phone,1,16.0,Credit Card,Male,2.0,3,Laptop & Accessory,5,Single,2,0,15.0,0.0,1.0,8.0,142
0,12.0,Computer,3,26.0,Debit Card,Male,2.0,3,Laptop & Accessory,1,Married,3,0,18.0,1.0,2.0,2.0,141
0,16.0,Computer,1,15.639895891429633,Debit Card,Male,2.0,3,Mobile,3,Single,5,0,13.0,1.0,1.0,2.0,124
0,14.0,Mobile Phone,1,11.0,Debit Card,Male,2.0,1,Laptop & Accessory,4,Single,4,0,12.0,0.0,1.0,2.0,169
0,14.0,Mobile Phone,3,10.0,E wallet,Female,2.0,3,Fashion,3,Married,1,1,13.0,5.0,13.0,5.0,204
0,3.0,Mobile Phone,1,16.0,Credit Card,Female,3.0,3,Fashion,3,Single,10,0,14.0,0.0,1.0,2.0,197
1,10.189899366380917,Phone,2,26.0,CC,Female,3.0,3,Mobile,4,Married,1,1,11.0,0.0,1.0,4.0,121
1,9.0,Mobile Phone,1,27.0,Credit Card,Female,3.0,3,Laptop & Accessory,4,Married,5,0,22.0,3.0,3.0,7.0,189
0,13.0,Mobile Phone,1,7.0,Debit Card,Female,2.0,3,Laptop & Accessory,1,Married,5,0,17.0,0.0,1.0,3.0,165
0,7.0,Mobile Phone,3,14.0,COD,Male,3.0,1,Laptop & Accessory,3,Married,2,0,21.0,2.0,4.0,8.0,168
0,30.0,Computer,3,8.0,Credit Card,Male,2.0,3,Grocery,4,Married,5,0,22.0,1.7510234462225531,14.0,14.0,263
0,8.0,Phone,1,29.0,CC,Male,2.9315348837209303,5,Mobile,3,Married,1,0,16.0,0.0,1.0,3.0,127
0,20.0,Mobile Phone,1,10.0,Debit Card,Female,3.0,4,Fashion,4,Married,9,1,12.0,5.0,14.0,10.0,203
0,13.0,Phone,1,18.0,Debit Card,Female,2.0,3,Laptop & Accessory,5,Married,3,0,12.0,1.0,7.0,7.0,144
0,27.0,Mobile Phone,1,13.0,Credit Card,Female,3.0,3,Laptop & Accessory,1,Married,5,0,15.0,1.0,1.0,7.0,169
0,4.0,Computer,3,13.0,E wallet,Female,3.0,3,Fashion,5,Married,3,0,14.0,2.0,2.0,2.0,196
0,1.0,Phone,1,7.0,Credit Card,Female,3.0,3,Mobile Phone,5,Married,2,0,25.0,1.0,1.0,2.0,136
0,11.0,Mobile Phone,3,8.0,E wallet,Female,3.0,5,Laptop & Accessory,1,Married,3,1,20.0,0.0,1.0,3.0,154
0,0.0,Phone,3,16.0,Credit Card,Male,2.0,3,Laptop & Accessory,1,Single,2,0,13.0,1.0,1.0,2.0,147
0,30.0,Computer,1,21.0,Debit Card,Male,2.0,3,Grocery,3,Married,3,1,14.0,2.0,3.0080044676098288,2.0,258
0,10.189899366380917,Computer,1,20.0,Credit Card,Female,2.0,3,Mobile Phone,3,Single,2,0,16.0,1.0,1.0,0.0,115
1,0.0,Phone,2,24.0,UPI,Male,2.9315348837209303,1,Mobile,5,Married,1,0,17.0,1.0,1.0,0.0,130
1,0.0,Phone,2,15.639895891429633,UPI,Male,2.0,4,Mobile,5,Married,5,1,15.0,2.0,2.0,0.0,123
0,18.0,Computer,3,8.0,Debit Card,Female,3.0,3,Laptop & Accessory,3,Married,5,0,22.0,3.0,5.0,7.0,152
0,9.0,Mobile Phone,1,8.0,UPI,Female,3.0,3,Laptop & Accessory,4,Married,5,1,22.0,1.0,1.0,0.0,170
0,16.0,Computer,3,8.0,Debit Card,Male,3.0,3,Laptop & Accessory,1,Married,2,0,20.0,7.0,7.0,7.0,157
0,0.0,Computer,1,15.639895891429633,Debit Card,Female,2.0,3,Mobile,1,Single,1,1,14.0,1.0,1.0,2.0,124
0,2.0,Computer,1,26.0,Credit Card,Male,2.0,3,Mobile Phone,1,Married,2,0,13.0,1.0,3.0,10.0,138
0,5.0,Computer,3,16.0,E wallet,Male,3.0,3,Laptop & Accessory,1,Single,9,0,13.0,0.0,1.0,0.0,146
0,15.0,Computer,1,16.0,COD,Male,2.9315348837209303,3,Mobile,3,Married,4,0,22.0,3.0,3.0,3.0,129
0,10.189899366380917,Phone,1,15.0,Debit Card,Female,3.0,3,Mobile,3,Single,5,0,12.0,0.0,2.0,0.0,121
0,19.0,Mobile Phone,1,8.0,Debit Card,Male,2.0,3,Fashion,1,Married,4,0,14.0,0.0,4.0,7.0,186
0,1.0,Computer,2,7.0,Debit Card,Male,2.9315348837209303,3,Mobile,1,Married,2,0,15.0,1.0,2.0,2.0,127
0,2.0,Mobile Phone,1,35.0,Debit Card,Male,3.0,5,Laptop & Accessory,3,Married,9,0,17.0,0.0,1.0,6.0,164
0,15.0,Phone,1,14.0,Debit Card,Male,2.0,3,Mobile Phone,3,Single,5,0,13.0,1.0,1.0,0.0,140
1,0.0,Mobile Phone,3,8.0,E wallet,Male,2.0,4,Laptop & Accessory,4,Single,8,1,12.0,1.0,2.0,2.0,199
0,19.0,Mobile Phone,3,9.0,Cash on Delivery,Female,2.0,1,Grocery,5,Married,3,0,12.0,2.0,3.0080044676098288,8.0,232
0,0.0,Phone,3,29.0,Credit Card,Female,2.0,4,Laptop & Accessory,3,Married,2,0,21.0,3.0,5.0,8.0,135
0,2.0,Phone,2,12.0,CC,Male,2.9315348837209303,4,Mobile,4,Married,2,0,11.0,1.0,1.0,0.0,128
0,16.0,Mobile Phone,1,12.0,Credit Card,Female,2.0,4,Others,3,Married,8,0,15.707921714818266,6.0,6.0,14.0,294
0,21.0,Mobile Phone,1,16.0,Debit Card,Male,3.0,4,Others,4,Married,5,0,15.707921714818266,3.0,12.0,9.0,297
1,0.0,Computer,1,15.639895891429633,Debit Card,Male,3.0,4,Mobile,1,Single,2,1,24.0,1.0,1.0,0.0,124
1,9.0,Mobile Phone,3,16.0,Debit Card,Female,3.0,3,Fashion,4,Married,6,0,21.0,1.0,1.0,7.0,173
0,0.0,Computer,1,21.0,Debit Card,Female,3.0,4,Mobile Phone,5,Married,1,0,19.0,0.0,7.0,3.0,148
0,12.0,Phone,1,25.0,UPI,Male,2.0,3,Laptop & Accessory,1,Married,9,0,14.0,0.0,2.0,2.0,139
0,28.0,Phone,1,8.0,COD,Male,2.9315348837209303,4,Mobile,1,Married,9,0,20.0,1.0,1.0,4.0,127
0,1.0,Phone,3,9.0,CC,Female,2.9315348837209303,3,Mobile,4,Married,2,0,19.0,1.0,1.0,0.0,129
1,0.0,Mobile Phone,3,15.0,Credit Card,Male,2.0,3,Mobile Phone,1,Single,2,0,13.0,0.0,1.0,0.0,111
1,0.0,Phone,1,15.639895891429633,Debit Card,Male,3.0,3,Mobile,4,Single,2,1,23.0,1.0,1.0,0.0,125
0,9.0,Mobile Phone,3,16.0,COD,Female,3.0,4,Laptop & Accessory,3,Married,2,1,13.0,0.0,1.0,7.0,157
0,4.0,Phone,1,26.0,Debit Card,Male,2.0,3,Laptop & Accessory,3,Married,2,0,11.0,0.0,1.0,2.0,142
0,7.0,Mobile Phone,3,10.0,Debit Card,Male,3.0,3,Fashion,1,Married,3,1,13.0,0.0,1.0,0.0,197
0,10.189899366380917,Phone,1,13.0,Debit Card,Male,2.0,3,Mobile,5,Single,4,0,14.0,0.0,1.0,2.0,121
0,10.0,Phone,1,13.0,Credit Card,Male,3.0,3,Laptop & Accessory,5,Married,6,1,22.0,0.0,1.0,4.0,143
0,8.0,Phone,1,22.0,UPI,Female,2.0,4,Laptop & Accessory,4,Married,1,1,11.0,0.0,1.0,2.0,148
0,18.0,Mobile Phone,1,31.0,Debit Card,Female,3.0,4,Laptop & Accessory,1,Married,1,0,13.0,0.0,3.0,8.0,159
0,9.0,Computer,2,8.0,UPI,Male,3.0,4,Laptop & Accessory,1,Single,2,0,21.0,1.0,1.0,8.0,139
0,13.0,Mobile Phone,1,7.0,Debit Card,Male,3.0,3,Grocery,5,Married,3,0,11.0,1.7510234462225531,11.0,16.0,268
0,0.0,Phone,1,7.0,Debit Card,Female,2.9315348837209303,4,Mobile,3,Married,2,1,13.0,0.0,1.0,0.0,129
0,0.0,Mobile Phone,3,8.0,Credit Card,Female,2.0,1,Laptop & Accessory,3,Single,1,0,14.0,0.0,1.0,7.0,165
0,21.0,Computer,1,28.0,Credit Card,Female,2.0,3,Grocery,1,Married,4,0,11.0,1.7510234462225531,4.0,7.0,272
0,17.0,Mobile Phone,1,7.0,Debit Card,Male,3.0,1,Laptop & Accessory,5,Married,3,0,15.0,1.0,2.0,2.0,150
1,10.189899366380917,Computer,1,22.0,COD,Male,2.0,5,Mobile,5,Married,2,1,23.0,0.0,3.0,0.0,123
1,19.0,Phone,1,15.639895891429633,Debit Card,Male,3.0,3,Mobile,1,Single,2,0,16.0,0.0,1.0,0.0,126
0,9.0,Mobile Phone,3,23.0,E wallet,Male,2.0,4,Laptop & Accessory,4,Married,3,0,16.0,1.0,1.0,3.0,155
0,14.0,Phone,3,14.0,E wallet,Female,2.0,3,Laptop & Accessory,4,Married,6,0,21.0,0.0,1.0,4.0,144
0,15.0,Mobile Phone,1,12.0,Credit Card,Male,2.0,3,Fashion,5,Married,10,0,13.0,5.0,3.0080044676098288,7.0,233
0,4.0,Mobile Phone,3,16.0,Credit Card,Female,2.0,3,Laptop & Accessory,1,Married,3,1,11.0,1.0,1.0,4.0,166
0,7.0,Mobile Phone,3,9.0,Credit Card,Female,3.0,4,Laptop & Accessory,1,Married,4,1,12.0,0.0,1.0,1.0,181
0,4.0,Phone,1,10.0,Credit Card,Female,3.0,1,Mobile Phone,3,Married,9,0,12.0,1.0,2.0,2.0,140
0,0.0,Computer,1,15.639895891429633,UPI,Male,3.0,1,Mobile,1,Married,1,0,18.0,2.0,7.0,7.0,125
0,18.0,Computer,1,7.0,Credit Card,Male,2.0,3,Laptop & Accessory,3,Single,5,0,12.0,0.0,1.0,3.0,154
0,6.0,Mobile Phone,3,16.0,E wallet,Male,2.0,3,Laptop & Accessory,3,Single,2,0,14.0,0.0,1.0,9.0,155
0,1.0,Computer,3,7.0,Debit Card,Male,2.0,4,Laptop & Accessory,1,Married,2,1,12.0,1.0,1.0,7.0,168
1,0.0,Computer,3,30.0,Cash on Delivery,Male,2.0,1,Mobile Phone,5,Single,2,0,17.0,0.0,1.0,0.0,111
0,12.0,Computer,3,27.0,Debit Card,Female,2.0,5,Laptop & Accessory,3,Married,7,0,19.0,0.0,1.0,2.0,157
0,10.189899366380917,Phone,1,8.0,COD,Male,2.0,3,Mobile,4,Married,2,0,11.0,0.0,1.0,2.0,122
0,7.0,Computer,1,28.0,UPI,Male,2.0,4,Laptop & Accessory,1,Married,2,1,15.0,3.0,6.0,11.0,157
1,0.0,Mobile Phone,3,19.0,E wallet,Female,2.0,3,Laptop & Accessory,3,Single,4,1,11.0,0.0,2.0,2.0,199
0,20.0,Computer,1,20.0,COD,Male,3.0,3,Laptop & Accessory,4,Married,9,0,18.0,0.0,1.0,7.0,155
0,29.0,Mobile Phone,3,17.0,E wallet,Female,2.0,4,Laptop & Accessory,5,Married,5,0,16.0,0.0,1.0,0.0,154
0,12.0,Mobile Phone,1,15.0,Credit Card,Male,2.0,3,Laptop & Accessory,5,Married,2,0,25.0,0.0,7.0,9.0,152
0,10.189899366380917,Computer,1,14.0,CC,Female,2.0,4,Laptop & Accessory,4,Married,2,1,16.0,1.0,1.0,7.0,121
0,60.0,Mobile Phone,3,27.0,Debit Card,Female,3.0,3,Grocery,1,Married,5,1,13.0,1.7510234462225531,1.0,0.0,279
1,0.0,Computer,1,15.639895891429633,Debit Card,Female,2.0,1,Mobile,3,Single,4,1,14.0,0.0,1.0,3.0,124
0,11.0,Phone,1,15.0,Debit Card,Male,3.0,3,Mobile Phone,1,Married,3,0,19.0,0.0,1.0,3.0,148
0,22.0,Computer,1,8.0,Debit Card,Male,2.0,3,Others,1,Married,4,0,15.0,1.7510234462225531,4.0,3.0,292
0,15.0,Mobile Phone,3,18.0,E wallet,Male,3.0,3,Laptop & Accessory,1,Married,4,1,12.0,1.0,1.0,0.0,151
1,0.0,Computer,2,28.0,UPI,Female,2.9315348837209303,4,Mobile,4,Married,2,0,12.0,1.0,1.0,0.0,129
0,8.0,Mobile Phone,3,24.0,Credit Card,Male,3.0,3,Laptop & Accessory,5,Married,1,0,16.0,1.0,1.0,4.0,156
0,10.189899366380917,Computer,1,22.0,CC,Male,2.0,3,Mobile,3,Single,2,0,14.0,0.0,1.0,4.0,121
0,4.0,Computer,1,9.0,CC,Male,2.9315348837209303,3,Mobile,5,Married,2,1,13.0,2.0,2.0,3.0,131
0,9.0,Computer,1,15.0,Debit Card,Male,2.9315348837209303,1,Mobile,4,Married,2,0,22.0,1.0,1.0,2.0,128
0,7.0,Mobile Phone,3,7.0,E wallet,Male,2.0,3,Fashion,1,Single,2,0,21.0,2.0,2.0,1.0,199
0,7.0,Mobile Phone,3,19.0,Credit Card,Male,2.0,3,Fashion,3,Married,2,0,18.0,0.0,1.0,1.0,186
0,0.0,Phone,1,7.0,CC,Male,2.9315348837209303,3,Mobile,5,Single,1,0,13.0,7.0,7.0,6.0,129
0,2.0,Mobile Phone,1,7.0,Debit Card,Male,2.0,3,Laptop & Accessory,5,Married,1,0,12.0,0.0,1.0,2.0,154
0,5.0,Computer,1,21.0,Credit Card,Female,2.0,3,Laptop & Accessory,1,Married,6,0,18.0,0.0,1.0,2.0,167
0,4.0,Computer,1,7.0,Debit Card,Male,2.0,5,Laptop & Accessory,5,Married,2,0,21.0,6.0,8.0,7.0,150
1,0.0,Phone,1,15.639895891429633,COD,Male,2.0,4,Mobile,1,Married,6,0,12.0,1.0,1.0,3.0,124
0,11.0,Phone,3,7.0,Debit Card,Male,2.9315348837209303,4,Mobile,5,Single,5,0,14.0,1.0,1.0,0.0,129
0,8.0,Mobile Phone,3,13.0,Debit Card,Female,2.0,3,Laptop & Accessory,1,Married,2,1,11.0,1.0,1.0,9.0,152
0,0.0,Phone,3,15.0,E wallet,Male,2.0,3,Laptop & Accessory,1,Single,2,0,14.0,1.0,1.0,7.0,141
0,5.0,Mobile Phone,1,11.0,Debit Card,Male,2.0,4,Laptop & Accessory,1,Single,9,0,24.0,1.0,1.0,0.0,197
1,0.0,Computer,3,32.0,E wallet,Male,3.0,3,Laptop & Accessory,1,Married,2,1,11.0,0.0,1.0,8.0,156
1,16.0,Mobile Phone,3,30.0,Debit Card,Male,3.0,3,Fashion,5,Single,7,1,13.0,0.0,2.0,2.0,204
0,27.0,Phone,1,15.0,Debit Card,Female,2.9315348837209303,3,Laptop & Accessory,3,Married,4,0,11.0,1.0,2.0,3.0,129
0,6.0,Computer,1,13.0,Debit Card,Male,2.0,3,Laptop & Accessory,3,Married,2,0,20.0,0.0,2.0,8.0,160
0,16.0,Mobile Phone,1,17.0,Debit Card,Male,1.0,3,Fashion,3,Married,2,0,17.0,1.0,1.0,9.0,175
0,11.0,Computer,2,7.0,UPI,Male,2.9315348837209303,3,Mobile,4,Married,1,1,11.0,0.0,1.0,2.0,130
0,28.0,Mobile Phone,2,32.0,UPI,Male,3.0,1,Others,4,Married,5,1,15.707921714818266,1.0,1.0,4.0,296
0,4.0,Mobile Phone,1,8.0,Credit Card,Female,2.0,5,Mobile Phone,1,Married,2,1,11.0,0.0,1.0,0.0,111
0,12.0,Mobile Phone,3,21.0,E wallet,Male,3.0,3,Grocery,5,Single,1,0,12.0,4.0,3.0080044676098288,10.0,233
0,15.0,Computer,1,29.0,Debit Card,Male,2.0,4,Laptop & Accessory,3,Single,2,0,12.0,3.0,3.0,7.0,143
0,4.0,Computer,1,16.0,Credit Card,Female,2.0,3,Fashion,3,Married,5,0,20.0,3.0,4.0,4.543490512868683,210
0,27.0,Phone,1,16.0,Credit Card,Female,3.0,3,Laptop & Accessory,5,Single,7,1,19.0,0.0,1.0,4.0,144
0,0.0,Phone,1,7.0,Debit Card,Male,2.0,4,Laptop & Accessory,3,Single,2,0,12.0,1.0,1.0,2.0,146
0,0.0,Phone,1,15.639895891429633,UPI,Male,3.0,3,Mobile,1,Single,2,0,13.0,1.0,1.0,4.0,126
0,13.0,Computer,1,17.0,COD,Female,3.0,3,Laptop & Accessory,3,Married,2,0,11.0,7.0,9.0,4.0,163
0,13.0,Mobile Phone,3,8.0,E wallet,Female,3.0,3,Laptop & Accessory,4,Married,4,0,14.0,1.0,5.0,10.0,157
0,10.189899366380917,Phone,2,8.0,UPI,Female,2.0,3,Mobile,4,Married,5,0,14.0,0.0,1.0,2.0,122
0,3.0,Phone,1,7.0,Credit Card,Male,3.0,3,Mobile Phone,4,Married,2,0,13.0,1.0,1.0,7.0,137
0,0.0,Phone,1,8.0,UPI,Male,2.0,3,Mobile Phone,3,Married,7,1,19.0,0.0,1.0,2.0,140
0,20.0,Mobile Phone,1,31.0,Credit Card,Male,2.0,3,Fashion,3,Single,3,0,23.0,9.0,12.0,11.0,186
0,10.189899366380917,Computer,1,7.0,CC,Male,2.0,4,Mobile,3,Married,2,0,12.0,0.0,1.0,0.0,120
0,11.0,Phone,3,7.0,Debit Card,Male,2.0,3,Laptop & Accessory,4,Married,1,0,15.0,1.0,5.0,8.0,144
0,4.0,Phone,3,8.0,Debit Card,Male,2.9315348837209303,3,Mobile,3,Married,1,0,19.0,0.0,1.0,2.0,131
0,11.0,Computer,1,12.0,Debit Card,Male,3.0,4,Laptop & Accessory,3,Married,3,0,11.0,2.0,7.0,7.0,153
0,15.0,Mobile Phone,1,24.0,Debit Card,Male,2.0,3,Laptop & Accessory,5,Married,7,1,17.0,1.0,1.0,2.0,154
0,14.0,Phone,1,7.0,Debit Card,Male,2.9315348837209303,3,Mobile,1,Married,4,0,22.0,0.0,1.0,0.0,128
0,20.0,Computer,1,7.0,Credit Card,Female,3.0,3,Fashion,4,Married,1,0,18.0,0.0,5.0,4.543490512868683,220
0,8.0,Phone,1,17.0,CC,Male,2.0,3,Mobile,3,Married,8,1,11.0,2.0,2.0,2.0,127
0,0.0,Phone,1,7.0,Debit Card,Male,3.0,3,Mobile,3,Single,1,0,12.0,1.0,1.0,2.0,134
0,8.0,Mobile Phone,1,15.0,Credit Card,Male,2.0,3,Laptop & Accessory,3,Single,2,0,19.0,0.0,1.0,8.0,151
0,6.0,Phone,1,21.0,Credit Card,Female,3.0,3,Laptop & Accessory,1,Married,1,1,13.0,6.0,8.0,1.0,149
0,5.0,Phone,1,35.0,Debit Card,Female,2.9315348837209303,4,Mobile,4,Single,2,0,13.0,0.0,4.0,1.0,128
0,13.0,Phone,1,15.639895891429633,Debit Card,Male,2.0,3,Mobile,1,Married,9,0,19.0,1.0,1.0,0.0,124
0,10.189899366380917,Phone,3,7.0,CC,Male,3.0,4,Mobile,4,Married,1,0,14.0,2.0,2.0,2.0,123
0,12.0,Phone,1,30.0,Debit Card,Male,2.0,3,Laptop & Accessory,1,Single,8,0,13.0,0.0,1.0,7.0,141
0,11.0,Mobile Phone,1,16.0,Credit Card,Female,3.0,5,Fashion,3,Married,4,0,12.0,0.0,3.0080044676098288,11.0,232
0,5.0,Mobile Phone,3,7.0,E wallet,Female,2.0,3,Fashion,1,Married,2,0,19.0,0.0,5.0,7.0,204
0,10.0,Mobile Phone,1,16.0,Debit Card,Female,2.0,1,Fashion,1,Married,2,1,25.0,5.0,3.0080044676098288,8.0,237
0,0.0,Phone,3,14.0,UPI,Female,2.0,3,Laptop & Accessory,3,Married,1,1,22.0,0.0,1.0,4.0,149
0,25.0,Computer,3,35.0,Debit Card,Male,2.0,3,Mobile,1,Married,3,0,15.0,1.0,1.0,0.0,135
0,17.0,Phone,1,15.639895891429633,CC,Male,2.0,3,Mobile,1,Single,7,1,12.0,1.0,1.0,2.0,124
0,0.0,Phone,3,15.639895891429633,CC,Male,2.0,3,Mobile,5,Single,2,1,11.0,1.0,1.0,2.0,124
0,12.0,Computer,1,15.0,Debit Card,Male,2.0,3,Others,1,Single,3,0,15.707921714818266,1.0,1.0,3.0,294
1,10.189899366380917,Computer,3,15.0,E wallet,Male,2.0,3,Mobile Phone,5,Married,2,0,19.0,1.0,1.0,0.0,118
0,9.0,Mobile Phone,3,9.0,Credit Card,Female,3.0,4,Fashion,1,Married,1,0,19.0,0.0,3.0,4.0,176
0,9.0,Computer,1,10.0,Debit Card,Female,3.0,3,Laptop & Accessory,4,Married,8,0,13.0,0.0,1.0,2.0,151
0,29.0,Computer,1,7.0,Debit Card,Male,2.0,3,Laptop & Accessory,3,Married,2,0,21.0,0.0,1.0,9.0,163
1,0.0,Phone,1,7.0,Credit Card,Male,2.0,3,Mobile Phone,1,Married,10,1,14.0,2.0,2.0,2.0,148
0,15.0,Mobile Phone,1,8.0,Debit Card,Male,2.0,3,Others,3,Married,6,0,11.0,1.7510234462225531,4.0,14.0,289
1,19.0,Phone,1,15.639895891429633,COD,Male,3.0,3,Mobile,3,Married,9,0,11.0,6.0,9.0,8.0,123
0,14.0,Mobile Phone,1,34.0,Debit Card,Female,2.0,4,Grocery,4,Married,1,0,23.0,1.0,3.0080044676098288,10.0,236
0,7.0,Mobile Phone,3,34.0,E wallet,Female,3.0,4,Laptop & Accessory,3,Married,2,0,21.0,1.0,1.0,7.0,167
0,9.0,Computer,3,21.0,E wallet,Male,2.0,5,Laptop & Accessory,1,Married,2,0,24.0,5.0,11.0,11.0,154
0,14.0,Mobile Phone,3,9.0,Debit Card,Male,2.0,4,Laptop & Accessory,4,Married,3,0,11.0,1.0,1.0,4.0,189
0,5.0,Phone,1,15.639895891429633,COD,Male,3.0,3,Mobile,5,Single,2,0,14.0,0.0,1.0,2.0,124
0,8.0,Mobile Phone,2,32.0,Debit Card,Female,2.0,3,Fashion,1,Single,2,1,16.0,1.0,1.0,7.0,188
0,11.0,Mobile Phone,3,16.0,Debit Card,Female,3.0,3,Laptop & Accessory,1,Married,2,0,11.0,0.0,1.0,9.0,153
1,13.0,Computer,3,7.0,Debit Card,Male,3.0,3,Laptop & Accessory,3,Married,8,0,12.0,1.0,1.0,1.0,167
0,9.0,Mobile Phone,3,17.0,E wallet,Female,3.0,4,Laptop & Accessory,1,Married,5,0,13.0,1.0,1.0,0.0,167
0,18.0,Phone,3,26.0,Debit Card,Female,2.0,3,Laptop & Accessory,3,Single,9,0,15.0,0.0,1.0,1.0,149
0,13.0,Phone,1,8.0,Debit Card,Male,2.9315348837209303,4,Mobile,3,Single,3,0,14.0,0.0,2.0,2.0,128
0,8.0,Computer,1,24.0,Debit Card,Male,3.0,3,Laptop & Accessory,3,Married,2,1,14.0,0.0,1.0,2.0,157
0,10.189899366380917,Mobile Phone,1,8.0,CC,Female,3.0,3,Mobile,3,Married,3,0,14.0,0.0,1.0,2.0,120
0,8.0,Phone,1,7.0,Debit Card,Female,2.9315348837209303,5,Mobile,1,Married,2,0,12.0,1.0,1.0,1.0,130
0,2.0,Phone,1,19.0,UPI,Male,2.0,4,Laptop & Accessory,4,Married,5,1,13.0,0.0,1.0,3.0,140
0,2.0,Phone,1,34.0,Credit Card,Female,3.0,4,Mobile Phone,5,Single,2,0,14.0,0.0,1.0,4.0,138
1,13.0,Mobile Phone,3,34.0,E wallet,Male,2.0,4,Fashion,5,Married,5,1,13.0,2.0,2.0,0.0,209
0,12.0,Mobile Phone,3,30.0,E wallet,Female,2.0,4,Grocery,1,Married,1,0,11.0,3.0,9.0,4.543490512868683,220
0,4.0,Computer,1,11.0,Credit Card,Male,3.0,3,Laptop & Accessory,5,Single,1,0,19.0,1.0,1.0,7.0,199
0,0.0,Phone,3,11.0,UPI,Female,2.9315348837209303,4,Mobile,3,Single,1,0,18.0,1.0,1.0,0.0,130
0,9.0,Computer,1,15.639895891429633,CC,Male,2.0,1,Laptop & Accessory,1,Married,5,0,17.0,0.0,1.0,3.0,126
0,12.0,Mobile Phone,1,12.0,Credit Card,Male,2.0,4,Fashion,5,Married,5,0,15.0,0.0,1.0,7.0,200
0,0.0,Mobile Phone,1,10.0,Debit Card,Male,2.0,1,Laptop & Accessory,4,Married,2,1,20.0,0.0,1.0,3.0,161
0,22.0,Computer,3,8.0,Credit Card,Male,3.0,4,Laptop & Accessory,4,Married,3,0,14.0,1.0,1.0,8.0,154
0,7.0,Phone,1,14.0,Credit Card,Male,2.0,1,Laptop & Accessory,3,Married,3,0,12.0,1.0,1.0,2.0,144
1,5.0,Mobile Phone,3,7.0,Debit Card,Female,4.0,4,Laptop & Accessory,2,Single,10,1,12.0,2.0,2.0,6.0,185
1,1.0,Phone,1,9.0,UPI,Male,4.0,5,Mobile Phone,3,Single,8,1,16.0,1.0,2.0,1.0,146
1,1.0,Phone,1,31.0,Debit Card,Male,3.0,5,Mobile Phone,3,Single,7,1,15.0,1.0,2.0,4.0,145
1,1.0,Mobile Phone,3,16.0,Debit Card,Male,3.0,5,Laptop & Accessory,5,Single,9,0,24.0,1.0,2.0,4.0,159
1,1.0,Mobile Phone,1,13.0,Credit Card,Male,3.0,4,Mobile Phone,5,Single,4,0,12.0,2.0,2.0,4.0,155
1,1.0,Computer,1,23.0,Debit Card,Female,4.0,6,Mobile Phone,5,Single,3,1,23.0,5.0,7.0,8.0,164
1,3.0,Phone,3,12.0,COD,Male,3.0,4,Laptop & Accessory,2,Divorced,5,0,15.0,1.0,2.0,1.0,146
1,1.0,Phone,1,7.0,Credit Card,Male,4.0,4,Mobile Phone,2,Divorced,4,1,17.0,3.0,3.0,1.0,148
1,14.0,Mobile Phone,3,10.0,E wallet,Male,3.0,5,Mobile Phone,3,Divorced,3,1,15.0,1.0,2.0,3.0,152
1,1.0,Phone,1,32.0,Debit Card,Male,3.0,6,Mobile Phone,3,Single,3,0,13.0,2.0,2.0,2.0,148
1,5.0,Mobile Phone,1,19.0,Cash on Delivery,Female,3.0,4,Others,3,Divorced,3,0,15.707921714818266,10.0,16.0,9.0,320
1,12.0,Mobile Phone,1,7.0,Debit Card,Male,4.0,5,Fashion,3,Single,11,1,14.0,1.0,2.0,1.0,179
1,1.0,Mobile Phone,1,12.0,COD,Male,3.0,4,Mobile Phone,3,Single,3,1,14.0,3.0,3.0,3.0,159
1,1.0,Mobile Phone,1,16.0,Credit Card,Male,4.0,5,Mobile Phone,3,Divorced,2,1,18.0,1.0,2.0,1.0,159
1,10.0,Mobile Phone,3,16.0,Credit Card,Male,4.0,5,Fashion,2,Single,3,0,17.0,1.0,5.0,4.543490512868683,221
1,1.0,Phone,2,13.0,UPI,Male,4.0,4,Mobile Phone,5,Married,6,1,23.0,2.0,2.0,3.0,146
1,1.0,Computer,1,13.0,Debit Card,Female,4.0,5,Mobile Phone,2,Single,3,1,19.0,2.0,2.0,1.0,154
1,1.0,Mobile Phone,3,12.0,E wallet,Male,3.0,5,Laptop & Accessory,3,Single,3,1,12.0,2.0,2.0,4.0,182
1,1.0,Computer,1,14.0,Debit Card,Male,4.0,6,Laptop & Accessory,3,Single,3,1,25.0,2.0,2.0,7.0,186
1,20.0,Mobile Phone,1,21.0,Debit Card,Female,4.0,4,Mobile Phone,4,Divorced,11,1,19.0,2.0,5.0,4.0,175
1,1.0,Mobile Phone,3,13.0,Debit Card,Male,4.0,6,Laptop & Accessory,3,Divorced,6,1,19.0,7.0,8.0,8.0,187
1,21.0,Mobile Phone,1,30.0,Credit Card,Female,4.0,4,Fashion,2,Divorced,3,0,13.0,12.0,16.0,4.543490512868683,228
1,1.0,Phone,3,29.0,E wallet,Male,3.0,4,Mobile Phone,3,Single,3,1,20.0,1.0,2.0,1.0,142
1,1.0,Mobile Phone,3,27.0,Debit Card,Female,4.0,6,Laptop & Accessory,3,Divorced,5,1,12.0,2.0,3.0,3.0,171
1,15.0,Computer,1,15.0,Debit Card,Male,3.0,6,Fashion,2,Single,4,0,16.0,1.0,2.0,4.0,232
1,1.0,Mobile Phone,1,16.0,Credit Card,Female,3.0,4,Mobile Phone,5,Single,9,0,23.0,2.0,2.0,5.0,167
0,9.0,Mobile Phone,3,7.0,E wallet,Male,4.0,4,Fashion,4,Divorced,3,0,14.0,2.0,2.0,7.0,198
0,27.0,Phone,3,13.0,E wallet,Male,3.0,4,Laptop & Accessory,3,Divorced,4,1,21.0,1.0,5.0,6.0,148
0,19.0,Phone,1,16.0,Debit Card,Male,3.0,4,Laptop & Accessory,4,Married,10,0,19.0,2.0,2.0,16.0,148
0,6.0,Computer,3,15.0,E wallet,Female,3.0,4,Fashion,2,Single,3,0,15.0,3.0,4.0,4.543490512868683,215
0,3.0,Computer,1,7.0,COD,Male,3.0,4,Laptop & Accessory,3,Divorced,3,0,14.0,1.0,2.0,10.0,168
0,1.0,Mobile Phone,1,14.0,Credit Card,Male,3.0,5,Laptop & Accessory,3,Divorced,4,0,18.0,2.0,2.0,1.0,186
0,31.0,Mobile Phone,1,16.0,Credit Card,Female,4.0,5,Mobile Phone,4,Divorced,6,1,21.0,2.0,2.0,1.0,158
0,14.0,Mobile Phone,3,11.0,E wallet,Male,4.0,5,Fashion,2,Divorced,9,0,12.0,3.0,3.0080044676098288,12.0,234
0,8.0,Computer,3,9.0,E wallet,Female,4.0,4,Mobile Phone,3,Divorced,8,0,19.0,2.0,2.0,3.0,147
0,1.0,Phone,1,26.0,Credit Card,Male,4.0,4,Mobile Phone,2,Divorced,3,0,25.0,1.0,3.0,3.0,148
0,1.0,Computer,1,16.0,Credit Card,Male,3.0,4,Mobile Phone,4,Married,8,0,19.0,1.0,3.0,3.0,145
0,2.0,Mobile Phone,1,28.0,Credit Card,Male,3.0,4,Mobile Phone,2,Divorced,3,0,12.0,1.0,2.0,3.0,152
0,31.0,Mobile Phone,1,31.0,Debit Card,Male,3.0,3,Fashion,2,Married,5,1,17.0,2.0,2.0,4.543490512868683,219
0,1.0,Computer,1,10.0,Credit Card,Male,4.0,5,Mobile Phone,3,Married,3,1,16.0,1.0,2.0,2.0,151
0,24.0,Mobile Phone,1,18.0,Debit Card,Female,3.0,4,Others,4,Single,5,0,16.0,3.0,5.0,5.0,324
0,15.0,Phone,1,21.0,Debit Card,Male,3.0,4,Mobile Phone,3,Married,6,0,13.0,2.0,2.0,9.0,150
0,4.0,Mobile Phone,3,12.0,Debit Card,Female,3.0,4,Fashion,2,Divorced,4,0,13.0,3.0,8.0,4.543490512868683,219
0,12.0,Mobile Phone,3,7.0,Debit Card,Female,3.0,5,Laptop & Accessory,2,Single,6,0,23.0,2.0,2.0,4.543490512868683,212
0,6.0,Mobile Phone,1,13.0,Debit Card,Male,3.0,4,Mobile Phone,3,Single,5,0,21.0,1.0,2.0,5.0,155
0,1.0,Mobile Phone,1,24.0,COD,Male,3.0,4,Mobile Phone,4,Divorced,2,1,17.0,2.0,2.0,2.0,156
1,1.0,Computer,3,7.0,COD,Female,4.0,6,Mobile Phone,5,Single,2,0,22.0,2.0,2.0,1.0,148
0,10.0,Computer,1,10.0,Credit Card,Male,2.0,4,Mobile Phone,4,Single,6,0,13.0,5.0,8.0,3.0,146
0,4.0,Computer,1,16.0,Credit Card,Male,4.0,4,Laptop & Accessory,5,Married,3,0,12.0,1.0,7.0,11.0,156
0,19.0,Mobile Phone,3,11.0,Debit Card,Female,2.0,4,Laptop & Accessory,5,Married,6,1,12.0,1.0,2.0,4.0,175
0,30.0,Mobile Phone,1,15.0,Debit Card,Female,4.0,4,Mobile Phone,5,Married,6,1,19.0,2.0,3.0,3.0,168
0,7.0,Mobile Phone,1,9.0,Debit Card,Male,3.0,4,Mobile Phone,2,Single,2,0,15.0,1.0,2.0,3.0,150
1,1.0,Phone,1,9.0,Debit Card,Male,3.0,5,Mobile Phone,2,Single,3,0,23.0,1.0,2.0,1.0,136
0,20.0,Mobile Phone,3,7.0,E wallet,Female,4.0,4,Fashion,5,Married,3,0,26.0,5.0,16.0,4.543490512868683,230
0,12.0,Phone,1,16.0,Debit Card,Female,4.0,4,Mobile Phone,2,Single,3,0,13.0,2.0,3.0,2.0,148
0,5.0,Mobile Phone,1,19.0,Credit Card,Female,4.0,4,Mobile Phone,2,Divorced,10,1,24.0,2.0,2.0,3.0,164
0,8.0,Phone,1,34.0,Credit Card,Female,4.0,4,Mobile Phone,4,Single,4,0,16.0,2.0,2.0,3.0,148
1,5.0,Mobile Phone,3,27.0,E wallet,Female,4.0,4,Mobile Phone,4,Single,3,1,23.0,1.0,2.0,3.0,156
0,24.0,Mobile Phone,1,7.0,Credit Card,Male,3.0,5,Mobile Phone,3,Divorced,4,0,16.0,1.0,2.0,3.0,162
0,27.0,Mobile Phone,1,20.0,Credit Card,Female,3.0,3,Laptop & Accessory,5,Married,3,0,12.0,2.0,2.0,4.0,170
0,7.0,Mobile Phone,1,21.0,Credit Card,Female,4.0,4,Mobile Phone,4,Divorced,3,0,14.0,1.0,2.0,7.0,153
0,14.0,Mobile Phone,1,11.0,Credit Card,Female,3.0,4,Others,3,Divorced,3,0,15.707921714818266,1.0,10.0,10.0,315
0,29.0,Mobile Phone,1,21.0,Credit Card,Male,4.0,3,Others,4,Single,10,0,15.707921714818266,1.0,3.0,16.0,312
0,8.0,Computer,1,9.0,Debit Card,Male,3.0,5,Laptop & Accessory,3,Divorced,3,0,18.0,1.0,2.0,4.543490512868683,220
0,25.0,Mobile Phone,1,10.0,Credit Card,Female,4.0,4,Grocery,4,Single,5,0,19.0,1.7510234462225531,2.0,1.0,262
0,26.0,Mobile Phone,1,7.0,Debit Card,Male,4.0,5,Others,3,Divorced,2,0,15.0,2.0,12.0,10.0,325
0,1.0,Phone,1,16.0,Credit Card,Female,3.0,4,Mobile Phone,4,Single,3,0,17.0,2.0,2.0,4.0,148
1,1.0,Mobile Phone,1,30.0,Debit Card,Male,3.0,5,Laptop & Accessory,3,Divorced,5,1,14.0,2.0,2.0,2.0,184
0,17.0,Computer,1,14.0,Credit Card,Male,3.0,3,Mobile Phone,2,Married,6,0,15.0,1.0,3.0,3.0,146
0,19.0,Computer,1,9.0,Credit Card,Male,4.0,5,Grocery,2,Divorced,11,0,15.707921714818266,10.0,12.0,9.0,293
0,11.0,Mobile Phone,1,28.0,Debit Card,Male,4.0,3,Mobile Phone,5,Divorced,3,1,13.0,1.0,2.0,8.0,161
0,9.0,Computer,1,9.0,Credit Card,Female,3.0,4,Laptop & Accessory,4,Single,7,0,12.0,2.0,2.0,3.0,169
0,16.0,Computer,1,28.0,Credit Card,Female,3.0,4,Laptop & Accessory,3,Married,4,0,17.0,1.0,2.0,3.0,178
0,12.0,Mobile Phone,1,9.0,Debit Card,Male,3.0,4,Laptop & Accessory,3,Divorced,11,0,15.0,1.0,2.0,1.0,191
0,12.0,Mobile Phone,1,36.0,COD,Male,3.0,4,Laptop & Accessory,2,Divorced,5,0,19.0,1.0,2.0,8.0,188
0,1.0,Computer,1,7.0,COD,Male,3.0,5,Laptop & Accessory,5,Divorced,7,0,20.0,1.0,3.0,1.0,168
0,23.0,Computer,1,25.0,Debit Card,Male,4.0,4,Laptop & Accessory,2,Married,3,1,16.0,1.0,2.0,8.0,193
0,8.0,Computer,1,17.0,Credit Card,Male,3.0,4,Mobile Phone,3,Married,3,1,18.0,3.0,3.0,1.0,163
0,14.0,Mobile Phone,1,26.0,Credit Card,Male,3.0,4,Laptop & Accessory,2,Divorced,10,1,16.0,2.0,4.0,8.0,152
1,2.0,Mobile Phone,1,36.0,Credit Card,Male,4.0,4,Laptop & Accessory,5,Divorced,9,1,20.0,1.0,2.0,1.0,192
1,1.0,Mobile Phone,3,34.0,E wallet,Female,3.0,4,Fashion,2,Divorced,3,0,23.0,2.0,2.0,10.0,201
0,1.0,Phone,1,12.0,Debit Card,Male,3.0,3,Mobile Phone,4,Married,3,1,17.0,1.0,3.0,3.0,148
0,10.0,Computer,1,25.0,Credit Card,Female,4.0,4,Mobile Phone,2,Single,3,0,14.0,2.0,2.0,8.0,147
0,14.0,Computer,1,16.0,Debit Card,Male,4.0,5,Laptop & Accessory,2,Divorced,11,0,15.0,2.0,2.0,3.0,174
0,20.0,Mobile Phone,1,7.0,Credit Card,Male,4.0,4,Fashion,5,Married,9,0,17.0,1.0,2.0,4.543490512868683,219
1,1.0,Mobile Phone,3,11.0,Credit Card,Male,3.0,6,Fashion,2,Divorced,3,0,12.0,8.0,10.0,4.543490512868683,229
0,4.0,Computer,1,7.0,Debit Card,Male,3.0,5,Fashion,3,Single,3,0,23.0,3.0,6.0,4.543490512868683,210
0,1.0,Computer,3,27.0,Debit Card,Female,3.0,4,Laptop & Accessory,3,Single,3,0,15.0,2.0,2.0,4.543490512868683,225
0,25.0,Mobile Phone,1,15.0,Debit Card,Male,3.0,5,Fashion,4,Divorced,7,0,17.0,2.0,3.0080044676098288,8.0,250
1,1.0,Mobile Phone,1,10.0,COD,Female,3.0,4,Mobile Phone,5,Single,7,1,12.0,2.0,2.0,5.0,152
0,15.0,Mobile Phone,3,13.0,Debit Card,Female,4.0,4,Fashion,2,Single,5,1,19.0,1.0,2.0,1.0,261
1,1.0,Computer,3,33.0,E wallet,Female,3.0,5,Laptop & Accessory,5,Single,7,0,16.0,1.0,2.0,2.0,192
1,1.0,Phone,1,7.0,COD,Male,3.0,4,Mobile Phone,3,Single,2,0,15.0,1.0,2.0,6.0,146
0,19.0,Computer,3,13.0,Credit Card,Female,3.0,5,Fashion,2,Single,8,0,13.0,13.0,13.0,4.543490512868683,214
0,28.0,Mobile Phone,3,10.0,E wallet,Female,3.0,4,Laptop & Accessory,5,Divorced,4,0,15.0,2.0,2.0,6.0,184
0,10.0,Mobile Phone,1,12.0,Debit Card,Male,4.0,4,Laptop & Accessory,4,Single,10,0,17.0,1.0,4.0,8.0,184
0,7.0,Mobile Phone,1,11.0,Credit Card,Female,3.0,5,Mobile Phone,4,Divorced,8,0,22.0,1.0,2.0,2.0,151
0,11.0,Computer,1,18.0,UPI,Male,3.0,4,Fashion,2,Married,3,1,15.0,1.0,3.0080044676098288,8.0,247
0,12.0,Mobile Phone,3,10.0,Debit Card,Male,4.0,4,Fashion,3,Married,2,0,13.0,2.0,6.0,4.543490512868683,231
0,5.0,Computer,1,7.0,Credit Card,Male,3.0,6,Laptop & Accessory,3,Divorced,2,0,13.0,2.0,2.0,5.0,168
0,31.0,Phone,1,10.0,Debit Card,Male,4.0,5,Mobile Phone,2,Divorced,5,0,18.0,1.0,2.0,1.0,147
0,11.0,Computer,3,11.0,E wallet,Male,3.0,4,Mobile Phone,2,Married,6,0,18.0,2.0,6.0,9.0,25
0,3.0,Computer,3,7.0,Credit Card,Female,3.0,4,Fashion,2,Divorced,3,0,15.0,5.0,5.0,2.0,204
0,9.0,Computer,3,7.0,E wallet,Female,4.0,4,Fashion,3,Single,3,0,15.0,2.0,2.0,4.543490512868683,213
1,1.0,Phone,1,25.0,Credit Card,Male,3.0,5,Mobile Phone,2,Single,3,1,14.0,1.0,2.0,2.0,149
0,26.0,Mobile Phone,1,9.0,Debit Card,Female,3.0,5,Mobile Phone,2,Single,9,0,16.0,1.0,3.0,3.0,157
0,16.0,Mobile Phone,1,11.0,Cash on Delivery,Male,3.0,4,Others,2,Divorced,3,0,15.707921714818266,1.0,12.0,16.0,317
0,31.0,Phone,2,13.0,Credit Card,Male,3.0,4,Mobile Phone,3,Divorced,10,0,18.0,3.0,3.0,3.0,148
0,24.0,Mobile Phone,3,7.0,Credit Card,Female,4.0,4,Others,2,Married,5,0,15.707921714818266,2.0,2.0,7.0,320
1,1.0,Phone,1,21.0,Credit Card,Male,3.0,4,Mobile Phone,2,Divorced,7,1,14.0,1.0,2.0,5.0,149
0,17.0,Mobile Phone,3,23.0,E wallet,Female,4.0,4,Grocery,2,Divorced,7,1,23.0,1.7510234462225531,2.0,10.0,286
1,1.0,Mobile Phone,1,9.0,Debit Card,Female,3.0,4,Mobile Phone,5,Divorced,9,0,21.0,2.0,2.0,8.0,152
0,26.0,Computer,3,9.0,Debit Card,Male,4.0,5,Others,3,Single,3,1,15.707921714818266,8.0,16.0,13.0,316
0,6.0,Mobile Phone,3,11.0,Debit Card,Female,3.0,4,Mobile Phone,4,Divorced,4,0,12.0,2.0,2.0,3.0,164
1,1.0,Mobile Phone,1,7.0,Debit Card,Male,4.0,5,Mobile Phone,3,Single,2,1,15.0,2.0,2.0,3.0,162
0,13.0,Phone,1,7.0,Credit Card,Female,4.0,4,Mobile Phone,3,Married,9,0,15.0,1.0,2.0,3.0,147
0,6.0,Computer,3,33.0,E wallet,Male,4.0,4,Laptop & Accessory,2,Divorced,2,0,19.0,2.0,3.0,3.0,170
0,15.0,Mobile Phone,1,26.0,Debit Card,Male,3.0,4,Laptop & Accessory,5,Married,4,0,17.0,2.0,2.0,1.0,156
0,14.0,Mobile Phone,1,31.0,COD,Male,4.0,4,Laptop & Accessory,2,Married,3,0,18.0,3.0,5.0,8.0,158
0,19.0,Mobile Phone,1,7.0,UPI,Male,4.0,3,Others,2,Divorced,2,0,15.707921714818266,2.0,2.0,8.0,317
0,5.0,Computer,1,10.0,Credit Card,Male,4.0,4,Fashion,3,Married,11,0,13.0,1.7510234462225531,3.0,3.0,262
0,7.0,Mobile Phone,1,12.0,Debit Card,Female,4.0,5,Mobile Phone,2,Divorced,3,0,14.0,1.0,2.0,3.0,154
0,8.0,Mobile Phone,1,9.0,Debit Card,Male,3.0,5,Laptop & Accessory,5,Divorced,8,0,14.0,1.0,6.0,10.0,185
0,11.0,Mobile Phone,1,7.0,Credit Card,Female,3.0,5,Mobile Phone,5,Divorced,4,0,15.0,2.0,2.0,3.0,164
0,19.0,Computer,1,14.0,Debit Card,Male,4.0,3,Laptop & Accessory,3,Divorced,6,0,18.0,1.0,2.0,3.0,189
1,1.0,Computer,1,17.0,Credit Card,Male,4.0,4,Fashion,3,Married,8,0,12.0,2.0,2.0,4.543490512868683,225
0,13.0,Computer,1,9.0,Cash on Delivery,Female,4.0,4,Fashion,3,Single,2,0,26.0,11.0,3.0080044676098288,9.0,234
0,3.0,Phone,1,22.0,Debit Card,Male,3.0,4,Mobile Phone,2,Single,3,0,20.0,1.0,2.0,6.0,148
0,16.0,Mobile Phone,1,24.0,Debit Card,Female,3.0,3,Laptop & Accessory,5,Single,5,1,14.0,1.0,2.0,3.0,190
0,3.0,Mobile Phone,3,27.0,E wallet,Male,3.0,4,Laptop & Accessory,2,Married,4,0,15.0,2.0,2.0,3.0,194
0,1.0,Mobile Phone,1,7.0,Debit Card,Female,4.0,4,Laptop & Accessory,3,Divorced,2,0,13.0,2.0,2.0,3.0,174
0,16.0,Mobile Phone,1,9.0,Credit Card,Female,3.0,5,Mobile Phone,5,Married,2,1,12.0,5.0,8.0,9.0,151
0,14.0,Mobile Phone,1,9.0,Credit Card,Male,3.0,4,Others,3,Married,2,0,15.707921714818266,1.0,4.0,10.0,319
0,25.0,Mobile Phone,1,7.0,Debit Card,Male,4.0,4,Mobile Phone,2,Divorced,3,0,12.0,2.0,2.0,1.0,152
1,1.0,Computer,1,36.0,Credit Card,Male,4.0,5,Mobile Phone,4,Single,2,0,12.0,2.0,2.0,5.0,160
0,6.0,Computer,1,14.0,Debit Card,Male,4.0,3,Mobile Phone,4,Divorced,3,0,21.0,1.0,2.0,4.0,153
0,12.0,Computer,3,9.0,Debit Card,Male,3.0,5,Laptop & Accessory,2,Divorced,5,0,19.0,7.0,8.0,6.0,177
0,6.0,Phone,1,9.0,COD,Male,3.0,5,Laptop & Accessory,5,Single,6,0,14.0,1.0,2.0,5.0,147
0,20.0,Mobile Phone,3,9.0,Cash on Delivery,Female,4.0,6,Grocery,4,Divorced,5,1,15.707921714818266,7.0,8.0,8.0,294
1,1.0,Mobile Phone,1,9.0,Debit Card,Male,4.0,4,Mobile Phone,3,Single,4,0,12.0,2.0,2.0,1.0,160
0,3.0,Mobile Phone,3,9.0,Credit Card,Male,4.0,5,Laptop & Accessory,4,Divorced,4,0,20.0,1.0,2.0,1.0,191
0,5.0,Mobile Phone,1,30.0,Credit Card,Male,4.0,5,Laptop & Accessory,2,Divorced,2,0,22.0,2.0,8.0,9.0,181
0,1.0,Computer,1,12.0,Debit Card,Male,3.0,3,Laptop & Accessory,5,Married,3,0,13.0,2.0,2.0,6.0,165
0,19.0,Mobile Phone,1,27.0,Credit Card,Male,4.0,4,Grocery,2,Divorced,2,1,15.0,1.0,3.0080044676098288,11.0,260
0,10.0,Mobile Phone,1,13.0,Debit Card,Male,3.0,4,Mobile Phone,2,Divorced,2,0,12.0,5.0,11.0,12.0,157
0,29.0,Mobile Phone,1,7.0,Credit Card,Male,3.0,4,Others,5,Single,2,1,15.707921714818266,5.0,5.0,14.0,315
1,11.0,Computer,1,36.0,Debit Card,Male,3.0,4,Fashion,4,Divorced,3,1,13.0,6.0,3.0080044676098288,10.0,243
0,2.0,Phone,1,16.0,Credit Card,Male,4.0,4,Mobile Phone,2,Divorced,3,0,24.0,2.0,2.0,5.0,146
0,11.0,Mobile Phone,3,13.0,Credit Card,Male,4.0,4,Laptop & Accessory,2,Divorced,6,0,15.0,1.0,2.0,2.0,190
0,1.0,Mobile Phone,1,10.0,Credit Card,Male,4.0,5,Mobile Phone,3,Single,3,0,18.0,2.0,2.0,1.0,157
0,11.0,Computer,1,7.0,Credit Card,Female,1.0,4,Fashion,2,Married,4,1,19.0,1.7510234462225531,2.0,3.0,261
0,3.0,Mobile Phone,1,29.0,Debit Card,Female,4.0,3,Fashion,4,Married,9,0,19.0,6.0,3.0080044676098288,3.0,245
0,12.0,Mobile Phone,3,14.0,Credit Card,Female,3.0,3,Laptop & Accessory,5,Married,3,1,25.0,1.0,8.0,8.0,181
0,1.0,Computer,1,7.0,Debit Card,Female,3.0,4,Laptop & Accessory,4,Married,3,0,21.0,1.0,2.0,5.0,189
0,24.0,Mobile Phone,1,11.0,Debit Card,Male,4.0,4,Others,4,Married,5,0,15.707921714818266,2.0,2.0,7.0,316
0,27.0,Mobile Phone,1,10.0,Credit Card,Male,3.0,4,Grocery,3,Divorced,5,1,15.707921714818266,1.0,2.0,4.0,301
0,16.0,Mobile Phone,3,7.0,Debit Card,Male,3.0,4,Laptop & Accessory,3,Divorced,3,0,26.0,5.0,12.0,7.0,174
0,3.0,Computer,3,9.0,Debit Card,Male,3.0,4,Laptop & Accessory,2,Single,3,0,19.0,1.0,2.0,10.0,171
0,29.0,Mobile Phone,1,27.0,COD,Male,3.0,4,Laptop & Accessory,2,Divorced,5,1,20.0,2.0,2.0,9.0,179
0,1.0,Computer,1,18.0,Credit Card,Male,3.0,4,Laptop & Accessory,5,Divorced,3,1,14.0,3.0,4.0,4.0,172
0,11.0,Phone,1,7.0,Debit Card,Female,3.0,4,Mobile Phone,2,Single,3,0,13.0,2.0,6.0,8.0,146
1,8.0,Computer,1,31.0,Debit Card,Male,3.0,4,Mobile Phone,3,Married,5,1,23.0,1.0,2.0,1.0,157
0,12.0,Mobile Phone,1,30.0,Debit Card,Male,3.0,4,Laptop & Accessory,2,Married,11,0,15.0,1.0,2.0,3.0,182
1,1.0,Phone,1,23.0,Credit Card,Male,3.0,4,Mobile Phone,4,Married,4,1,14.0,2.0,2.0,3.0,149
0,2.0,Mobile Phone,1,15.0,Debit Card,Female,4.0,4,Mobile Phone,2,Single,3,0,22.0,1.0,2.0,3.0,158
0,23.0,Computer,1,17.0,Debit Card,Female,3.0,4,Others,5,Single,11,1,15.707921714818266,1.0,2.0,3.0,312
0,10.0,Mobile Phone,1,10.0,COD,Male,2.0,4,Laptop & Accessory,4,Single,6,0,13.0,7.0,8.0,8.0,170
0,5.0,Computer,3,12.0,E wallet,Female,3.0,4,Mobile Phone,4,Married,3,0,12.0,1.0,3.0,3.0,153
1,1.0,Mobile Phone,3,11.0,E wallet,Male,3.0,5,Laptop & Accessory,2,Single,3,1,13.0,8.0,8.0,5.0,183
0,11.0,Computer,1,16.0,Credit Card,Male,3.0,4,Mobile Phone,2,Divorced,3,1,13.0,1.0,2.0,3.0,148
0,16.0,Computer,3,33.0,E wallet,Female,4.0,4,Grocery,4,Divorced,7,0,15.0,3.0,3.0080044676098288,9.0,260
1,1.0,Phone,1,10.0,Debit Card,Male,3.0,4,Mobile Phone,3,Single,3,0,14.0,1.0,2.0,1.0,139
0,9.0,Mobile Phone,3,23.0,E wallet,Male,4.0,4,Fashion,4,Divorced,2,0,16.0,4.0,7.0,10.0,205
0,10.0,Computer,1,25.0,Debit Card,Male,3.0,3,Mobile Phone,2,Divorced,6,0,19.0,1.0,2.0,1.0,162
0,25.0,Mobile Phone,1,9.0,Credit Card,Male,3.0,6,Laptop & Accessory,4,Married,7,0,19.0,1.0,2.0,3.0,180
0,15.0,Mobile Phone,3,9.0,Debit Card,Male,3.0,4,Grocery,4,Single,3,0,20.0,1.7510234462225531,2.0,5.0,285
0,1.0,Phone,3,17.0,Credit Card,Female,4.0,5,Mobile Phone,3,Single,3,0,13.0,2.0,2.0,1.0,137
0,2.0,Mobile Phone,1,23.0,Credit Card,Male,4.0,3,Laptop & Accessory,5,Single,2,0,20.0,1.0,2.0,8.0,182
0,5.0,Mobile Phone,3,14.0,Cash on Delivery,Male,4.0,3,Laptop & Accessory,2,Divorced,6,0,12.0,4.0,8.0,8.0,194
0,13.0,Mobile Phone,1,7.0,Credit Card,Male,3.0,3,Fashion,2,Married,2,0,18.0,4.0,4.0,4.543490512868683,221
0,10.0,Computer,1,31.0,Debit Card,Female,3.0,4,Laptop & Accessory,4,Divorced,9,0,16.0,1.0,2.0,9.0,182
0,6.0,Mobile Phone,3,14.0,Debit Card,Male,4.0,5,Laptop & Accessory,3,Divorced,3,0,15.0,2.0,5.0,9.0,180
0,12.0,Mobile Phone,1,32.0,Debit Card,Female,3.0,5,Fashion,4,Divorced,5,0,18.0,2.0,3.0080044676098288,2.0,246
0,31.0,Computer,1,7.0,Debit Card,Male,3.0,6,Laptop & Accessory,3,Married,4,1,14.0,2.0,2.0,3.0,182
0,5.0,Mobile Phone,1,12.0,COD,Male,3.0,4,Mobile Phone,2,Divorced,2,1,13.0,1.0,2.0,4.0,173
0,5.0,Mobile Phone,2,9.0,UPI,Male,4.0,5,Laptop & Accessory,5,Divorced,5,0,13.0,1.0,2.0,1.0,189
0,19.0,Computer,1,14.0,Debit Card,Male,4.0,4,Fashion,5,Married,3,0,19.0,6.0,10.0,12.0,177
0,5.0,Mobile Phone,1,9.0,Debit Card,Male,3.0,4,Mobile Phone,2,Married,2,1,19.0,2.0,3.0,3.0,152
0,7.0,Computer,1,12.0,Debit Card,Female,4.0,4,Fashion,4,Divorced,8,0,12.0,3.0,3.0080044676098288,9.0,244
0,13.0,Mobile Phone,1,17.0,Credit Card,Male,3.0,4,Grocery,5,Divorced,3,1,15.707921714818266,12.0,12.0,11.0,296
0,17.0,Computer,1,17.0,Debit Card,Female,3.0,4,Mobile Phone,2,Single,2,0,20.0,1.0,2.0,8.0,150
0,23.0,Mobile Phone,1,7.0,Cash on Delivery,Female,3.0,5,Grocery,3,Single,9,1,13.0,1.7510234462225531,2.0,8.0,265
1,16.0,Mobile Phone,1,15.0,Credit Card,Male,3.0,5,Laptop & Accessory,4,Divorced,4,0,16.0,8.0,8.0,8.0,174
0,1.0,Mobile Phone,1,12.0,Debit Card,Female,3.0,4,Mobile Phone,4,Single,3,1,13.0,1.0,2.0,3.0,150
0,6.0,Mobile Phone,3,15.0,COD,Female,4.0,5,Laptop & Accessory,4,Divorced,3,1,12.0,7.0,12.0,10.0,177
0,1.0,Mobile Phone,3,9.0,Debit Card,Male,4.0,4,Laptop & Accessory,3,Single,3,1,12.0,2.0,2.0,5.0,170
0,5.0,Mobile Phone,3,14.0,E wallet,Male,4.0,4,Laptop & Accessory,2,Married,6,0,13.0,1.0,2.0,8.0,200
0,6.0,Mobile Phone,1,9.0,Credit Card,Female,4.0,3,Laptop & Accessory,2,Single,9,0,17.0,2.0,2.0,8.0,176
1,1.0,Mobile Phone,1,9.0,Credit Card,Male,3.0,6,Mobile Phone,2,Divorced,7,1,14.0,3.0,3.0,3.0,160
0,4.0,Mobile Phone,1,35.0,Credit Card,Female,4.0,4,Laptop & Accessory,2,Divorced,3,0,14.0,1.0,2.0,10.0,183
0,5.0,Computer,1,14.0,Debit Card,Female,3.0,5,Fashion,3,Divorced,3,0,25.0,4.0,9.0,4.543490512868683,214
0,13.0,Computer,1,6.0,Credit Card,Male,3.0,5,Others,2,Divorced,3,0,15.707921714818266,10.0,14.0,4.0,318
1,3.0,Mobile Phone,3,10.0,Credit Card,Female,3.0,4,Laptop & Accessory,3,Divorced,6,1,19.0,2.0,2.0,1.0,177
0,7.0,Computer,3,17.0,E wallet,Male,3.0,5,Laptop & Accessory,2,Single,5,0,15.0,2.0,2.0,2.0,172
0,21.0,Mobile Phone,1,12.0,Debit Card,Male,3.0,4,Others,3,Divorced,6,0,15.707921714818266,1.0,2.0,2.0,308
0,17.0,Computer,1,17.0,Debit Card,Female,3.0,5,Laptop & Accessory,3,Married,3,0,12.0,1.0,2.0,1.0,178
0,1.0,Computer,3,7.0,E wallet,Male,4.0,4,Laptop & Accessory,4,Divorced,2,1,14.0,1.0,2.0,5.0,188
0,28.0,Computer,1,27.0,Debit Card,Female,3.0,4,Laptop & Accessory,3,Single,5,0,13.0,2.0,2.0,4.0,174
0,17.0,Mobile Phone,1,14.0,Debit Card,Female,3.0,4,Fashion,5,Divorced,10,0,17.0,2.0,2.0,4.543490512868683,225
0,19.0,Mobile Phone,1,15.0,UPI,Male,4.0,4,Laptop & Accessory,2,Divorced,11,0,15.0,8.0,10.0,9.0,162
0,14.0,Mobile Phone,3,7.0,Credit Card,Male,3.0,6,Laptop & Accessory,2,Divorced,4,1,23.0,2.0,2.0,3.0,200
1,1.0,Phone,1,15.0,UPI,Male,4.0,6,Mobile Phone,5,Divorced,3,1,12.0,2.0,2.0,8.0,146
0,3.0,Mobile Phone,1,16.0,UPI,Male,2.0,5,Mobile Phone,2,Single,2,0,18.0,3.0,3.0,3.0,165
0,4.0,Mobile Phone,3,12.0,E wallet,Female,2.0,5,Laptop & Accessory,3,Married,3,0,14.0,1.0,2.0,3.0,186
0,1.0,Mobile Phone,3,15.0,E wallet,Female,3.0,4,Laptop & Accessory,4,Divorced,3,0,19.0,1.0,2.0,8.0,187
0,11.0,Mobile Phone,1,12.0,Credit Card,Male,4.0,4,Laptop & Accessory,2,Married,9,0,17.0,1.0,2.0,5.0,188
0,12.0,Mobile Phone,1,22.0,Debit Card,Male,4.0,5,Fashion,2,Married,2,1,15.0,2.0,3.0080044676098288,10.0,240
0,5.0,Mobile Phone,1,14.0,Credit Card,Female,3.0,4,Fashion,2,Single,3,1,15.0,3.0,5.0,11.0,196
0,3.0,Mobile Phone,3,17.0,E wallet,Female,3.0,5,Laptop & Accessory,4,Married,3,1,15.0,1.0,2.0,8.0,208
0,9.0,Mobile Phone,1,12.0,Cash on Delivery,Male,4.0,4,Fashion,4,Single,2,0,14.0,1.0,2.0,14.0,206
0,1.0,Mobile Phone,1,33.0,Debit Card,Male,3.0,4,Mobile Phone,2,Married,3,0,13.0,2.0,2.0,3.0,154
0,15.0,Mobile Phone,1,13.0,Credit Card,Male,4.0,5,Laptop & Accessory,4,Single,8,1,16.0,2.0,2.0,3.0,185
0,21.0,Computer,3,11.0,Credit Card,Male,3.0,4,Laptop & Accessory,3,Single,5,0,20.0,1.0,2.0,1.0,155
0,16.0,Mobile Phone,1,30.0,Debit Card,Female,3.0,4,Grocery,2,Single,4,0,15.0,1.7510234462225531,2.0,1.0,285
0,3.0,Computer,3,9.0,Debit Card,Male,4.0,4,Laptop & Accessory,3,Divorced,3,0,15.0,2.0,2.0,3.0,171
0,16.0,Mobile Phone,2,9.0,COD,Male,3.0,4,Mobile Phone,3,Married,2,1,12.0,2.0,2.0,1.0,152
0,6.0,Phone,1,9.0,Credit Card,Female,4.0,4,Mobile Phone,4,Divorced,3,0,14.0,1.0,2.0,8.0,149
0,22.0,Mobile Phone,3,36.0,Credit Card,Female,4.0,4,Fashion,3,Divorced,5,0,22.0,1.0,3.0080044676098288,1.0,250
0,11.0,Mobile Phone,1,13.0,Credit Card,Male,3.0,3,Laptop & Accessory,5,Married,6,1,14.0,3.0,7.0,8.0,185
0,4.0,Computer,3,32.0,COD,Female,3.0,4,Laptop & Accessory,3,Divorced,9,1,13.0,2.0,3.0,3.0,172
0,1.0,Mobile Phone,3,7.0,Debit Card,Male,3.0,4,Laptop & Accessory,3,Divorced,3,0,18.0,3.0,8.0,8.0,178
0,16.0,Mobile Phone,1,9.0,UPI,Male,4.0,5,Laptop & Accessory,2,Single,5,0,24.0,1.0,2.0,1.0,193
1,1.0,Computer,3,7.0,COD,Female,3.0,5,Mobile Phone,4,Single,3,1,12.0,2.0,2.0,3.0,147
0,10.0,Computer,3,7.0,Credit Card,Female,3.0,4,Laptop & Accessory,2,Single,6,0,16.0,2.0,2.0,1.0,192
0,10.0,Computer,3,10.0,Credit Card,Male,3.0,5,Fashion,2,Divorced,6,0,12.0,1.0,2.0,4.543490512868683,222
0,31.0,Mobile Phone,1,7.0,Credit Card,Male,3.0,4,Laptop & Accessory,3,Divorced,4,0,12.0,2.0,2.0,3.0,193
0,14.0,Phone,1,17.0,Debit Card,Female,3.0,3,Mobile Phone,3,Divorced,5,1,14.0,1.0,2.0,8.0,147
0,1.0,Computer,3,16.0,Credit Card,Male,3.0,4,Mobile Phone,2,Single,3,0,25.0,1.0,3.0,3.0,151
1,1.0,Mobile Phone,3,12.0,E wallet,Female,3.0,4,Mobile Phone,3,Single,3,1,14.0,2.0,2.0,1.0,154
0,11.0,Mobile Phone,1,17.0,Credit Card,Female,4.0,4,Mobile Phone,5,Divorced,8,0,21.0,2.0,2.0,4.0,160
0,20.0,Computer,1,14.0,Credit Card,Female,2.0,4,Laptop & Accessory,3,Divorced,4,0,15.0,1.0,2.0,1.0,178
1,5.0,Computer,3,11.0,E wallet,Male,3.0,4,Laptop & Accessory,4,Single,3,0,19.0,8.0,8.0,4.543490512868683,219
0,24.0,Mobile Phone,1,17.0,Cash on Delivery,Male,4.0,5,Fashion,2,Single,8,0,16.0,1.0,2.0,4.543490512868683,230
1,4.0,Mobile Phone,3,29.0,E wallet,Male,4.0,5,Laptop & Accessory,3,Divorced,4,1,13.0,2.0,2.0,1.0,189
0,5.0,Mobile Phone,1,16.0,Debit Card,Male,3.0,5,Mobile Phone,4,Single,2,1,17.0,2.0,3.0,3.0,152
1,1.0,Mobile Phone,3,19.0,Debit Card,Female,3.0,3,Mobile Phone,4,Single,3,0,16.0,1.0,2.0,1.0,152
0,3.0,Phone,1,30.0,Debit Card,Male,3.0,4,Mobile Phone,2,Single,11,0,17.0,2.0,2.0,3.0,147
0,9.0,Mobile Phone,1,16.0,Debit Card,Male,4.0,5,Laptop & Accessory,4,Single,11,0,20.0,2.0,2.0,1.0,190
0,1.0,Mobile Phone,1,7.0,Credit Card,Male,3.0,4,Mobile Phone,4,Married,3,0,12.0,1.0,2.0,5.0,163
0,2.0,Mobile Phone,3,16.0,Debit Card,Male,4.0,4,Laptop & Accessory,2,Single,3,0,17.0,2.0,2.0,8.0,178
0,23.0,Mobile Phone,1,14.0,UPI,Male,3.0,5,Fashion,3,Single,10,0,25.0,2.0,2.0,1.0,170
0,25.0,Mobile Phone,3,21.0,Debit Card,Female,3.0,4,Laptop & Accessory,2,Divorced,6,0,12.0,1.0,2.0,8.0,174
0,10.0,Mobile Phone,1,9.0,Debit Card,Female,4.0,4,Mobile Phone,3,Divorced,6,0,14.0,2.0,3.0,3.0,150
1,1.0,Computer,3,26.0,E wallet,Male,4.0,3,Laptop & Accessory,2,Single,10,1,14.0,2.0,2.0,5.0,178
0,29.0,Mobile Phone,1,9.0,Debit Card,Female,4.0,4,Grocery,2,Single,4,1,14.0,1.7510234462225531,2.0,3.0,292
0,1.0,Mobile Phone,3,17.0,E wallet,Female,4.0,4,Laptop & Accessory,3,Married,3,1,13.0,1.0,2.0,4.0,168
0,4.0,Mobile Phone,3,9.0,COD,Male,4.0,4,Mobile Phone,4,Divorced,3,0,19.0,2.0,2.0,1.0,150
1,1.0,Computer,1,10.0,COD,Male,4.0,4,Mobile Phone,5,Single,2,0,23.0,1.0,2.0,5.0,156
0,1.0,Phone,1,18.0,Credit Card,Female,3.0,4,Mobile Phone,4,Divorced,3,0,14.0,2.0,2.0,3.0,147
0,10.0,Mobile Phone,3,9.0,Credit Card,Male,4.0,5,Fashion,3,Divorced,3,0,14.0,10.0,10.0,1.0,201
1,1.0,Computer,1,11.0,COD,Male,3.0,4,Mobile Phone,2,Single,20,1,24.0,2.0,2.0,1.0,148
0,11.0,Mobile Phone,1,21.0,Debit Card,Female,4.0,4,Mobile Phone,5,Married,3,0,13.0,4.0,13.0,18.0,155
0,14.0,Mobile Phone,3,9.0,E wallet,Female,3.0,4,Laptop & Accessory,4,Married,9,0,13.0,1.0,2.0,4.0,182
0,16.0,Mobile Phone,1,7.0,Debit Card,Female,4.0,4,Mobile Phone,5,Married,5,0,17.0,2.0,2.0,3.0,151
0,11.0,Mobile Phone,1,17.0,Debit Card,Male,3.0,4,Laptop & Accessory,4,Single,4,1,13.0,1.0,2.0,2.0,167
0,17.0,Mobile Phone,1,19.0,Debit Card,Male,3.0,5,Grocery,4,Married,3,0,12.0,1.7510234462225531,4.0,10.0,268
0,14.0,Mobile Phone,1,9.0,Credit Card,Female,4.0,5,Laptop & Accessory,3,Divorced,8,0,23.0,2.0,2.0,1.0,159
0,28.0,Mobile Phone,1,12.0,Credit Card,Male,3.0,4,Others,5,Divorced,6,0,15.707921714818266,2.0,2.0,3.0,319
0,8.0,Computer,3,11.0,E wallet,Female,4.0,4,Laptop & Accessory,3,Divorced,11,0,16.0,2.0,2.0,3.0,190
0,5.0,Mobile Phone,1,14.0,Credit Card,Female,3.0,4,Laptop & Accessory,5,Divorced,3,0,13.0,4.0,4.0,13.0,168
0,17.0,Computer,1,28.0,Credit Card,Male,4.0,4,Mobile Phone,2,Divorced,9,0,21.0,1.0,2.0,3.0,148
0,17.0,Mobile Phone,1,15.0,UPI,Female,4.0,4,Laptop & Accessory,3,Married,6,1,15.0,1.0,2.0,3.0,170
0,1.0,Mobile Phone,3,11.0,Debit Card,Female,3.0,5,Laptop & Accessory,2,Single,3,1,12.0,1.0,2.0,4.0,170
0,11.0,Computer,1,32.0,Credit Card,Female,4.0,4,Laptop & Accessory,3,Divorced,5,1,16.0,4.0,11.0,8.0,169
0,5.0,Phone,1,7.0,Debit Card,Male,4.0,5,Mobile Phone,5,Divorced,3,0,13.0,1.0,4.0,3.0,147
0,13.0,Computer,1,7.0,Debit Card,Male,3.0,4,Others,3,Married,3,1,15.707921714818266,1.0,2.0,7.0,317
0,30.0,Computer,3,13.0,Debit Card,Female,3.0,3,Grocery,5,Divorced,11,0,12.0,3.0,3.0080044676098288,8.0,257
0,4.0,Mobile Phone,3,19.0,COD,Female,3.0,4,Laptop & Accessory,3,Single,2,0,12.0,4.0,5.0,5.0,191
0,15.0,Mobile Phone,3,7.0,E wallet,Male,3.0,3,Fashion,5,Divorced,3,0,17.0,2.0,2.0,8.0,209
0,2.0,Mobile Phone,1,24.0,Credit Card,Male,4.0,4,Laptop & Accessory,5,Married,3,0,13.0,1.0,2.0,9.0,171
1,1.0,Mobile Phone,1,10.0,Credit Card,Male,4.0,4,Mobile Phone,5,Divorced,7,0,14.0,2.0,2.0,3.0,165
0,26.0,Mobile Phone,1,10.0,Credit Card,Male,3.0,5,Fashion,3,Divorced,4,1,15.0,1.0,2.0,5.0,205
0,19.0,Mobile Phone,1,17.0,Debit Card,Male,4.0,4,Mobile Phone,2,Divorced,5,0,22.0,2.0,2.0,3.0,152
0,26.0,Mobile Phone,1,11.0,Debit Card,Female,2.0,4,Grocery,2,Divorced,4,0,14.0,1.7510234462225531,2.0,5.0,291
0,16.0,Computer,1,36.0,Debit Card,Female,4.0,4,Laptop & Accessory,3,Married,4,0,12.0,2.0,2.0,3.0,171
0,4.0,Mobile Phone,1,9.0,Debit Card,Female,3.0,6,Laptop & Accessory,2,Single,4,0,21.0,1.0,2.0,3.0,186
0,31.0,Mobile Phone,1,14.0,Debit Card,Female,3.0,4,Others,5,Divorced,7,0,15.707921714818266,1.0,12.0,11.0,321
0,20.0,Mobile Phone,1,25.0,Credit Card,Female,3.0,4,Laptop & Accessory,3,Married,4,0,15.0,1.0,2.0,9.0,173
0,16.0,Computer,1,35.0,COD,Female,3.0,5,Laptop & Accessory,2,Divorced,2,0,12.0,1.0,2.0,5.0,170
1,1.0,Mobile Phone,3,7.0,COD,Female,4.0,4,Mobile Phone,4,Single,3,1,17.0,2.0,2.0,5.0,157
1,1.0,Computer,3,13.0,E wallet,Female,3.0,6,Mobile Phone,3,Married,2,0,17.0,2.0,2.0,1.0,149
0,12.0,Computer,1,9.0,Debit Card,Male,3.0,4,Mobile Phone,2,Divorced,3,1,24.0,2.0,2.0,1.0,142
0,14.0,Mobile Phone,3,9.0,Debit Card,Female,4.0,4,Others,3,Divorced,2,0,15.707921714818266,1.0,2.0,13.0,305
0,1.0,Mobile Phone,1,30.0,Debit Card,Female,3.0,4,Mobile Phone,2,Married,3,0,23.0,2.0,2.0,3.0,154
0,4.0,Computer,1,10.0,Debit Card,Male,3.0,4,Mobile Phone,2,Divorced,6,0,16.0,1.0,2.0,5.0,146
0,3.0,Mobile Phone,1,10.0,Credit Card,Male,4.0,5,Fashion,3,Divorced,3,0,19.0,2.0,3.0080044676098288,8.0,244
1,1.0,Mobile Phone,1,32.0,COD,Female,4.0,5,Mobile Phone,4,Divorced,7,0,17.0,1.0,2.0,2.0,150
1,1.0,Mobile Phone,2,9.0,COD,Male,3.0,5,Mobile Phone,2,Single,3,0,13.0,2.0,2.0,1.0,151
0,4.0,Computer,3,29.0,UPI,Female,4.0,4,Fashion,5,Divorced,2,0,12.0,3.0,8.0,9.0,209
0,31.0,Mobile Phone,3,36.0,E wallet,Male,3.0,5,Grocery,2,Married,5,0,13.0,1.7510234462225531,2.0,1.0,266
0,24.0,Mobile Phone,1,36.0,Debit Card,Male,3.0,5,Grocery,3,Divorced,2,0,15.707921714818266,12.0,16.0,8.0,295
0,4.0,Computer,1,9.0,Credit Card,Female,3.0,4,Mobile Phone,2,Single,2,0,15.0,6.0,7.0,8.0,151
0,31.0,Computer,3,35.0,E wallet,Female,4.0,5,Fashion,5,Divorced,6,0,20.0,14.0,14.0,4.543490512868683,228
0,21.0,Mobile Phone,1,9.0,Credit Card,Female,4.0,4,Laptop & Accessory,2,Married,7,0,14.0,1.0,2.0,5.0,176
0,20.0,Mobile Phone,1,9.0,Debit Card,Male,3.0,4,Grocery,3,Divorced,8,0,15.707921714818266,1.0,2.0,2.0,304
0,9.0,Mobile Phone,1,29.0,Debit Card,Male,3.0,6,Mobile Phone,3,Single,2,0,16.0,3.0,5.0,4.0,167
0,28.0,Mobile Phone,1,15.0,Debit Card,Female,3.0,4,Laptop & Accessory,3,Single,9,0,12.0,2.0,2.0,1.0,163
0,8.0,Mobile Phone,1,9.0,Debit Card,Male,4.0,5,Mobile Phone,3,Married,5,0,13.0,6.0,6.0,8.0,153
0,20.0,Mobile Phone,3,17.0,E wallet,Female,4.0,5,Fashion,2,Divorced,4,1,20.0,2.0,2.0,4.543490512868683,216
0,5.0,Mobile Phone,1,16.0,Debit Card,Male,3.0,4,Fashion,4,Married,3,0,26.0,2.0,2.0,9.0,231
1,1.0,Mobile Phone,1,22.0,Credit Card,Male,3.0,4,Fashion,3,Divorced,9,1,13.0,1.7510234462225531,8.0,8.0,261
1,1.0,Mobile Phone,1,17.0,Credit Card,Male,3.0,6,Mobile Phone,2,Married,9,0,14.0,1.0,2.0,4.0,159
0,4.0,Mobile Phone,3,14.0,E wallet,Male,3.0,4,Mobile Phone,4,Single,2,0,15.0,2.0,2.0,3.0,155
0,9.0,Mobile Phone,1,23.0,Debit Card,Male,4.0,4,Fashion,3,Divorced,6,1,13.0,1.0,2.0,1.0,201
1,1.0,Computer,1,27.0,Debit Card,Male,4.0,4,Fashion,3,Divorced,5,0,13.0,2.0,2.0,4.543490512868683,223
1,1.0,Computer,2,30.0,UPI,Female,3.0,4,Fashion,5,Married,11,1,16.0,2.0,2.0,4.543490512868683,225
0,16.0,Computer,1,12.0,UPI,Male,4.0,4,Mobile Phone,3,Divorced,6,0,18.0,3.0,3.0,1.0,146
0,10.0,Computer,3,17.0,Credit Card,Male,3.0,4,Fashion,2,Single,3,0,15.0,2.0,10.0,4.543490512868683,225
1,1.0,Computer,1,11.0,COD,Male,3.0,5,Mobile Phone,3,Single,7,0,17.0,2.0,2.0,3.0,164
0,22.0,Mobile Phone,3,9.0,E wallet,Female,3.0,4,Laptop & Accessory,2,Divorced,4,0,15.0,5.0,7.0,8.0,166
0,29.0,Mobile Phone,3,25.0,Debit Card,Female,3.0,4,Grocery,4,Single,5,0,15.707921714818266,1.0,8.0,8.0,293
0,15.0,Computer,3,17.0,Debit Card,Male,3.0,4,Laptop & Accessory,2,Single,9,0,15.0,1.0,2.0,11.0,187
0,9.0,Mobile Phone,3,7.0,E wallet,Male,3.0,4,Laptop & Accessory,3,Divorced,11,0,12.0,4.0,7.0,10.0,172
0,14.0,Mobile Phone,1,13.0,Debit Card,Female,4.0,4,Grocery,3,Single,9,0,16.0,5.0,3.0080044676098288,14.0,257
0,13.0,Computer,1,15.0,Debit Card,Female,3.0,4,Mobile Phone,3,Divorced,3,0,12.0,1.0,2.0,8.0,163
0,5.0,Mobile Phone,3,9.0,Debit Card,Male,4.0,4,Laptop & Accessory,2,Single,6,1,14.0,2.0,2.0,6.0,191
0,16.0,Mobile Phone,1,31.0,Credit Card,Male,3.0,4,Fashion,5,Divorced,3,1,22.0,5.0,6.0,9.0,199
0,19.0,Mobile Phone,3,9.0,UPI,Male,4.0,4,Laptop & Accessory,4,Divorced,2,0,20.0,4.0,4.0,8.0,173
1,1.0,Computer,2,24.0,Debit Card,Female,3.0,4,Mobile Phone,3,Married,2,1,12.0,1.0,2.0,1.0,152
0,3.0,Mobile Phone,1,26.0,COD,Male,3.0,4,Laptop & Accessory,2,Married,6,0,13.0,1.0,2.0,3.0,168
0,7.0,Mobile Phone,1,7.0,Credit Card,Female,4.0,3,Grocery,3,Married,6,0,20.0,1.7510234462225531,2.0,6.0,287
0,1.0,Mobile Phone,3,14.0,Debit Card,Male,3.0,5,Fashion,2,Married,11,0,22.0,2.0,3.0080044676098288,2.0,241
1,1.0,Computer,3,12.0,E wallet,Male,4.0,4,Mobile Phone,4,Single,3,1,15.0,2.0,2.0,1.0,144
0,14.0,Computer,3,35.0,UPI,Male,3.0,6,Fashion,5,Married,5,0,16.0,2.0,3.0080044676098288,2.0,234
0,15.0,Computer,1,9.0,UPI,Female,4.0,5,Laptop & Accessory,3,Single,4,1,18.0,1.0,2.0,8.0,193
0,1.0,Mobile Phone,3,36.0,Credit Card,Male,3.0,4,Laptop & Accessory,3,Married,7,0,13.0,2.0,2.0,1.0,168
0,9.0,Mobile Phone,3,7.0,Credit Card,Female,4.0,4,Laptop & Accessory,3,Single,3,0,17.0,1.0,2.0,4.0,174
0,8.0,Mobile Phone,3,28.0,Debit Card,Male,4.0,3,Laptop & Accessory,2,Single,3,0,13.0,6.0,6.0,8.0,178
1,1.0,Phone,1,31.0,COD,Male,4.0,6,Mobile Phone,2,Single,3,1,19.0,2.0,2.0,1.0,148
0,11.0,Mobile Phone,1,7.0,Cash on Delivery,Female,3.0,4,Fashion,2,Single,6,0,18.0,2.0,2.0,3.0,200
0,20.0,Computer,1,25.0,Credit Card,Female,3.0,4,Fashion,3,Divorced,7,0,12.0,2.0,2.0,4.543490512868683,230
0,15.0,Mobile Phone,3,9.0,Debit Card,Female,4.0,4,Grocery,5,Divorced,9,0,17.0,1.7510234462225531,12.0,9.0,291
0,11.0,Computer,3,16.0,Credit Card,Male,4.0,4,Fashion,4,Married,3,0,14.0,7.0,8.0,4.543490512868683,213
0,26.0,Mobile Phone,1,13.0,COD,Male,4.0,4,Laptop & Accessory,5,Married,5,1,13.0,3.0,7.0,10.0,181
1,1.0,Computer,3,18.0,UPI,Male,3.0,3,Laptop & Accessory,3,Divorced,10,0,13.0,2.0,2.0,3.0,172
0,1.0,Computer,3,31.0,Credit Card,Male,3.0,4,Mobile Phone,2,Divorced,2,0,14.0,1.0,3.0,2.0,149
0,12.0,Mobile Phone,1,17.0,Credit Card,Female,4.0,4,Laptop & Accessory,3,Divorced,5,0,20.0,2.0,2.0,4.543490512868683,223
0,11.0,Mobile Phone,1,7.0,Debit Card,Female,4.0,4,Laptop & Accessory,4,Divorced,8,0,13.0,4.0,5.0,4.0,189
0,23.0,Mobile Phone,1,25.0,Debit Card,Male,3.0,5,Others,3,Married,3,1,15.707921714818266,1.0,2.0,10.0,320
0,1.0,Mobile Phone,1,30.0,Credit Card,Male,3.0,3,Mobile Phone,2,Divorced,3,1,12.0,1.0,2.0,5.0,152
0,1.0,Mobile Phone,3,35.0,E wallet,Male,4.0,4,Laptop & Accessory,4,Divorced,3,0,21.0,2.0,2.0,5.0,188
0,1.0,Phone,1,24.0,UPI,Male,4.0,5,Mobile Phone,4,Divorced,3,0,22.0,2.0,2.0,1.0,146
0,24.0,Computer,2,10.0,Credit Card,Male,3.0,4,Others,4,Divorced,3,0,15.707921714818266,7.0,11.0,8.0,307
0,1.0,Phone,3,20.0,Credit Card,Male,3.0,4,Mobile Phone,3,Divorced,3,0,12.0,2.0,2.0,7.0,146
1,1.0,Computer,1,14.0,Debit Card,Female,3.0,4,Mobile Phone,3,Divorced,3,1,17.0,1.0,2.0,3.0,154
1,1.0,Computer,3,19.0,Debit Card,Male,4.0,5,Mobile Phone,5,Divorced,3,0,19.0,2.0,2.0,1.0,145
0,8.0,Mobile Phone,1,7.0,Debit Card,Male,3.0,5,Mobile Phone,2,Divorced,3,1,14.0,1.0,2.0,4.0,161
1,1.0,Mobile Phone,3,20.0,Credit Card,Male,3.0,4,Laptop & Accessory,5,Married,4,0,18.0,1.0,2.0,3.0,167
0,9.0,Mobile Phone,1,32.0,UPI,Male,3.0,5,Laptop & Accessory,2,Single,6,0,15.0,1.0,2.0,3.0,162
0,5.0,Mobile Phone,3,13.0,Credit Card,Male,4.0,3,Laptop & Accessory,2,Married,6,0,23.0,4.0,6.0,8.0,180
0,1.0,Phone,1,13.0,Credit Card,Female,4.0,5,Mobile Phone,3,Married,2,0,13.0,2.0,2.0,4.0,147
0,11.0,Mobile Phone,3,9.0,E wallet,Male,4.0,4,Laptop & Accessory,3,Divorced,6,1,12.0,1.0,2.0,4.543490512868683,221
0,1.0,Mobile Phone,1,7.0,Debit Card,Female,3.0,5,Mobile Phone,4,Single,3,0,14.0,2.0,2.0,1.0,153
0,16.0,Mobile Phone,1,9.0,Debit Card,Female,3.0,4,Laptop & Accessory,2,Divorced,3,0,14.0,3.0,3.0,3.0,166
0,17.0,Mobile Phone,1,13.0,UPI,Male,3.0,5,Grocery,2,Married,6,1,15.0,1.7510234462225531,2.0,1.0,291
0,12.0,Mobile Phone,1,7.0,Debit Card,Female,3.0,4,Mobile Phone,5,Single,5,0,18.0,2.0,2.0,1.0,151
0,17.0,Computer,1,16.0,Credit Card,Male,4.0,4,Laptop & Accessory,3,Married,5,1,14.0,3.0,5.0,8.0,182
0,22.0,Mobile Phone,1,7.0,Debit Card,Female,3.0,5,Grocery,5,Divorced,9,0,12.0,1.7510234462225531,2.0,3.0,279
0,18.0,Mobile Phone,2,7.0,Debit Card,Female,3.0,5,Laptop & Accessory,3,Single,6,0,12.0,2.0,2.0,3.0,185
0,8.0,Mobile Phone,3,21.0,COD,Female,3.0,4,Mobile Phone,3,Married,3,1,19.0,2.0,2.0,7.0,151
1,1.0,Mobile Phone,3,9.0,E wallet,Male,3.0,4,Mobile Phone,5,Married,2,0,12.0,1.0,2.0,3.0,155
0,1.0,Mobile Phone,3,29.0,COD,Male,3.0,4,Mobile Phone,3,Single,3,0,12.0,2.0,2.0,3.0,159
0,18.0,Mobile Phone,1,10.0,UPI,Male,3.0,4,Others,2,Divorced,6,1,15.707921714818266,2.0,2.0,2.0,320
0,1.0,Mobile Phone,1,13.0,Credit Card,Male,4.0,4,Mobile Phone,3,Divorced,2,0,21.0,3.0,3.0,3.0,153
0,7.0,Mobile Phone,3,15.0,E wallet,Male,3.0,4,Laptop & Accessory,3,Married,2,0,13.0,2.0,2.0,3.0,196
0,6.0,Mobile Phone,1,16.0,Debit Card,Female,4.0,4,Laptop & Accessory,2,Divorced,3,1,13.0,2.0,2.0,6.0,188
0,4.0,Computer,1,10.0,Credit Card,Female,4.0,4,Mobile Phone,3,Married,3,0,21.0,2.0,2.0,1.0,146
0,27.0,Mobile Phone,3,7.0,Credit Card,Female,3.0,4,Laptop & Accessory,5,Single,9,0,21.0,7.0,9.0,11.0,209
0,8.0,Mobile Phone,1,7.0,Debit Card,Male,3.0,4,Mobile Phone,2,Divorced,3,0,13.0,7.0,9.0,9.0,152
1,9.0,Computer,3,33.0,Debit Card,Female,4.0,4,Laptop & Accessory,5,Divorced,4,0,15.0,1.0,2.0,1.0,168
0,1.0,Mobile Phone,1,13.0,Debit Card,Female,4.0,4,Mobile Phone,2,Divorced,3,1,14.0,1.0,2.0,3.0,152
0,11.0,Mobile Phone,1,10.0,UPI,Male,3.0,4,Fashion,3,Divorced,3,0,16.0,7.0,8.0,4.543490512868683,219
0,3.0,Mobile Phone,3,10.0,Credit Card,Female,4.0,4,Laptop & Accessory,3,Divorced,3,0,15.0,1.0,2.0,3.0,181
0,9.0,Mobile Phone,1,13.0,Debit Card,Male,3.0,6,Laptop & Accessory,2,Single,3,0,14.0,12.0,12.0,9.0,191
0,7.0,Computer,1,13.0,Debit Card,Male,2.0,4,Laptop & Accessory,2,Married,5,0,24.0,5.0,5.0,8.0,202
0,28.0,Mobile Phone,2,26.0,Credit Card,Male,3.0,4,Fashion,4,Divorced,4,0,16.0,4.0,3.0080044676098288,2.0,232
0,10.0,Mobile Phone,1,16.0,Credit Card,Male,3.0,5,Laptop & Accessory,4,Married,4,1,12.0,2.0,2.0,4.543490512868683,213
0,1.0,Phone,1,10.0,Credit Card,Male,3.0,5,Mobile Phone,2,Single,2,0,14.0,1.0,2.0,2.0,145
1,1.0,Phone,1,17.0,Credit Card,Male,3.0,4,Mobile,3,Single,3,1,12.0,1.0,2.0,2.0,135
1,1.0,Computer,1,10.0,Debit Card,Male,4.0,4,Mobile Phone,5,Single,3,1,12.0,10.0,10.0,8.0,158
0,9.0,Computer,1,10.0,Debit Card,Male,3.0,5,Mobile Phone,3,Divorced,3,0,19.0,2.0,2.0,1.0,138
0,1.0,Mobile Phone,1,11.0,Credit Card,Male,3.0,3,Mobile Phone,5,Divorced,4,0,17.0,1.0,2.0,3.0,153
0,1.0,Mobile Phone,3,15.0,Debit Card,Male,3.0,3,Laptop & Accessory,4,Divorced,2,0,23.0,1.0,2.0,3.0,174
0,12.0,Mobile Phone,3,14.0,E wallet,Female,3.0,5,Laptop & Accessory,2,Single,2,0,21.0,2.0,2.0,6.0,165
0,3.0,Computer,1,7.0,Debit Card,Male,4.0,6,Mobile Phone,2,Married,3,0,19.0,3.0,3.0,9.0,152
0,22.0,Mobile Phone,3,9.0,E wallet,Male,3.0,3,Laptop & Accessory,4,Divorced,5,0,13.0,3.0,3.0,3.0,206
0,1.0,Computer,3,10.0,Credit Card,Female,4.0,3,Laptop & Accessory,2,Married,3,1,21.0,2.0,2.0,5.0,171
0,11.0,Mobile Phone,1,17.0,Debit Card,Male,4.0,3,Mobile Phone,2,Single,5,0,18.0,2.0,2.0,1.0,172
0,24.0,Mobile Phone,1,35.0,Credit Card,Male,4.0,3,Mobile Phone,3,Divorced,3,1,12.0,4.0,4.0,9.0,157
0,8.0,Mobile Phone,1,16.0,Credit Card,Female,3.0,5,Fashion,4,Single,3,0,15.0,5.0,8.0,4.543490512868683,211
1,1.0,Mobile Phone,3,10.0,Debit Card,Female,4.0,4,Laptop & Accessory,3,Single,11,0,15.0,2.0,3.0,1.0,171
0,13.0,Mobile Phone,1,9.0,COD,Female,4.0,5,Laptop & Accessory,3,Single,3,0,12.0,3.0,12.0,11.0,171
0,6.0,Mobile Phone,3,17.0,E wallet,Male,3.0,4,Laptop & Accessory,2,Single,3,0,13.0,1.0,2.0,9.0,179
1,14.0,Computer,3,15.0,COD,Male,3.0,4,Laptop & Accessory,3,Divorced,5,1,15.0,2.0,2.0,4.0,193
0,12.0,Mobile Phone,1,7.0,Debit Card,Female,3.0,3,Laptop & Accessory,2,Single,2,0,14.0,2.0,2.0,9.0,201
0,1.0,Mobile Phone,1,7.0,Debit Card,Female,4.0,4,Fashion,5,Divorced,3,0,12.0,2.0,2.0,8.0,199
0,6.0,Mobile Phone,1,10.0,Debit Card,Female,3.0,4,Fashion,2,Single,5,0,16.0,4.0,3.0080044676098288,8.0,237
0,21.0,Mobile Phone,3,21.0,E wallet,Male,3.0,4,Laptop & Accessory,5,Single,4,0,13.0,1.0,2.0,8.0,175
0,14.0,Computer,3,12.0,Debit Card,Male,3.0,5,Fashion,5,Divorced,7,1,22.0,1.0,2.0,4.543490512868683,230
0,27.0,Mobile Phone,1,14.0,Debit Card,Male,3.0,3,Grocery,3,Divorced,5,0,20.0,1.7510234462225531,2.0,4.0,273
0,15.0,Mobile Phone,2,17.0,UPI,Male,4.0,5,Others,2,Married,5,0,15.707921714818266,13.0,13.0,7.0,316
0,31.0,Mobile Phone,3,23.0,E wallet,Male,3.0,4,Laptop & Accessory,5,Single,10,0,15.0,2.0,3.0,3.0,179
0,1.0,Computer,1,17.0,Debit Card,Male,3.0,4,Fashion,5,Married,3,0,22.0,2.0,2.0,4.543490512868683,213
0,15.0,Mobile Phone,2,7.0,UPI,Male,3.0,5,Others,3,Divorced,3,0,15.707921714818266,3.0,3.0,11.0,317
0,24.0,Mobile Phone,3,15.0,E wallet,Male,3.0,4,Mobile Phone,4,Divorced,9,0,16.0,2.0,3.0,3.0,164
1,1.0,Phone,1,7.0,Debit Card,Female,4.0,6,Mobile Phone,4,Single,9,1,14.0,2.0,4.0,8.0,147
0,10.0,Computer,1,15.0,Debit Card,Female,4.0,3,Fashion,5,Divorced,11,0,15.0,1.0,3.0080044676098288,6.0,242
0,12.0,Mobile Phone,1,7.0,Debit Card,Female,3.0,4,Fashion,3,Single,6,1,15.0,1.0,2.0,1.0,204
0,18.0,Computer,1,31.0,Credit Card,Male,3.0,6,Mobile Phone,3,Single,4,0,15.0,1.0,2.0,5.0,162
0,21.0,Computer,3,10.0,Credit Card,Female,3.0,4,Grocery,3,Married,11,1,13.0,1.7510234462225531,12.0,14.0,263
0,4.0,Mobile Phone,3,34.0,E wallet,Male,3.0,4,Laptop & Accessory,2,Married,9,0,24.0,5.0,8.0,8.0,178
0,3.0,Mobile Phone,3,17.0,Debit Card,Male,3.0,4,Mobile Phone,3,Single,3,0,12.0,1.0,2.0,1.0,151
1,6.0,Computer,1,26.0,Credit Card,Male,3.0,3,Mobile Phone,3,Married,8,1,13.0,3.0,3.0,3.0,153
0,17.0,Computer,3,22.0,Debit Card,Male,3.0,5,Laptop & Accessory,2,Divorced,5,0,19.0,1.0,3.0,3.0,193
0,8.0,Mobile Phone,1,15.0,Credit Card,Female,4.0,4,Laptop & Accessory,3,Single,5,0,12.0,2.0,5.0,4.0,186
0,1.0,Mobile Phone,1,16.0,Credit Card,Male,3.0,4,Mobile Phone,5,Divorced,3,0,15.0,1.0,2.0,3.0,150
0,13.0,Mobile Phone,2,10.0,UPI,Female,3.0,3,Laptop & Accessory,4,Divorced,11,0,16.0,4.0,4.0,7.0,189
0,30.0,Mobile Phone,1,16.0,Credit Card,Male,3.0,4,Grocery,2,Divorced,9,0,12.0,1.0,3.0080044676098288,2.0,236
0,14.0,Phone,1,9.0,Credit Card,Female,3.0,5,Mobile Phone,2,Single,2,1,21.0,3.0,3.0,4.0,148
0,1.0,Mobile Phone,1,14.0,Credit Card,Female,3.0,5,Laptop & Accessory,5,Single,10,0,20.0,2.0,2.0,8.0,193
0,3.0,Phone,3,17.0,E wallet,Male,3.0,4,Mobile Phone,4,Married,3,0,15.0,1.0,3.0,3.0,148
0,27.0,Phone,1,13.0,Debit Card,Male,3.0,4,Laptop & Accessory,2,Single,4,0,18.0,2.0,3.0,3.0,150
0,9.0,Computer,1,9.0,Debit Card,Female,4.0,4,Laptop & Accessory,5,Married,4,0,12.0,1.0,2.0,1.0,176
0,6.0,Computer,1,31.0,Debit Card,Male,4.0,4,Laptop & Accessory,2,Divorced,3,0,16.0,3.0,5.0,8.0,178
0,12.0,Mobile Phone,1,9.0,Credit Card,Male,4.0,4,Mobile Phone,3,Divorced,8,1,14.0,1.0,2.0,2.0,156
0,8.0,Mobile Phone,1,15.0,Debit Card,Female,3.0,4,Laptop & Accessory,5,Married,5,0,15.0,2.0,2.0,1.0,176
0,26.0,Mobile Phone,3,10.0,E wallet,Male,3.0,5,Grocery,5,Divorced,3,0,15.707921714818266,2.0,2.0,17.0,294
1,1.0,Mobile Phone,1,7.0,UPI,Male,4.0,4,Mobile Phone,2,Single,3,1,14.0,6.0,8.0,9.0,152
0,1.0,Mobile Phone,3,33.0,Credit Card,Female,3.0,4,Laptop & Accessory,2,Single,3,0,24.0,1.0,2.0,5.0,187
0,19.0,Mobile Phone,3,9.0,COD,Male,3.0,6,Laptop & Accessory,3,Single,2,0,14.0,1.0,4.0,2.0,191
0,1.0,Mobile Phone,1,17.0,Credit Card,Male,4.0,3,Mobile Phone,3,Single,3,0,19.0,2.0,2.0,3.0,160
1,11.0,Computer,3,34.0,Debit Card,Female,4.0,2,Laptop & Accessory,3,Single,6,1,13.0,2.0,2.0,4.0,189
0,8.0,Mobile Phone,3,9.0,UPI,Male,3.0,4,Laptop & Accessory,2,Single,3,0,23.0,1.0,2.0,5.0,188
1,19.0,Mobile Phone,1,9.0,Credit Card,Male,4.0,4,Others,5,Divorced,7,1,14.0,2.0,2.0,5.0,324
0,10.0,Computer,3,15.0,Debit Card,Male,4.0,5,Fashion,5,Single,3,0,16.0,1.0,2.0,10.0,201
0,26.0,Computer,1,26.0,Credit Card,Male,3.0,4,Mobile Phone,2,Divorced,2,0,19.0,2.0,2.0,3.0,168
0,1.0,Computer,1,7.0,Debit Card,Female,4.0,6,Mobile Phone,2,Married,5,0,15.0,3.0,3.0,1.0,169
0,3.0,Mobile Phone,1,34.0,Credit Card,Female,4.0,4,Laptop & Accessory,3,Divorced,6,0,13.0,2.0,2.0,2.0,168
1,1.0,Mobile Phone,3,15.0,COD,Male,3.0,5,Laptop & Accessory,5,Single,8,0,18.0,2.0,2.0,3.0,178
0,8.0,Mobile Phone,1,7.0,Debit Card,Female,4.0,2,Mobile Phone,2,Single,4,0,17.0,1.0,2.0,4.0,158
0,28.0,Mobile Phone,1,26.0,Credit Card,Female,4.0,4,Laptop & Accessory,5,Married,11,1,12.0,1.0,2.0,5.0,180
0,3.0,Computer,3,6.0,E wallet,Male,3.0,4,Laptop & Accessory,2,Divorced,2,0,20.0,1.0,2.0,2.0,168
0,11.0,Mobile Phone,1,17.0,Debit Card,Female,3.0,4,Mobile Phone,5,Married,2,1,14.0,4.0,5.0,4.0,153
0,12.0,Computer,1,9.0,Debit Card,Female,4.0,2,Laptop & Accessory,5,Single,8,1,13.0,5.0,5.0,13.0,185
0,8.0,Mobile Phone,1,9.0,Credit Card,Female,3.0,5,Mobile Phone,5,Single,3,0,12.0,2.0,2.0,4.0,169
0,9.0,Mobile Phone,3,15.0,Debit Card,Female,4.0,4,Mobile Phone,2,Divorced,3,0,17.0,1.0,2.0,3.0,151
0,4.0,Mobile Phone,1,7.0,Debit Card,Male,3.0,6,Mobile Phone,3,Divorced,5,0,22.0,2.0,2.0,3.0,163
0,14.0,Computer,1,9.0,Credit Card,Female,3.0,2,Laptop & Accessory,4,Divorced,3,0,25.0,1.0,4.0,8.0,167
0,8.0,Mobile Phone,3,15.0,Debit Card,Female,4.0,4,Laptop & Accessory,5,Divorced,7,0,18.0,2.0,2.0,3.0,190
0,16.0,Computer,1,15.0,Debit Card,Male,4.0,4,Others,2,Married,3,0,15.707921714818266,1.0,15.0,10.0,309
1,1.0,Phone,1,13.0,Debit Card,Male,4.0,2,Mobile Phone,5,Divorced,3,1,22.0,2.0,2.0,1.0,141
0,1.0,Computer,1,16.0,Debit Card,Male,3.0,5,Mobile Phone,4,Married,3,0,12.0,2.0,2.0,1.0,152
0,26.0,Mobile Phone,1,18.0,Debit Card,Female,3.0,4,Laptop & Accessory,3,Divorced,10,0,21.0,2.0,2.0,5.0,156
0,24.0,Mobile Phone,1,9.0,Credit Card,Male,4.0,4,Grocery,3,Divorced,7,0,15.707921714818266,1.0,2.0,4.0,301
1,1.0,Phone,1,7.0,Debit Card,Female,3.0,5,Mobile Phone,5,Divorced,3,1,12.0,1.0,2.0,1.0,148
0,7.0,Mobile Phone,1,14.0,Credit Card,Male,3.0,4,Fashion,3,Divorced,2,0,12.0,1.0,3.0080044676098288,8.0,242
1,1.0,Mobile Phone,3,23.0,E wallet,Female,4.0,4,Laptop & Accessory,5,Single,7,0,16.0,2.0,2.0,3.0,178
0,21.0,Mobile Phone,1,9.0,UPI,Female,3.0,4,Grocery,2,Divorced,3,1,15.707921714818266,4.0,4.0,1.0,293
0,10.0,Mobile Phone,1,7.0,UPI,Female,3.0,4,Laptop & Accessory,4,Divorced,2,0,16.0,1.0,2.0,6.0,177
0,3.0,Mobile Phone,1,30.0,Debit Card,Male,3.0,2,Mobile Phone,3,Divorced,3,0,25.0,2.0,2.0,8.0,152
1,21.0,Mobile Phone,1,9.0,Debit Card,Male,3.0,4,Others,4,Single,9,1,15.707921714818266,6.0,14.0,9.0,317
0,9.0,Mobile Phone,1,7.0,Debit Card,Female,3.0,2,Mobile Phone,3,Single,5,0,14.0,1.0,3.0,3.0,150
0,16.0,Mobile Phone,1,7.0,Debit Card,Female,3.0,5,Laptop & Accessory,2,Divorced,11,1,14.0,1.0,2.0,3.0,186
1,1.0,Mobile Phone,1,9.0,Credit Card,Male,3.0,4,Mobile Phone,3,Single,8,0,18.0,1.0,3.0,2.0,169
0,10.0,Phone,2,20.0,UPI,Male,3.0,4,Mobile Phone,4,Divorced,5,0,14.0,2.0,2.0,5.0,146
0,6.0,Mobile Phone,1,11.0,Debit Card,Female,4.0,5,Laptop & Accessory,3,Divorced,3,0,13.0,2.0,7.0,9.0,187
0,14.0,Computer,1,23.0,Credit Card,Male,3.0,5,Laptop & Accessory,3,Single,8,0,15.0,2.0,2.0,1.0,176
0,4.0,Mobile Phone,1,9.0,Credit Card,Female,3.0,5,Laptop & Accessory,2,Single,7,1,25.0,2.0,2.0,1.0,194
0,19.0,Phone,1,9.0,Debit Card,Female,4.0,5,Mobile Phone,3,Single,3,0,15.0,2.0,2.0,1.0,148
0,16.0,Mobile Phone,1,36.0,Debit Card,Male,4.0,4,Laptop & Accessory,4,Divorced,3,0,14.0,3.0,8.0,9.0,169
0,12.0,Computer,1,19.0,Debit Card,Male,3.0,5,Laptop & Accessory,5,Married,4,0,16.0,2.0,2.0,3.0,188
0,8.0,Computer,1,23.0,Debit Card,Female,4.0,5,Mobile Phone,2,Single,3,0,17.0,2.0,2.0,4.0,151
1,13.0,Mobile Phone,3,18.0,E wallet,Female,3.0,4,Fashion,2,Divorced,3,0,19.0,1.0,8.0,8.0,202
1,19.0,Mobile Phone,3,9.0,Credit Card,Male,3.0,4,Laptop & Accessory,2,Single,6,0,17.0,1.0,8.0,4.0,177
0,17.0,Mobile Phone,1,21.0,Debit Card,Male,4.0,4,Grocery,5,Divorced,8,0,15.707921714818266,2.0,2.0,1.0,297
0,1.0,Mobile Phone,1,12.0,Cash on Delivery,Male,3.0,5,Fashion,2,Married,3,1,17.0,1.0,3.0080044676098288,9.0,253
0,9.0,Mobile Phone,1,14.0,UPI,Male,3.0,4,Fashion,3,Single,5,0,22.0,1.0,2.0,4.543490512868683,227
0,2.0,Mobile Phone,3,9.0,E wallet,Female,3.0,4,Laptop & Accessory,4,Divorced,3,1,21.0,8.0,8.0,6.0,173
0,8.0,Mobile Phone,2,10.0,UPI,Male,3.0,4,Mobile Phone,2,Divorced,2,0,20.0,2.0,2.0,3.0,162
1,1.0,Computer,1,12.0,Credit Card,Female,3.0,5,Mobile Phone,3,Divorced,3,1,15.0,1.0,2.0,8.0,149
0,1.0,Computer,1,10.0,Credit Card,Male,3.0,4,Mobile Phone,2,Divorced,3,0,12.0,2.0,2.0,1.0,142
0,25.0,Mobile Phone,3,33.0,E wallet,Female,4.0,4,Grocery,3,Divorced,4,0,15.0,1.7510234462225531,5.0,18.0,288
0,18.0,Mobile Phone,1,11.0,Credit Card,Male,3.0,4,Laptop & Accessory,4,Single,11,0,13.0,2.0,3.0,4.0,184
0,1.0,Mobile Phone,1,9.0,Credit Card,Male,4.0,2,Mobile Phone,5,Single,9,0,14.0,2.0,2.0,2.0,159
0,7.0,Mobile Phone,3,7.0,Credit Card,Male,3.0,2,Laptop & Accessory,5,Married,3,0,23.0,1.0,2.0,9.0,165
0,9.0,Mobile Phone,1,34.0,Credit Card,Female,3.0,5,Mobile Phone,5,Single,3,0,12.0,2.0,2.0,2.0,151
0,10.0,Mobile Phone,3,7.0,Debit Card,Male,3.0,4,Laptop & Accessory,2,Divorced,3,1,15.0,3.0,5.0,12.0,187
0,6.0,Mobile Phone,3,20.0,Debit Card,Male,4.0,4,Laptop & Accessory,2,Married,4,0,12.0,1.0,2.0,4.0,169
0,4.0,Computer,1,12.0,Debit Card,Male,4.0,5,Mobile Phone,2,Married,11,0,13.0,1.0,2.0,4.0,163
0,27.0,Mobile Phone,3,14.0,E wallet,Female,4.0,5,Fashion,2,Divorced,9,1,19.0,1.0,3.0080044676098288,5.0,234
0,19.0,Mobile Phone,3,16.0,E wallet,Male,4.0,4,Fashion,5,Married,6,1,13.0,2.0,3.0080044676098288,3.0,233
0,6.0,Mobile Phone,1,15.0,Credit Card,Female,4.0,2,Laptop & Accessory,3,Divorced,7,0,13.0,2.0,2.0,4.0,177
0,26.0,Computer,1,32.0,Credit Card,Female,3.0,5,Grocery,2,Divorced,5,0,23.0,1.7510234462225531,2.0,1.0,263
0,11.0,Mobile Phone,3,23.0,E wallet,Male,4.0,5,Laptop & Accessory,3,Married,6,0,20.0,2.0,2.0,1.0,188
0,2.0,Mobile Phone,2,15.0,Credit Card,Male,4.0,5,Mobile Phone,2,Married,3,0,14.0,1.0,2.0,5.0,174
0,1.0,Mobile Phone,1,7.0,Debit Card,Male,3.0,5,Laptop & Accessory,2,Divorced,8,0,23.0,3.0,3.0,3.0,173
0,18.0,Mobile Phone,1,15.0,Debit Card,Male,4.0,2,Mobile Phone,2,Divorced,4,1,25.0,2.0,2.0,3.0,153
0,16.0,Computer,1,9.0,Credit Card,Male,3.0,4,Mobile Phone,2,Single,7,1,15.0,1.0,3.0,3.0,150
0,10.0,Phone,2,15.0,Debit Card,Male,4.0,5,Mobile Phone,5,Divorced,2,0,22.0,2.0,2.0,4.0,148
0,1.0,Mobile Phone,3,10.0,UPI,Male,4.0,4,Laptop & Accessory,5,Divorced,3,1,19.0,2.0,2.0,4.0,167
0,9.0,Mobile Phone,1,16.0,Debit Card,Female,4.0,5,Fashion,3,Divorced,3,1,21.0,3.0,3.0080044676098288,16.0,232
1,1.0,Computer,1,32.0,Debit Card,Female,4.0,4,Mobile Phone,4,Married,3,1,20.0,1.0,8.0,9.0,145
0,6.0,Computer,1,7.0,Debit Card,Male,4.0,4,Mobile Phone,2,Married,2,0,13.0,1.0,2.0,3.0,148
0,1.0,Mobile Phone,3,11.0,E wallet,Male,3.0,5,Laptop & Accessory,5,Divorced,3,0,13.0,2.0,2.0,4.0,168
0,23.0,Mobile Phone,1,7.0,COD,Female,3.0,4,Mobile Phone,5,Divorced,4,0,17.0,2.0,2.0,3.0,161
0,1.0,Computer,1,11.0,Debit Card,Male,3.0,5,Mobile Phone,2,Divorced,2,0,18.0,1.0,4.0,5.0,157
0,6.0,Computer,3,12.0,Debit Card,Male,3.0,4,Laptop & Accessory,4,Divorced,3,0,15.0,3.0,6.0,4.0,190
0,12.0,Mobile Phone,3,16.0,E wallet,Male,4.0,5,Mobile Phone,4,Divorced,2,0,20.0,1.0,2.0,3.0,154
0,16.0,Mobile Phone,1,10.0,Debit Card,Female,4.0,2,Laptop & Accessory,2,Divorced,4,1,14.0,1.0,2.0,4.0,177
0,5.0,Phone,1,18.0,Debit Card,Male,3.0,4,Mobile Phone,2,Divorced,5,1,20.0,2.0,2.0,3.0,149
1,1.0,Mobile Phone,3,7.0,Credit Card,Female,3.0,5,Mobile Phone,3,Married,8,1,20.0,1.0,2.0,3.0,153
0,27.0,Mobile Phone,3,15.0,E wallet,Male,4.0,4,Grocery,2,Divorced,7,0,15.0,1.0,3.0080044676098288,3.0,243
0,9.0,Mobile Phone,1,32.0,Cash on Delivery,Male,4.0,5,Fashion,4,Divorced,5,0,17.0,4.0,3.0080044676098288,9.0,234
0,11.0,Computer,3,28.0,Credit Card,Female,3.0,4,Mobile Phone,2,Divorced,7,0,16.0,2.0,2.0,1.0,155
0,27.0,Mobile Phone,1,30.0,Debit Card,Female,4.0,4,Grocery,2,Single,8,0,19.0,1.7510234462225531,4.0,9.0,268
0,17.0,Computer,1,7.0,Debit Card,Female,3.0,4,Laptop & Accessory,2,Divorced,6,0,14.0,2.0,3.0,3.0,181
0,21.0,Mobile Phone,3,9.0,E wallet,Female,3.0,4,Laptop & Accessory,2,Divorced,2,1,23.0,6.0,8.0,8.0,170
0,11.0,Computer,3,26.0,Credit Card,Male,3.0,4,Fashion,4,Single,3,1,14.0,1.0,2.0,10.0,201
0,24.0,Computer,1,9.0,Debit Card,Male,4.0,4,Grocery,5,Married,3,0,15.707921714818266,14.0,15.0,8.0,304
0,13.0,Mobile Phone,2,9.0,Debit Card,Female,3.0,5,Laptop & Accessory,2,Divorced,10,0,12.0,1.0,2.0,5.0,177
0,7.0,Phone,2,10.0,UPI,Male,3.0,4,Mobile Phone,4,Married,5,1,12.0,1.0,2.0,4.0,148
1,1.0,Mobile Phone,1,32.0,Debit Card,Male,3.0,4,Mobile Phone,2,Single,3,1,25.0,2.0,2.0,2.0,153
0,3.0,Mobile Phone,1,14.0,Credit Card,Female,4.0,5,Mobile Phone,2,Married,8,0,15.0,2.0,2.0,4.0,150
0,18.0,Mobile Phone,1,16.0,Debit Card,Male,4.0,4,Mobile Phone,5,Divorced,3,1,14.0,3.0,8.0,2.0,151
0,2.0,Mobile Phone,3,12.0,Credit Card,Male,4.0,4,Laptop & Accessory,2,Single,3,0,15.0,2.0,2.0,3.0,174
1,21.0,Computer,1,9.0,Debit Card,Male,3.0,5,Mobile Phone,2,Married,11,1,15.0,1.0,2.0,1.0,149
0,17.0,Mobile Phone,1,15.0,Debit Card,Female,3.0,4,Laptop & Accessory,4,Married,6,0,22.0,2.0,2.0,1.0,173
1,1.0,Phone,3,9.0,Credit Card,Female,3.0,5,Mobile Phone,3,Single,3,0,14.0,1.0,2.0,3.0,145
1,1.0,Mobile Phone,1,25.0,UPI,Female,4.0,4,Mobile Phone,2,Single,3,0,20.0,2.0,2.0,1.0,152
0,10.0,Mobile Phone,1,21.0,Debit Card,Male,4.0,4,Laptop & Accessory,2,Divorced,2,1,18.0,5.0,5.0,12.0,191
0,21.0,Mobile Phone,3,9.0,Debit Card,Female,4.0,5,Mobile Phone,2,Single,3,1,19.0,2.0,2.0,3.0,158
1,1.0,Mobile Phone,1,10.0,Debit Card,Female,3.0,4,Laptop & Accessory,3,Divorced,2,1,20.0,2.0,2.0,3.0,167
1,5.0,Mobile Phone,1,9.0,Debit Card,Female,3.0,6,Mobile Phone,2,Married,6,1,14.0,1.0,2.0,1.0,153
0,2.0,Phone,1,16.0,Credit Card,Female,4.0,4,Mobile Phone,3,Married,7,0,19.0,3.0,3.0,3.0,149
1,3.0,Phone,1,13.0,Credit Card,Male,4.0,4,Mobile Phone,5,Divorced,9,1,22.0,2.0,3.0,3.0,149
0,1.0,Phone,1,11.0,Debit Card,Female,4.0,4,Mobile Phone,3,Single,3,0,20.0,2.0,2.0,1.0,148
0,8.0,Phone,1,17.0,Debit Card,Male,3.0,4,Mobile Phone,4,Married,3,0,15.0,2.0,2.0,1.0,145
0,16.0,Mobile Phone,3,21.0,Credit Card,Female,4.0,5,Laptop & Accessory,3,Single,9,0,18.0,1.0,2.0,4.0,187
0,7.0,Mobile Phone,1,7.0,UPI,Male,4.0,5,Mobile Phone,5,Single,5,1,12.0,1.0,2.0,3.0,153
0,31.0,Mobile Phone,1,12.0,Cash on Delivery,Female,3.0,5,Fashion,4,Married,4,1,14.0,2.0,2.0,4.543490512868683,231
0,5.0,Phone,3,14.0,Debit Card,Male,3.0,5,Mobile Phone,3,Divorced,5,0,16.0,4.0,6.0,3.0,148
0,9.0,Mobile Phone,1,28.0,Debit Card,Female,3.0,4,Laptop & Accessory,2,Divorced,3,1,26.0,1.0,2.0,8.0,165
0,23.0,Mobile Phone,1,15.0,UPI,Female,3.0,4,Fashion,4,Divorced,6,0,12.0,1.0,2.0,8.0,199
0,22.0,Phone,1,27.0,Credit Card,Male,3.0,4,Mobile Phone,3,Divorced,6,0,18.0,1.0,2.0,1.0,148
0,5.0,Computer,3,27.0,E wallet,Female,3.0,4,Laptop & Accessory,3,Divorced,3,0,14.0,2.0,2.0,1.0,194
0,10.0,Mobile Phone,1,14.0,UPI,Male,4.0,4,Mobile Phone,2,Single,4,0,19.0,1.0,2.0,2.0,172
0,12.0,Mobile Phone,1,7.0,Cash on Delivery,Female,4.0,4,Fashion,5,Divorced,3,0,14.0,4.0,6.0,12.0,261
0,6.0,Computer,1,7.0,Debit Card,Female,4.0,5,Mobile Phone,4,Divorced,8,0,21.0,2.0,2.0,3.0,148
1,1.0,Phone,3,26.0,E wallet,Male,3.0,5,Mobile Phone,4,Divorced,3,1,19.0,1.0,2.0,1.0,149
0,14.0,Mobile Phone,3,17.0,E wallet,Male,4.0,5,Fashion,4,Married,4,0,13.0,2.0,2.0,4.543490512868683,222
0,1.0,Computer,3,7.0,Credit Card,Male,3.0,5,Laptop & Accessory,5,Single,3,0,13.0,2.0,2.0,8.0,168
0,15.0,Mobile Phone,1,13.0,Credit Card,Male,3.0,4,Mobile Phone,5,Single,4,1,14.0,2.0,3.0,18.0,172
0,10.0,Mobile Phone,1,9.0,Credit Card,Male,4.0,4,Mobile Phone,3,Single,6,0,22.0,3.0,4.0,10.0,150
1,1.0,Phone,3,28.0,UPI,Male,3.0,5,Mobile Phone,4,Single,3,1,14.0,1.0,2.0,1.0,146
1,1.0,Mobile Phone,1,11.0,COD,Male,3.0,4,Mobile Phone,5,Single,3,0,20.0,2.0,2.0,1.0,155
0,5.0,Mobile Phone,1,19.0,Credit Card,Female,3.0,4,Laptop & Accessory,2,Divorced,2,1,12.0,1.0,9.0,6.0,184
0,14.0,Computer,1,16.0,Credit Card,Male,3.0,4,Mobile Phone,4,Married,10,1,15.0,1.0,2.0,1.0,161
0,6.0,Mobile Phone,1,10.0,Credit Card,Female,4.0,4,Laptop & Accessory,5,Divorced,3,0,13.0,7.0,7.0,4.0,192
1,1.0,Mobile Phone,3,10.0,Debit Card,Male,3.0,5,Fashion,2,Divorced,3,1,12.0,4.0,4.0,4.543490512868683,228
0,7.0,Mobile Phone,1,7.0,Debit Card,Female,3.0,5,Laptop & Accessory,2,Single,2,0,15.0,1.0,2.0,5.0,194
1,1.0,Mobile Phone,3,7.0,Debit Card,Male,3.0,5,Fashion,3,Divorced,7,0,12.0,2.0,12.0,4.543490512868683,231
0,19.0,Computer,1,11.0,Debit Card,Male,3.0,4,Laptop & Accessory,4,Divorced,3,0,13.0,2.0,2.0,9.0,169
0,3.0,Computer,3,27.0,COD,Female,3.0,4,Mobile Phone,2,Divorced,3,0,16.0,1.0,2.0,3.0,147
0,9.0,Mobile Phone,3,25.0,Credit Card,Female,3.0,4,Laptop & Accessory,3,Divorced,3,0,17.0,2.0,2.0,1.0,171
0,26.0,Mobile Phone,1,7.0,Debit Card,Male,4.0,4,Grocery,2,Divorced,4,0,15.707921714818266,8.0,8.0,9.0,296
1,21.0,Mobile Phone,1,9.0,COD,Male,3.0,4,Mobile Phone,3,Single,6,0,25.0,2.0,2.0,1.0,150
0,27.0,Mobile Phone,3,9.0,Credit Card,Male,3.0,4,Grocery,3,Married,8,0,14.0,1.7510234462225531,16.0,3.0,274
0,4.0,Mobile Phone,3,15.0,UPI,Male,4.0,4,Fashion,3,Married,7,0,12.0,5.0,8.0,8.0,198
0,12.0,Computer,3,17.0,COD,Female,3.0,4,Laptop & Accessory,2,Single,3,1,14.0,1.0,2.0,4.0,182
0,9.0,Mobile Phone,3,10.0,Debit Card,Male,4.0,4,Fashion,2,Married,8,0,14.0,1.0,2.0,9.0,203
0,13.0,Mobile Phone,3,9.0,Debit Card,Male,3.0,2,Fashion,3,Single,2,0,19.0,2.0,2.0,8.0,204
1,4.0,Computer,3,31.0,Debit Card,Female,4.0,2,Grocery,4,Single,6,1,17.0,2.0,3.0080044676098288,1.0,257
0,21.0,Computer,1,23.0,Credit Card,Male,4.0,2,Laptop & Accessory,3,Married,3,1,20.0,1.0,3.0,8.0,176
0,10.0,Computer,3,15.0,COD,Male,3.0,4,Laptop & Accessory,2,Married,6,0,14.0,2.0,2.0,8.0,176
1,1.0,Computer,1,16.0,Credit Card,Male,3.0,5,Mobile Phone,5,Single,2,1,23.0,2.0,2.0,3.0,148
0,7.0,Computer,3,24.0,Debit Card,Male,3.0,4,Grocery,3,Single,3,0,15.707921714818266,6.0,7.0,1.0,299
1,1.0,Phone,1,17.0,Debit Card,Female,4.0,5,Mobile Phone,5,Single,8,1,21.0,2.0,2.0,1.0,149
0,7.0,Mobile Phone,1,20.0,Debit Card,Female,3.0,4,Mobile Phone,2,Single,5,0,19.0,2.0,2.0,3.0,160
0,19.0,Phone,1,7.0,Credit Card,Female,4.0,4,Mobile Phone,2,Married,5,0,15.0,1.0,2.0,3.0,148
0,24.0,Mobile Phone,1,7.0,Credit Card,Male,4.0,4,Grocery,2,Married,11,0,15.707921714818266,1.0,2.0,4.0,299
0,7.0,Computer,1,7.0,UPI,Female,3.0,2,Laptop & Accessory,4,Divorced,3,1,14.0,1.0,2.0,3.0,180
0,15.0,Computer,1,16.0,Credit Card,Male,4.0,4,Others,3,Married,4,0,15.707921714818266,2.0,2.0,12.0,319
0,1.0,Mobile Phone,1,23.0,COD,Female,3.0,4,Mobile Phone,4,Divorced,11,0,15.0,3.0,3.0,3.0,153
0,19.0,Computer,1,30.0,Debit Card,Male,3.0,4,Laptop & Accessory,5,Divorced,3,1,16.0,2.0,2.0,9.0,161
0,21.0,Mobile Phone,3,11.0,Debit Card,Female,3.0,4,Laptop & Accessory,2,Single,3,1,18.0,2.0,2.0,8.0,167
1,1.0,Phone,1,29.0,Debit Card,Female,3.0,4,Mobile Phone,3,Divorced,6,1,12.0,1.0,2.0,2.0,146
0,24.0,Mobile Phone,1,31.0,Debit Card,Male,4.0,4,Grocery,3,Divorced,5,1,19.0,1.7510234462225531,2.0,6.0,265
0,12.0,Computer,1,17.0,Credit Card,Male,4.0,4,Mobile Phone,3,Divorced,2,0,18.0,1.0,2.0,3.0,152
0,20.0,Mobile Phone,1,14.0,Credit Card,Male,4.0,4,Fashion,3,Married,8,0,14.0,1.0,3.0080044676098288,8.0,233
0,1.0,Mobile Phone,1,24.0,Credit Card,Female,3.0,5,Laptop & Accessory,3,Married,3,0,16.0,3.0,4.0,3.0,169
1,1.0,Mobile Phone,1,21.0,UPI,Male,3.0,5,Mobile Phone,4,Married,3,1,25.0,2.0,2.0,3.0,162
0,5.0,Computer,1,7.0,Debit Card,Female,4.0,4,Laptop & Accessory,5,Divorced,3,0,13.0,2.0,2.0,4.0,166
0,1.0,Computer,1,12.0,Debit Card,Male,4.0,4,Mobile,2,Single,3,0,16.0,2.0,2.0,1.0,136
0,28.0,Mobile Phone,1,24.0,Cash on Delivery,Female,3.0,4,Fashion,3,Divorced,10,0,12.0,2.0,3.0080044676098288,9.0,232
0,9.0,Mobile Phone,1,32.0,Credit Card,Female,3.0,4,Fashion,3,Married,3,1,12.0,3.0,11.0,4.543490512868683,229
0,4.0,Mobile Phone,1,15.0,Debit Card,Female,4.0,2,Fashion,5,Divorced,2,1,13.0,1.0,3.0080044676098288,8.0,239
1,1.0,Mobile Phone,1,18.0,Credit Card,Female,4.0,5,Mobile Phone,5,Single,3,1,16.0,1.0,2.0,1.0,151
1,1.0,Computer,1,12.0,Credit Card,Female,3.0,4,Mobile Phone,4,Single,2,0,18.0,1.0,2.0,3.0,149
0,1.0,Mobile Phone,1,9.0,Credit Card,Male,3.0,2,Laptop & Accessory,2,Divorced,3,0,13.0,2.0,2.0,4.0,180
0,1.0,Phone,1,15.0,Debit Card,Male,4.0,6,Mobile Phone,5,Divorced,3,0,16.0,2.0,2.0,2.0,150
0,22.0,Mobile Phone,1,13.0,Debit Card,Male,4.0,5,Laptop & Accessory,3,Single,4,0,14.0,1.0,3.0,3.0,167
0,22.0,Mobile Phone,1,11.0,Debit Card,Male,4.0,5,Fashion,3,Single,9,0,15.0,2.0,3.0080044676098288,9.0,235
0,15.0,Mobile Phone,1,14.0,Credit Card,Female,3.0,4,Laptop & Accessory,3,Single,8,0,15.0,2.0,3.0,2.0,175
0,13.0,Mobile Phone,1,7.0,Debit Card,Female,4.0,5,Grocery,2,Divorced,3,0,17.0,1.0,3.0080044676098288,9.0,252
0,1.0,Mobile Phone,1,9.0,Debit Card,Female,3.0,4,Laptop & Accessory,2,Divorced,2,0,19.0,1.0,3.0,3.0,167
0,9.0,Mobile Phone,1,17.0,UPI,Male,3.0,4,Mobile Phone,2,Married,3,0,21.0,2.0,2.0,3.0,164
0,16.0,Mobile Phone,3,12.0,E wallet,Male,3.0,4,Others,3,Divorced,8,0,15.707921714818266,1.0,2.0,1.0,308
0,24.0,Phone,1,16.0,Debit Card,Male,4.0,4,Mobile Phone,2,Divorced,6,0,19.0,2.0,2.0,1.0,149
0,31.0,Mobile Phone,1,9.0,Debit Card,Female,4.0,5,Grocery,2,Single,5,1,14.0,1.7510234462225531,5.0,4.0,262
1,1.0,Mobile Phone,1,18.0,Credit Card,Female,4.0,6,Laptop & Accessory,4,Divorced,7,0,16.0,2.0,2.0,1.0,173
0,29.0,Computer,1,25.0,Credit Card,Male,4.0,4,Laptop & Accessory,4,Divorced,5,1,15.0,7.0,7.0,8.0,189
0,15.0,Computer,1,14.0,Debit Card,Female,3.0,6,Others,3,Married,3,0,23.0,2.0,6.0,11.0,325
0,12.0,Mobile Phone,3,10.0,Debit Card,Male,3.0,4,Laptop & Accessory,2,Single,10,1,13.0,2.0,2.0,1.0,194
1,1.0,Computer,3,36.0,Credit Card,Male,4.0,6,Laptop & Accessory,5,Single,10,0,19.0,1.0,3.0,3.0,175
1,16.0,Mobile Phone,3,9.0,E wallet,Female,3.0,6,Others,2,Divorced,3,0,16.0,6.0,7.0,10.0,323
0,18.0,Mobile Phone,3,35.0,Credit Card,Female,3.0,2,Grocery,2,Divorced,5,1,19.0,2.0,3.0080044676098288,12.0,258
0,24.0,Computer,3,7.0,Debit Card,Female,4.0,4,Laptop & Accessory,3,Divorced,2,0,13.0,2.0,2.0,14.0,188
1,1.0,Mobile Phone,1,23.0,Debit Card,Female,3.0,2,Mobile Phone,5,Single,3,0,17.0,16.0,16.0,15.0,152
0,13.0,Computer,1,29.0,Credit Card,Female,3.0,4,Fashion,5,Single,3,1,14.0,2.0,3.0080044676098288,9.0,234
0,7.0,Computer,3,15.0,Debit Card,Female,3.0,5,Mobile Phone,2,Single,2,0,20.0,3.0,3.0,3.0,148
0,19.0,Mobile Phone,3,18.0,Debit Card,Female,3.0,4,Grocery,2,Divorced,5,0,15.707921714818266,2.0,2.0,2.0,302
0,6.0,Computer,1,36.0,Credit Card,Female,4.0,4,Mobile Phone,3,Single,11,0,13.0,6.0,8.0,8.0,165
0,8.0,Mobile Phone,3,7.0,E wallet,Male,4.0,2,Laptop & Accessory,2,Married,2,0,12.0,2.0,2.0,4.543490512868683,222
0,31.0,Mobile Phone,3,7.0,Cash on Delivery,Male,4.0,4,Fashion,2,Divorced,5,1,15.0,1.0,3.0080044676098288,5.0,244
0,19.0,Phone,2,31.0,Credit Card,Male,3.0,4,Mobile Phone,4,Single,3,0,17.0,1.0,2.0,5.0,147
0,27.0,Computer,3,9.0,E wallet,Female,3.0,5,Fashion,4,Divorced,4,0,13.0,1.0,7.0,13.0,200
1,1.0,Mobile Phone,1,22.0,UPI,Male,3.0,4,Laptop & Accessory,3,Married,9,0,15.0,1.0,2.0,1.0,173
1,1.0,Computer,1,9.0,Debit Card,Male,3.0,4,Mobile Phone,5,Divorced,8,1,15.0,2.0,2.0,3.0,145
0,8.0,Phone,3,17.0,Debit Card,Female,3.0,4,Mobile Phone,3,Divorced,3,1,20.0,1.0,2.0,1.0,147
0,2.0,Phone,3,17.0,Credit Card,Male,4.0,4,Mobile Phone,4,Divorced,3,0,23.0,2.0,2.0,1.0,136
0,12.0,Computer,1,10.0,UPI,Male,3.0,4,Mobile Phone,3,Divorced,5,0,17.0,3.0,3.0,3.0,153
0,24.0,Mobile Phone,1,9.0,Credit Card,Male,4.0,4,Others,3,Divorced,4,1,15.707921714818266,8.0,8.0,8.0,317
0,11.0,Mobile Phone,1,10.0,UPI,Female,3.0,4,Laptop & Accessory,4,Single,5,0,16.0,2.0,2.0,2.0,166
0,14.0,Mobile Phone,3,33.0,E wallet,Male,4.0,4,Laptop & Accessory,5,Divorced,3,0,15.0,6.0,8.0,6.0,209
0,1.0,Computer,1,7.0,Credit Card,Female,4.0,5,Mobile Phone,3,Married,3,0,14.0,2.0,2.0,4.0,145
0,20.0,Mobile Phone,1,7.0,Credit Card,Male,3.0,4,Others,2,Married,11,0,15.707921714818266,2.0,3.0,3.0,321
0,28.0,Mobile Phone,3,9.0,Debit Card,Female,3.0,5,Fashion,3,Divorced,8,0,12.0,7.0,3.0080044676098288,1.0,232
0,30.0,Computer,1,16.0,Credit Card,Female,4.0,4,Mobile Phone,3,Divorced,4,0,20.0,1.0,2.0,4.0,154
0,10.0,Mobile Phone,1,19.0,Credit Card,Female,3.0,5,Fashion,2,Single,2,0,12.0,6.0,8.0,4.543490512868683,214
0,29.0,Computer,1,9.0,Credit Card,Male,3.0,5,Grocery,5,Single,9,0,15.707921714818266,4.0,7.0,3.0,293
0,17.0,Mobile Phone,3,32.0,Credit Card,Male,4.0,5,Fashion,2,Married,7,0,14.0,2.0,3.0080044676098288,1.0,259
1,1.0,Computer,3,16.0,E wallet,Female,3.0,4,Mobile Phone,2,Single,3,1,15.0,1.0,2.0,3.0,148
1,1.0,Phone,1,17.0,Debit Card,Female,3.0,5,Mobile Phone,5,Single,3,0,14.0,2.0,2.0,1.0,139
0,20.0,Mobile Phone,1,15.0,Debit Card,Female,4.0,5,Laptop & Accessory,5,Married,10,1,24.0,2.0,2.0,8.0,171
1,15.0,Mobile Phone,1,11.0,Debit Card,Male,3.0,4,Mobile Phone,3,Divorced,11,1,13.0,2.0,3.0,8.0,150
1,1.0,Computer,1,31.0,Cash on Delivery,Male,4.0,5,Fashion,5,Single,3,0,13.0,1.0,2.0,4.543490512868683,212
0,1.0,Mobile Phone,1,7.0,Credit Card,Male,3.0,5,Mobile Phone,5,Divorced,3,0,17.0,1.0,2.0,4.0,165
0,4.0,Mobile Phone,1,27.0,UPI,Male,3.0,4,Laptop & Accessory,5,Divorced,2,0,16.0,2.0,2.0,4.543490512868683,225
0,15.0,Mobile Phone,1,14.0,COD,Female,3.0,2,Mobile Phone,3,Divorced,3,0,14.0,2.0,2.0,9.0,159
0,12.0,Mobile Phone,1,24.0,Debit Card,Female,4.0,5,Fashion,3,Divorced,2,0,19.0,1.0,2.0,4.543490512868683,213
0,14.0,Mobile Phone,1,27.0,Cash on Delivery,Male,4.0,4,Fashion,2,Divorced,6,0,21.0,5.0,12.0,4.543490512868683,228
0,1.0,Computer,1,15.0,Debit Card,Male,3.0,6,Mobile Phone,3,Divorced,3,0,20.0,2.0,2.0,3.0,171
0,29.0,Computer,1,9.0,Debit Card,Male,4.0,4,Fashion,4,Divorced,5,0,19.0,2.0,3.0080044676098288,3.0,235
0,2.0,Mobile Phone,1,17.0,UPI,Female,3.0,4,Laptop & Accessory,3,Single,5,0,14.0,2.0,2.0,8.0,162
1,8.0,Mobile Phone,2,7.0,Credit Card,Male,4.0,5,Fashion,5,Divorced,11,0,15.0,3.0,4.0,4.543490512868683,230
0,7.0,Mobile Phone,1,12.0,Debit Card,Male,3.0,5,Fashion,2,Married,6,0,16.0,1.0,2.0,3.0,196
1,1.0,Mobile Phone,3,11.0,Cash on Delivery,Male,3.0,4,Fashion,5,Single,2,1,23.0,4.0,5.0,4.543490512868683,221
1,1.0,Computer,1,36.0,Credit Card,Female,3.0,5,Laptop & Accessory,3,Single,3,0,23.0,4.0,4.0,9.0,170
0,2.0,Phone,1,22.0,Debit Card,Male,3.0,4,Mobile Phone,3,Married,3,0,17.0,3.0,3.0,3.0,147
0,8.0,Computer,1,10.0,Debit Card,Male,3.0,4,Laptop & Accessory,2,Single,2,0,18.0,2.0,2.0,5.0,203
0,11.0,Mobile Phone,3,17.0,Debit Card,Female,3.0,5,Laptop & Accessory,2,Married,4,1,15.0,1.0,2.0,1.0,192
1,1.0,Mobile Phone,1,11.0,COD,Male,3.0,4,Mobile Phone,2,Divorced,3,1,16.0,6.0,6.0,7.0,162
1,1.0,Phone,1,28.0,Credit Card,Male,3.0,4,Mobile Phone,3,Married,3,0,21.0,2.0,2.0,1.0,149
1,1.0,Phone,1,32.0,Credit Card,Male,3.0,5,Mobile Phone,4,Single,6,1,21.0,1.0,3.0,3.0,148
0,16.0,Mobile Phone,1,9.0,Credit Card,Male,3.0,4,Grocery,5,Divorced,2,0,15.707921714818266,6.0,14.0,8.0,302
1,1.0,Computer,1,5.0,Credit Card,Male,3.0,5,Mobile Phone,4,Married,3,0,16.0,1.0,2.0,1.0,151
1,14.0,Computer,3,7.0,UPI,Male,3.0,4,Laptop & Accessory,3,Single,5,1,15.0,1.0,2.0,1.0,172
0,7.0,Computer,3,14.0,Debit Card,Female,2.0,4,Laptop & Accessory,4,Divorced,2,0,18.0,2.0,2.0,3.0,168
0,8.0,Computer,1,10.0,Debit Card,Male,3.0,5,Mobile Phone,2,Divorced,5,0,18.0,2.0,2.0,1.0,155
0,22.0,Computer,1,7.0,Credit Card,Male,3.0,2,Grocery,2,Single,4,0,15.707921714818266,1.0,3.0,2.0,294
0,19.0,Computer,3,16.0,Debit Card,Female,4.0,5,Laptop & Accessory,3,Divorced,3,0,14.0,1.0,5.0,13.0,181
0,26.0,Mobile Phone,1,14.0,Debit Card,Male,3.0,4,Fashion,4,Single,9,0,20.0,4.0,5.0,4.543490512868683,229
0,12.0,Mobile Phone,3,17.0,E wallet,Male,4.0,5,Fashion,3,Married,2,1,15.0,3.0,3.0,4.543490512868683,212
0,3.0,Mobile Phone,1,35.0,Debit Card,Female,4.0,4,Mobile Phone,2,Married,6,0,23.0,1.0,2.0,8.0,150
0,2.0,Mobile Phone,1,10.0,Credit Card,Female,4.0,4,Fashion,4,Married,2,0,18.0,1.0,2.0,8.0,202
0,20.0,Mobile Phone,3,10.0,E wallet,Male,3.0,4,Grocery,3,Divorced,5,0,15.707921714818266,2.0,5.0,10.0,300
0,12.0,Mobile Phone,3,9.0,E wallet,Male,3.0,4,Fashion,4,Single,9,0,17.0,2.0,2.0,1.0,199
0,17.0,Computer,1,34.0,Debit Card,Female,3.0,4,Fashion,5,Divorced,10,0,12.0,1.0,3.0080044676098288,2.0,233
1,3.0,Computer,1,9.0,Debit Card,Male,3.0,4,Grocery,2,Married,9,0,12.0,8.0,3.0080044676098288,6.0,247
0,14.0,Mobile Phone,1,21.0,Credit Card,Male,3.0,5,Others,3,Single,3,0,15.707921714818266,5.0,5.0,10.0,321
0,1.0,Phone,1,7.0,COD,Female,4.0,5,Mobile Phone,4,Single,3,1,12.0,1.0,3.0,3.0,146
0,13.0,Computer,1,16.0,Debit Card,Male,4.0,4,Laptop & Accessory,4,Single,22,0,16.0,2.0,2.0,4.0,193
0,10.0,Computer,1,25.0,Debit Card,Male,4.0,4,Laptop & Accessory,2,Single,4,0,21.0,2.0,2.0,10.0,203
0,5.0,Computer,3,27.0,Debit Card,Male,4.0,2,Mobile Phone,2,Divorced,2,0,13.0,2.0,3.0,3.0,153
0,2.0,Mobile Phone,1,9.0,Debit Card,Male,4.0,5,Mobile Phone,4,Divorced,2,0,18.0,1.0,2.0,5.0,157
0,9.0,Computer,3,18.0,E wallet,Male,3.0,4,Laptop & Accessory,2,Married,3,0,12.0,1.0,2.0,3.0,175
0,23.0,Mobile Phone,3,15.0,Cash on Delivery,Male,3.0,5,Grocery,4,Divorced,8,0,18.0,2.0,3.0080044676098288,4.0,256
0,8.0,Computer,1,9.0,Debit Card,Male,4.0,4,Laptop & Accessory,3,Single,4,0,12.0,2.0,2.0,3.0,165
0,3.0,Computer,1,17.0,Debit Card,Female,4.0,4,Mobile Phone,4,Married,2,0,15.0,2.0,2.0,2.0,158
0,16.0,Mobile Phone,1,36.0,Credit Card,Male,3.0,6,Laptop & Accessory,2,Single,6,0,20.0,2.0,2.0,1.0,168
0,3.0,Mobile Phone,1,15.0,Credit Card,Male,4.0,5,Laptop & Accessory,2,Divorced,3,1,14.0,1.0,2.0,3.0,176
0,12.0,Mobile Phone,2,7.0,UPI,Male,3.0,2,Mobile Phone,3,Divorced,3,0,14.0,2.0,6.0,1.0,153
0,5.0,Computer,1,13.0,Debit Card,Male,3.0,5,Mobile Phone,3,Married,3,1,15.0,2.0,2.0,3.0,152
1,1.0,Computer,1,15.0,Credit Card,Male,4.0,4,Mobile Phone,3,Single,3,0,13.0,1.0,2.0,1.0,144
1,1.0,Mobile Phone,3,16.0,E wallet,Female,4.0,4,Laptop & Accessory,5,Single,2,1,18.0,1.0,2.0,4.0,207
0,15.0,Mobile Phone,1,19.0,Debit Card,Male,3.0,4,Mobile Phone,2,Divorced,5,1,12.0,2.0,2.0,1.0,173
1,1.0,Computer,1,22.0,Credit Card,Male,4.0,4,Mobile Phone,3,Divorced,3,0,13.0,3.0,3.0,3.0,151
0,11.0,Mobile Phone,1,32.0,Credit Card,Female,3.0,5,Laptop & Accessory,2,Married,9,0,14.0,1.0,2.0,4.0,182
0,1.0,Mobile Phone,1,13.0,Debit Card,Male,3.0,5,Mobile Phone,3,Divorced,3,0,14.0,3.0,3.0,3.0,150
0,8.0,Mobile Phone,3,16.0,Debit Card,Female,4.0,4,Laptop & Accessory,3,Divorced,3,0,21.0,2.0,2.0,4.0,182
0,9.0,Mobile Phone,2,15.0,COD,Male,4.0,4,Mobile Phone,3,Single,3,0,18.0,1.0,2.0,5.0,168
1,1.0,Mobile Phone,3,30.0,Debit Card,Female,3.0,5,Fashion,5,Divorced,3,0,14.0,1.0,4.0,11.0,198
0,14.0,Computer,1,16.0,Credit Card,Female,3.0,4,Fashion,3,Single,11,0,18.0,1.0,3.0080044676098288,14.0,260
1,6.0,Computer,3,19.0,Debit Card,Male,3.0,4,Grocery,5,Single,2,1,13.0,1.7510234462225531,14.0,15.0,263
0,16.0,Mobile Phone,3,11.0,E wallet,Male,3.0,4,Laptop & Accessory,5,Single,9,0,14.0,2.0,2.0,6.0,177
0,9.0,Phone,1,7.0,Credit Card,Male,3.0,5,Mobile Phone,3,Divorced,8,0,13.0,2.0,2.0,8.0,148
0,1.0,Mobile Phone,1,31.0,Credit Card,Male,3.0,4,Mobile Phone,4,Single,10,0,23.0,2.0,2.0,3.0,161
1,1.0,Mobile Phone,1,19.0,Debit Card,Female,4.0,4,Mobile Phone,2,Divorced,3,1,12.0,2.0,2.0,1.0,150
0,1.0,Mobile Phone,1,10.0,Credit Card,Male,3.0,2,Mobile Phone,2,Divorced,3,0,23.0,2.0,2.0,8.0,169
0,4.0,Mobile Phone,3,17.0,E wallet,Male,4.0,5,Laptop & Accessory,3,Divorced,3,0,19.0,2.0,2.0,5.0,191
0,14.0,Computer,1,33.0,Credit Card,Female,4.0,5,Laptop & Accessory,2,Divorced,5,1,14.0,2.0,2.0,1.0,169
0,9.0,Mobile Phone,1,9.0,Debit Card,Male,3.0,5,Fashion,4,Married,4,0,19.0,7.0,7.0,4.543490512868683,228
0,8.0,Computer,1,7.0,Credit Card,Male,4.0,5,Laptop & Accessory,5,Single,2,0,21.0,2.0,5.0,10.0,178
0,9.0,Computer,1,11.0,UPI,Male,3.0,5,Mobile Phone,2,Divorced,3,0,14.0,3.0,3.0,3.0,149
1,7.0,Mobile Phone,3,16.0,E wallet,Female,3.0,6,Laptop & Accessory,3,Single,10,0,14.0,2.0,2.0,4.0,178
0,6.0,Computer,3,9.0,Debit Card,Female,4.0,4,Mobile Phone,5,Married,3,0,13.0,1.0,2.0,1.0,153
0,30.0,Mobile Phone,1,11.0,Cash on Delivery,Female,4.0,4,Others,5,Married,6,0,14.0,1.0,5.0,3.0,324
0,3.0,Mobile Phone,1,13.0,Credit Card,Female,3.0,4,Mobile Phone,2,Divorced,3,0,14.0,1.0,2.0,9.0,156
0,1.0,Mobile Phone,1,16.0,Debit Card,Male,3.0,4,Mobile Phone,5,Single,3,0,26.0,1.0,2.0,1.0,151
0,19.0,Mobile Phone,1,14.0,Credit Card,Female,3.0,4,Mobile Phone,3,Divorced,6,1,20.0,2.0,2.0,3.0,170
0,11.0,Mobile Phone,1,7.0,Debit Card,Female,3.0,5,Laptop & Accessory,2,Divorced,3,0,14.0,4.0,4.0,12.0,190
0,1.0,Mobile Phone,1,10.0,Debit Card,Male,3.0,5,Mobile Phone,3,Single,3,0,13.0,1.0,2.0,3.0,155
1,8.0,Mobile Phone,1,17.0,Debit Card,Male,4.0,4,Mobile Phone,3,Single,3,1,12.0,2.0,2.0,3.0,154
0,27.0,Mobile Phone,1,14.0,Credit Card,Female,3.0,4,Others,3,Married,5,0,15.707921714818266,5.0,5.0,8.0,311
0,3.0,Phone,1,22.0,Debit Card,Female,4.0,6,Mobile Phone,2,Divorced,2,1,19.0,2.0,2.0,4.0,147
1,1.0,Computer,1,10.0,Debit Card,Male,3.0,5,Mobile Phone,2,Divorced,2,1,12.0,1.0,2.0,1.0,154
0,20.0,Mobile Phone,3,9.0,E wallet,Female,4.0,4,Grocery,5,Divorced,10,0,15.707921714818266,13.0,16.0,10.0,295
0,18.0,Computer,1,24.0,Debit Card,Male,4.0,6,Mobile Phone,3,Single,4,0,14.0,2.0,2.0,1.0,148
0,7.0,Mobile Phone,2,9.0,UPI,Male,3.0,4,Mobile Phone,3,Divorced,3,0,14.0,1.0,2.0,5.0,161
1,5.0,Computer,1,12.0,Debit Card,Male,4.0,5,Mobile Phone,5,Married,8,0,18.0,2.0,2.0,1.0,146
0,4.0,Mobile Phone,3,36.0,Debit Card,Male,4.0,4,Laptop & Accessory,5,Married,10,0,20.0,2.0,2.0,4.0,166
0,14.0,Computer,3,9.0,Credit Card,Male,4.0,4,Laptop & Accessory,4,Divorced,7,0,13.0,2.0,2.0,1.0,168
0,24.0,Computer,1,9.0,Credit Card,Female,2.0,4,Grocery,5,Divorced,4,0,15.707921714818266,3.0,3.0,3.0,304
0,2.0,Mobile Phone,1,26.0,Credit Card,Male,4.0,5,Mobile Phone,5,Divorced,3,0,13.0,2.0,4.0,4.0,157
0,20.0,Mobile Phone,1,22.0,Debit Card,Male,3.0,4,Others,4,Divorced,7,0,15.707921714818266,2.0,2.0,4.0,316
0,9.0,Mobile Phone,3,24.0,Debit Card,Male,4.0,4,Laptop & Accessory,5,Divorced,5,1,16.0,2.0,2.0,4.543490512868683,215
1,1.0,Phone,1,24.0,Debit Card,Female,4.0,4,Mobile Phone,4,Divorced,3,0,14.0,1.0,2.0,1.0,147
0,7.0,Computer,3,32.0,Credit Card,Female,3.0,4,Laptop & Accessory,3,Divorced,3,0,13.0,1.0,2.0,2.0,170
0,10.0,Mobile Phone,1,13.0,Debit Card,Male,3.0,6,Mobile Phone,3,Married,3,0,15.0,1.0,2.0,8.0,152
0,4.0,Mobile Phone,1,14.0,Debit Card,Male,3.0,4,Laptop & Accessory,3,Married,3,0,14.0,9.0,9.0,10.0,160
0,18.0,Mobile Phone,1,36.0,UPI,Male,3.0,4,Laptop & Accessory,2,Single,3,0,26.0,2.0,2.0,18.0,170
0,1.0,Mobile Phone,3,28.0,E wallet,Male,3.0,2,Mobile Phone,2,Single,3,0,18.0,1.0,3.0,3.0,152
0,20.0,Mobile Phone,1,9.0,Cash on Delivery,Male,3.0,4,Laptop & Accessory,2,Married,4,0,12.0,2.0,2.0,5.0,199
0,16.0,Computer,2,9.0,Credit Card,Male,4.0,2,Laptop & Accessory,5,Divorced,9,0,17.0,1.0,2.0,4.0,188
0,31.0,Mobile Phone,3,14.0,E wallet,Male,3.0,2,Laptop & Accessory,2,Married,2,1,19.0,1.0,2.0,10.0,177
0,6.0,Computer,1,20.0,UPI,Female,4.0,5,Mobile Phone,4,Divorced,3,0,21.0,1.0,3.0,3.0,152
0,6.0,Computer,1,9.0,Debit Card,Female,3.0,4,Laptop & Accessory,3,Single,6,1,15.0,2.0,2.0,8.0,175
0,10.0,Mobile Phone,1,7.0,Cash on Delivery,Female,4.0,6,Fashion,5,Married,4,1,22.0,6.0,8.0,4.543490512868683,228
0,7.0,Mobile Phone,1,16.0,Credit Card,Male,3.0,4,Mobile Phone,2,Divorced,2,0,14.0,2.0,5.0,11.0,153
0,14.0,Mobile Phone,3,17.0,Cash on Delivery,Female,3.0,5,Laptop & Accessory,4,Married,9,0,13.0,2.0,2.0,4.0,194
0,1.0,Mobile Phone,3,17.0,Debit Card,Male,3.0,4,Laptop & Accessory,2,Single,2,0,15.0,1.0,2.0,2.0,175
0,4.0,Mobile Phone,1,7.0,Credit Card,Male,4.0,4,Mobile Phone,4,Divorced,2,1,22.0,2.0,6.0,8.0,161
0,16.0,Computer,1,33.0,Credit Card,Female,3.0,4,Fashion,5,Divorced,5,1,18.0,1.0,3.0080044676098288,1.0,257
0,9.0,Computer,3,15.0,E wallet,Female,4.0,5,Fashion,2,Divorced,6,1,12.0,3.0,5.0,4.543490512868683,229
0,1.0,Phone,1,21.0,Debit Card,Male,3.0,4,Mobile Phone,5,Divorced,3,1,15.0,3.0,7.0,9.0,147
0,28.0,Computer,1,7.0,Debit Card,Female,3.0,4,Fashion,3,Married,9,0,18.0,2.0,2.0,4.543490512868683,230
0,18.0,Phone,1,9.0,Debit Card,Female,4.0,2,Mobile Phone,2,Divorced,3,0,14.0,7.0,8.0,8.0,145
1,1.0,Computer,1,17.0,Credit Card,Female,4.0,5,Mobile Phone,4,Single,3,1,26.0,2.0,2.0,1.0,144
0,3.0,Mobile Phone,1,7.0,Debit Card,Female,4.0,4,Mobile Phone,2,Married,3,0,16.0,1.0,2.0,3.0,163
0,28.0,Mobile Phone,1,10.0,Debit Card,Male,3.0,4,Grocery,2,Divorced,5,0,15.707921714818266,2.0,2.0,10.0,303
0,5.0,Mobile Phone,1,18.0,Credit Card,Male,4.0,4,Laptop & Accessory,5,Divorced,3,1,13.0,1.0,2.0,2.0,193
0,5.0,Mobile Phone,1,31.0,Credit Card,Female,4.0,5,Laptop & Accessory,5,Single,3,0,20.0,1.0,2.0,9.0,193
0,31.0,Mobile Phone,3,10.0,Debit Card,Female,3.0,5,Laptop & Accessory,2,Single,7,0,18.0,1.0,2.0,6.0,177
0,17.0,Mobile Phone,1,10.0,Debit Card,Male,4.0,6,Others,2,Divorced,5,0,15.707921714818266,2.0,2.0,8.0,322
0,23.0,Mobile Phone,1,11.0,Credit Card,Male,3.0,5,Others,3,Divorced,4,0,15.707921714818266,1.0,2.0,1.0,312
0,10.0,Computer,1,10.0,COD,Male,3.0,4,Mobile Phone,4,Divorced,3,0,13.0,2.0,2.0,8.0,162
0,22.0,Mobile Phone,1,9.0,COD,Male,4.0,2,Mobile Phone,4,Single,7,0,12.0,1.0,2.0,1.0,151
0,1.0,Mobile Phone,1,11.0,Debit Card,Male,4.0,4,Mobile Phone,3,Married,3,0,12.0,2.0,2.0,4.0,150
0,3.0,Mobile Phone,1,14.0,Debit Card,Male,3.0,4,Laptop & Accessory,2,Married,3,1,12.0,1.0,2.0,1.0,191
0,22.0,Mobile Phone,1,7.0,Debit Card,Male,4.0,5,Others,2,Single,8,0,15.707921714818266,2.0,2.0,1.0,308
0,3.0,Mobile Phone,1,7.0,Debit Card,Female,3.0,5,Grocery,2,Married,5,0,15.0,1.7510234462225531,2.0,8.0,286
0,8.0,Mobile Phone,1,27.0,COD,Female,3.0,2,Mobile Phone,3,Divorced,2,0,18.0,2.0,2.0,1.0,151
0,18.0,Mobile Phone,3,12.0,E wallet,Male,3.0,4,Others,4,Divorced,9,0,15.707921714818266,2.0,4.0,11.0,307
0,7.0,Mobile Phone,3,17.0,E wallet,Male,3.0,2,Fashion,3,Married,2,1,15.0,2.0,2.0,9.0,209
0,1.0,Mobile Phone,1,32.0,Debit Card,Female,3.0,2,Mobile Phone,2,Single,3,1,13.0,2.0,2.0,2.0,155
0,1.0,Phone,1,7.0,Debit Card,Male,3.0,4,Mobile Phone,3,Divorced,3,0,23.0,1.0,2.0,2.0,137
1,1.0,Computer,3,31.0,Debit Card,Male,4.0,6,Mobile Phone,2,Single,3,1,15.0,2.0,2.0,1.0,136
0,1.0,Mobile Phone,1,11.0,Debit Card,Male,3.0,4,Mobile Phone,2,Single,3,1,21.0,1.0,3.0,3.0,154
1,9.0,Mobile Phone,3,9.0,E wallet,Female,4.0,6,Others,4,Single,4,1,15.707921714818266,1.0,2.0,12.0,313
0,29.0,Computer,1,15.0,Credit Card,Male,3.0,5,Grocery,4,Married,3,1,16.0,4.0,16.0,1.0,261
1,1.0,Computer,1,17.0,Debit Card,Female,3.0,5,Mobile Phone,3,Single,3,0,21.0,3.0,3.0,3.0,151
0,20.0,Mobile Phone,3,11.0,E wallet,Female,3.0,5,Others,4,Divorced,4,0,15.707921714818266,2.0,2.0,9.0,313
0,8.0,Mobile Phone,3,9.0,E wallet,Female,3.0,4,Laptop & Accessory,5,Single,2,1,13.0,2.0,2.0,3.0,170
0,25.0,Computer,3,16.0,Debit Card,Male,3.0,4,Others,4,Married,6,1,25.0,3.0,12.0,11.0,323
0,31.0,Mobile Phone,1,25.0,Credit Card,Male,4.0,4,Fashion,2,Single,8,0,13.0,2.0,6.0,4.543490512868683,230
0,8.0,Computer,1,26.0,Credit Card,Female,3.0,4,Laptop & Accessory,4,Married,6,0,14.0,4.0,6.0,11.0,169
0,2.0,Computer,1,7.0,Credit Card,Male,3.0,4,Mobile Phone,3,Single,2,1,12.0,1.0,2.0,3.0,147
0,18.0,Mobile Phone,1,11.0,Debit Card,Male,4.0,2,Others,5,Married,3,0,15.707921714818266,2.0,15.0,14.0,317
0,8.0,Computer,2,18.0,Debit Card,Male,3.0,5,Laptop & Accessory,4,Divorced,6,0,12.0,1.0,2.0,9.0,170
0,9.0,Mobile Phone,1,13.0,Debit Card,Male,4.0,4,Mobile Phone,3,Divorced,2,1,15.0,2.0,3.0,3.0,160
0,16.0,Phone,1,14.0,Credit Card,Female,4.0,2,Laptop & Accessory,4,Divorced,8,1,17.0,1.0,2.0,1.0,149
0,17.0,Mobile Phone,3,11.0,E wallet,Female,3.0,5,Fashion,2,Single,5,0,15.0,11.0,16.0,4.543490512868683,227
0,10.0,Mobile Phone,1,9.0,Debit Card,Female,3.0,4,Laptop & Accessory,4,Single,11,1,12.0,5.0,6.0,13.0,179
1,8.0,Mobile Phone,1,22.0,Credit Card,Female,4.0,4,Fashion,2,Divorced,3,0,12.0,1.0,2.0,6.0,205
0,2.0,Computer,1,9.0,Debit Card,Male,3.0,5,Mobile Phone,2,Divorced,3,1,13.0,3.0,3.0,3.0,164
0,25.0,Computer,1,13.0,Credit Card,Female,3.0,5,Mobile Phone,3,Single,2,0,15.0,8.0,8.0,8.0,153
0,4.0,Computer,1,16.0,Credit Card,Female,4.0,4,Laptop & Accessory,3,Single,9,1,19.0,2.0,2.0,8.0,172
1,1.0,Mobile Phone,1,14.0,COD,Female,3.0,4,Mobile Phone,3,Married,5,1,14.0,2.0,8.0,8.0,158
0,2.0,Phone,1,7.0,COD,Male,3.0,4,Mobile Phone,5,Single,4,0,12.0,1.0,2.0,3.0,146
0,1.0,Phone,1,7.0,Credit Card,Female,3.0,4,Mobile Phone,4,Single,3,0,19.0,2.0,3.0,2.0,146
0,6.0,Mobile Phone,3,15.0,Credit Card,Male,3.0,2,Laptop & Accessory,2,Divorced,3,0,16.0,1.0,2.0,9.0,187
0,19.0,Computer,1,32.0,Credit Card,Female,3.0,4,Others,4,Single,5,0,15.707921714818266,2.0,2.0,1.0,306
0,13.0,Mobile Phone,1,20.0,Credit Card,Female,4.0,5,Grocery,4,Married,8,1,15.707921714818266,14.0,16.0,3.0,296
0,31.0,Phone,1,30.0,Debit Card,Male,3.0,4,Mobile Phone,3,Married,3,0,13.0,3.0,3.0,3.0,149
1,1.0,Mobile Phone,1,14.0,Debit Card,Male,4.0,4,Laptop & Accessory,3,Divorced,3,0,19.0,2.0,2.0,2.0,174
1,3.0,Mobile Phone,1,30.0,Credit Card,Male,4.0,4,Mobile Phone,5,Single,2,0,14.0,1.0,2.0,4.0,164
0,4.0,Mobile Phone,1,13.0,COD,Female,3.0,5,Laptop & Accessory,2,Divorced,2,0,13.0,6.0,7.0,8.0,171
0,10.0,Mobile Phone,1,17.0,Cash on Delivery,Female,4.0,4,Fashion,3,Divorced,5,0,13.0,1.0,2.0,8.0,196
0,20.0,Mobile Phone,2,7.0,Debit Card,Female,3.0,4,Mobile Phone,5,Single,8,0,13.0,4.0,6.0,8.0,159
0,2.0,Computer,1,7.0,Debit Card,Female,3.0,6,Laptop & Accessory,2,Divorced,2,0,12.0,8.0,8.0,6.0,192
0,24.0,Mobile Phone,1,35.0,Debit Card,Female,3.0,4,Grocery,5,Divorced,6,1,15.707921714818266,1.0,2.0,3.0,294
1,4.0,Mobile Phone,3,32.0,E wallet,Male,3.0,5,Fashion,4,Single,4,1,13.0,1.0,2.0,4.543490512868683,216
1,16.0,Mobile Phone,3,12.0,Debit Card,Male,4.0,4,Fashion,4,Single,11,1,20.0,6.0,8.0,4.543490512868683,209
0,4.0,Mobile Phone,1,24.0,Credit Card,Female,4.0,4,Fashion,5,Divorced,3,1,24.0,1.0,3.0080044676098288,9.0,244
0,13.0,Mobile Phone,1,25.0,Debit Card,Male,3.0,4,Laptop & Accessory,3,Single,2,0,12.0,1.0,2.0,8.0,170
0,5.0,Computer,3,9.0,Debit Card,Female,3.0,4,Fashion,3,Married,3,1,20.0,4.0,10.0,4.543490512868683,224
0,15.0,Computer,3,17.0,Credit Card,Male,3.0,6,Laptop & Accessory,4,Single,3,0,14.0,4.0,12.0,10.0,187
1,1.0,Computer,3,7.0,Debit Card,Female,3.0,4,Mobile Phone,4,Single,3,1,12.0,2.0,3.0,3.0,148
1,8.0,Phone,1,10.0,Debit Card,Male,3.0,4,Mobile Phone,5,Divorced,6,0,13.0,2.0,2.0,3.0,149
0,16.0,Computer,1,9.0,Debit Card,Male,3.0,4,Grocery,3,Divorced,2,1,15.707921714818266,1.0,3.0,11.0,304
0,29.0,Mobile Phone,1,9.0,Credit Card,Female,3.0,6,Others,3,Divorced,6,0,15.707921714818266,6.0,10.0,12.0,317
0,30.0,Mobile Phone,2,15.0,Debit Card,Male,3.0,4,Others,4,Single,8,0,15.707921714818266,2.0,8.0,8.0,322
0,14.0,Computer,1,23.0,Debit Card,Male,4.0,4,Mobile Phone,3,Married,11,0,17.0,2.0,2.0,1.0,160
0,8.0,Mobile Phone,1,16.0,Debit Card,Male,3.0,4,Fashion,2,Married,2,0,12.0,2.0,2.0,4.543490512868683,210
0,14.0,Mobile Phone,1,9.0,Debit Card,Male,4.0,4,Laptop & Accessory,2,Single,3,0,14.0,4.0,9.0,9.0,172
0,15.0,Computer,3,7.0,E wallet,Female,4.0,4,Laptop & Accessory,5,Married,2,0,18.0,1.0,2.0,8.0,166
0,9.0,Computer,1,11.0,Debit Card,Male,3.0,4,Laptop & Accessory,3,Single,3,1,12.0,2.0,2.0,2.0,167
0,25.0,Mobile Phone,2,12.0,Debit Card,Male,3.0,4,Grocery,4,Married,3,1,12.0,1.7510234462225531,2.0,11.0,265
0,12.0,Mobile Phone,3,9.0,Debit Card,Female,3.0,4,Laptop & Accessory,5,Married,5,0,16.0,1.0,2.0,8.0,194
0,8.0,Mobile Phone,3,22.0,Credit Card,Female,4.0,4,Laptop & Accessory,5,Single,3,0,13.0,2.0,10.0,7.0,186
0,1.0,Mobile Phone,1,26.0,Credit Card,Male,4.0,4,Mobile Phone,2,Divorced,5,0,12.0,2.0,2.0,3.0,162
1,21.0,Mobile Phone,1,14.0,Credit Card,Female,3.0,5,Fashion,5,Divorced,9,1,15.0,5.0,6.0,4.543490512868683,225
0,14.0,Phone,1,7.0,Debit Card,Male,3.0,4,Mobile Phone,4,Divorced,5,0,23.0,2.0,2.0,4.0,149
0,10.0,Computer,3,14.0,E wallet,Female,3.0,2,Laptop & Accessory,5,Divorced,4,0,17.0,6.0,7.0,14.0,171
0,22.0,Mobile Phone,1,11.0,Debit Card,Male,3.0,4,Fashion,2,Single,3,0,12.0,2.0,2.0,9.0,204
0,1.0,Mobile Phone,3,18.0,Credit Card,Female,4.0,2,Mobile Phone,2,Divorced,10,0,15.0,2.0,2.0,1.0,150
0,25.0,Mobile Phone,1,18.0,Cash on Delivery,Female,3.0,5,Grocery,4,Single,5,0,17.0,1.0,3.0080044676098288,4.0,256
0,1.0,Computer,1,7.0,Debit Card,Female,4.0,4,Mobile Phone,2,Single,3,0,16.0,2.0,2.0,1.0,141
0,9.0,Mobile Phone,1,7.0,Credit Card,Female,3.0,5,Laptop & Accessory,2,Divorced,2,0,13.0,2.0,2.0,1.0,179
0,1.0,Computer,3,9.0,Debit Card,Male,3.0,6,Laptop & Accessory,2,Single,5,0,21.0,2.0,2.0,1.0,176
1,19.0,Mobile Phone,3,20.0,E wallet,Male,3.0,2,Grocery,3,Single,8,1,18.0,1.7510234462225531,4.0,9.0,262
0,30.0,Mobile Phone,1,30.0,Debit Card,Male,4.0,4,Grocery,4,Divorced,6,1,13.0,12.0,3.0080044676098288,10.0,259
0,8.0,Computer,1,33.0,COD,Female,4.0,5,Mobile Phone,3,Married,3,0,21.0,2.0,2.0,1.0,145
0,14.0,Mobile Phone,1,9.0,Credit Card,Female,3.0,2,Laptop & Accessory,3,Married,7,0,21.0,6.0,12.0,9.0,189
0,8.0,Mobile Phone,1,36.0,Credit Card,Male,3.0,4,Laptop & Accessory,3,Divorced,6,0,14.0,1.0,8.0,8.0,179
1,1.0,Computer,3,9.0,Debit Card,Female,3.0,5,Mobile Phone,2,Single,9,0,15.0,1.0,2.0,1.0,153
1,1.0,Computer,3,25.0,E wallet,Female,4.0,4,Laptop & Accessory,3,Divorced,2,1,19.0,4.0,4.0,3.0,171
0,12.0,Computer,1,14.0,Debit Card,Male,3.0,2,Mobile Phone,3,Married,3,0,12.0,1.0,2.0,4.0,151
0,8.0,Mobile Phone,1,9.0,COD,Female,4.0,4,Laptop & Accessory,2,Single,3,0,12.0,2.0,5.0,12.0,192
0,2.0,Mobile Phone,3,33.0,Debit Card,Male,3.0,5,Laptop & Accessory,5,Divorced,3,0,12.0,2.0,2.0,5.0,172
1,1.0,Mobile Phone,1,29.0,Credit Card,Male,4.0,4,Laptop & Accessory,3,Divorced,3,1,16.0,4.0,7.0,8.0,187
0,13.0,Mobile Phone,3,28.0,Debit Card,Male,3.0,5,Laptop & Accessory,2,Divorced,5,1,13.0,1.0,2.0,5.0,186
0,25.0,Computer,3,9.0,E wallet,Male,3.0,4,Fashion,4,Divorced,4,0,12.0,1.0,4.0,4.543490512868683,231
0,15.0,Computer,1,29.0,Debit Card,Female,4.0,4,Laptop & Accessory,2,Married,5,1,15.0,1.0,4.0,4.0,180
0,11.0,Mobile Phone,1,11.0,Debit Card,Male,3.0,4,Mobile Phone,3,Divorced,9,1,16.0,2.0,2.0,4.0,155
0,7.0,Computer,3,12.0,Debit Card,Male,4.0,4,Laptop & Accessory,2,Divorced,8,0,14.0,2.0,2.0,4.543490512868683,225
0,6.0,Mobile Phone,3,9.0,E wallet,Male,3.0,4,Laptop & Accessory,4,Divorced,2,1,14.0,1.0,2.0,3.0,166
0,13.0,Computer,1,32.0,Debit Card,Male,4.0,4,Fashion,3,Divorced,5,0,22.0,1.0,3.0080044676098288,6.0,234
0,1.0,Mobile Phone,3,25.0,Debit Card,Male,4.0,2,Laptop & Accessory,3,Divorced,4,0,12.0,1.0,2.0,3.0,187
0,26.0,Computer,1,35.0,Credit Card,Female,3.0,2,Grocery,3,Divorced,4,1,12.0,1.0,3.0080044676098288,3.0,257
0,17.0,Mobile Phone,1,13.0,Credit Card,Female,4.0,5,Laptop & Accessory,3,Single,3,1,15.0,2.0,2.0,9.0,166
0,1.0,Mobile Phone,3,17.0,E wallet,Female,4.0,5,Laptop & Accessory,2,Divorced,3,1,12.0,3.0,5.0,5.0,183
1,1.0,Phone,1,24.0,Debit Card,Female,3.0,4,Mobile Phone,3,Single,3,1,14.0,4.0,8.0,8.0,149
0,1.0,Mobile Phone,1,9.0,Credit Card,Male,3.0,5,Mobile Phone,2,Single,2,0,13.0,1.0,2.0,2.0,164
0,16.0,Mobile Phone,2,17.0,UPI,Female,3.0,4,Grocery,5,Divorced,2,0,15.707921714818266,1.0,2.0,10.0,293
0,26.0,Mobile Phone,1,15.0,UPI,Female,3.0,4,Mobile Phone,5,Divorced,11,0,14.0,2.0,2.0,5.0,155
0,11.0,Mobile Phone,1,18.0,Credit Card,Female,4.0,4,Mobile Phone,3,Single,6,0,19.0,1.0,2.0,3.0,161
0,9.0,Computer,1,25.0,Debit Card,Male,3.0,4,Fashion,2,Single,4,0,12.0,1.0,3.0,4.543490512868683,219
0,1.0,Mobile Phone,1,7.0,COD,Male,3.0,4,Mobile Phone,2,Divorced,6,0,12.0,2.0,2.0,3.0,157
0,1.0,Mobile Phone,1,14.0,UPI,Male,4.0,2,Mobile Phone,5,Single,2,0,13.0,2.0,2.0,8.0,161
0,3.0,Mobile Phone,2,24.0,UPI,Male,3.0,5,Fashion,5,Single,3,0,14.0,1.0,2.0,10.0,205
1,1.0,Computer,1,35.0,Debit Card,Male,4.0,5,Laptop & Accessory,5,Single,5,0,21.0,1.0,2.0,4.0,168
1,1.0,Computer,1,21.0,UPI,Female,3.0,4,Fashion,2,Single,2,1,13.0,3.0,8.0,8.0,201
0,28.0,Mobile Phone,1,7.0,Credit Card,Female,3.0,4,Grocery,2,Single,8,0,15.707921714818266,6.0,13.0,8.0,298
0,31.0,Mobile Phone,1,7.0,Credit Card,Female,4.0,4,Others,5,Divorced,5,1,15.707921714818266,2.0,2.0,6.0,322
0,29.0,Mobile Phone,1,7.0,Credit Card,Male,3.0,2,Grocery,2,Married,4,0,14.0,1.7510234462225531,2.0,1.0,272
0,10.0,Mobile Phone,3,10.0,E wallet,Female,3.0,4,Laptop & Accessory,4,Single,5,1,17.0,1.0,2.0,4.543490512868683,218
1,1.0,Computer,3,7.0,Debit Card,Female,3.0,6,Mobile Phone,3,Single,3,0,13.0,2.0,2.0,1.0,139
0,4.0,Mobile Phone,3,14.0,E wallet,Female,4.0,4,Laptop & Accessory,5,Married,9,0,15.0,2.0,2.0,3.0,173
0,5.0,Mobile Phone,1,15.0,Debit Card,Female,4.0,4,Grocery,4,Single,5,0,12.0,1.7510234462225531,2.0,1.0,289
0,8.0,Computer,1,7.0,UPI,Male,4.0,4,Mobile Phone,5,Married,7,0,15.0,2.0,2.0,4.0,155
1,1.0,Phone,1,15.0,Debit Card,Female,3.0,5,Mobile Phone,4,Single,3,0,13.0,1.0,2.0,1.0,138
0,1.0,Phone,1,18.0,Debit Card,Male,4.0,4,Mobile Phone,5,Divorced,2,0,15.0,2.0,2.0,5.0,146
0,10.0,Mobile Phone,1,11.0,Debit Card,Male,3.0,5,Laptop & Accessory,2,Single,3,0,17.0,2.0,2.0,9.0,183
0,10.0,Mobile Phone,3,23.0,E wallet,Female,4.0,5,Laptop & Accessory,5,Divorced,6,0,14.0,2.0,2.0,3.0,181
0,21.0,Mobile Phone,1,7.0,COD,Male,4.0,4,Mobile Phone,2,Divorced,9,0,13.0,2.0,2.0,3.0,159
1,1.0,Mobile Phone,3,16.0,Debit Card,Male,4.0,5,Mobile Phone,5,Divorced,5,0,13.0,2.0,3.0,3.0,169
0,11.0,Computer,1,12.0,COD,Male,3.0,2,Mobile Phone,3,Single,2,0,15.0,2.0,2.0,4.0,160
0,30.0,Phone,1,7.0,Debit Card,Female,3.0,4,Mobile Phone,5,Divorced,4,0,23.0,2.0,2.0,1.0,146
0,21.0,Mobile Phone,1,9.0,Credit Card,Female,3.0,4,Grocery,3,Divorced,5,0,15.707921714818266,4.0,6.0,7.0,297
0,1.0,Mobile Phone,3,11.0,Credit Card,Female,3.0,4,Laptop & Accessory,3,Divorced,3,1,13.0,2.0,2.0,4.0,167
0,6.0,Mobile Phone,3,14.0,E wallet,Male,4.0,4,Laptop & Accessory,2,Divorced,6,0,13.0,2.0,2.0,4.543490512868683,217
0,8.0,Mobile Phone,1,7.0,Debit Card,Female,3.0,5,Mobile Phone,4,Divorced,7,0,18.0,2.0,2.0,3.0,158
0,15.0,Phone,1,12.0,Credit Card,Male,3.0,2,Mobile Phone,3,Divorced,4,1,13.0,2.0,2.0,4.0,146
0,14.0,Computer,1,16.0,UPI,Male,3.0,4,Laptop & Accessory,3,Married,5,0,12.0,2.0,2.0,8.0,165
0,5.0,Mobile Phone,3,15.0,Debit Card,Male,3.0,4,Fashion,2,Married,3,0,19.0,3.0,3.0080044676098288,10.0,233
1,10.0,Mobile Phone,3,16.0,E wallet,Male,3.0,4,Fashion,1,Married,6,0,12.0,1.0,5.0,4.543490512868683,226
1,3.0,Computer,1,9.0,Debit Card,Female,3.0,5,Mobile Phone,5,Single,4,1,24.0,1.0,2.0,1.0,161
1,1.0,Computer,1,7.0,Debit Card,Female,4.0,2,Fashion,4,Single,3,0,12.0,4.0,5.0,8.0,199
0,19.0,Mobile Phone,1,27.0,Credit Card,Male,4.0,6,Fashion,5,Married,4,1,19.0,1.0,3.0080044676098288,8.0,234
0,5.0,Phone,2,15.0,Credit Card,Female,4.0,2,Mobile Phone,4,Single,11,0,19.0,1.0,2.0,3.0,146
1,1.0,Computer,1,9.0,Debit Card,Male,4.0,4,Mobile Phone,1,Divorced,8,1,14.0,3.0,3.0,3.0,162
0,19.0,Mobile Phone,1,36.0,Cash on Delivery,Male,3.0,4,Fashion,1,Divorced,6,1,19.0,2.0,2.0,4.543490512868683,219
0,22.0,Mobile Phone,3,14.0,E wallet,Male,4.0,4,Laptop & Accessory,5,Married,6,0,12.0,2.0,3.0,3.0,180
1,1.0,Mobile Phone,2,16.0,COD,Female,3.0,4,Mobile Phone,3,Divorced,3,0,16.0,2.0,3.0,3.0,152
0,14.0,Computer,1,15.0,Credit Card,Male,3.0,5,Fashion,4,Married,4,0,12.0,1.7510234462225531,5.0,9.0,263
0,2.0,Mobile Phone,3,12.0,Credit Card,Male,3.0,4,Laptop & Accessory,5,Single,2,0,19.0,2.0,2.0,4.543490512868683,210
0,18.0,Computer,1,12.0,Debit Card,Male,3.0,5,Mobile Phone,3,Single,5,0,15.0,1.0,2.0,4.0,157
0,27.0,Mobile Phone,1,9.0,Credit Card,Male,3.0,2,Grocery,4,Single,6,0,13.0,1.7510234462225531,9.0,9.0,291
0,23.0,Mobile Phone,1,12.0,COD,Male,4.0,4,Laptop & Accessory,3,Divorced,4,0,15.0,1.0,2.0,3.0,192
0,14.0,Phone,1,9.0,Credit Card,Male,4.0,4,Mobile Phone,3,Married,4,0,15.0,1.0,2.0,3.0,148
0,18.0,Mobile Phone,1,27.0,Debit Card,Male,3.0,4,Mobile Phone,4,Single,3,0,14.0,2.0,2.0,4.0,159
0,7.0,Computer,3,14.0,Credit Card,Male,3.0,4,Laptop & Accessory,5,Divorced,2,0,15.0,1.0,2.0,4.0,169
0,8.0,Mobile Phone,3,10.0,UPI,Male,3.0,6,Laptop & Accessory,5,Single,5,0,19.0,3.0,4.0,13.0,173
0,4.0,Mobile Phone,3,23.0,Debit Card,Male,4.0,4,Laptop & Accessory,3,Divorced,10,0,16.0,1.0,3.0,3.0,178
0,16.0,Computer,1,16.0,Credit Card,Female,4.0,4,Mobile Phone,1,Single,3,0,14.0,5.0,6.0,9.0,162
0,18.0,Computer,3,7.0,E wallet,Female,4.0,4,Laptop & Accessory,3,Divorced,9,0,13.0,2.0,2.0,1.0,173
0,4.0,Computer,1,14.0,COD,Male,4.0,4,Mobile Phone,3,Married,3,0,14.0,1.0,2.0,1.0,138
0,51.0,Mobile Phone,1,7.0,Debit Card,Male,4.0,2,Laptop & Accessory,3,Divorced,2,0,25.0,2.0,3.0,9.0,174
0,23.0,Mobile Phone,1,14.0,Debit Card,Male,3.0,4,Fashion,4,Married,5,0,15.0,1.0,2.0,4.543490512868683,230
0,8.0,Computer,1,22.0,Credit Card,Male,4.0,4,Grocery,5,Married,9,0,15.707921714818266,3.0,7.0,10.0,295
1,1.0,Computer,3,7.0,COD,Male,4.0,4,Mobile Phone,3,Divorced,5,0,16.0,2.0,2.0,3.0,154
1,1.0,Computer,3,20.0,COD,Female,3.0,4,Laptop & Accessory,4,Single,7,0,12.0,1.0,2.0,1.0,183
1,1.0,Mobile Phone,3,31.0,Credit Card,Female,3.0,5,Laptop & Accessory,4,Single,2,1,24.0,3.0,11.0,11.0,171
0,9.0,Phone,3,14.0,Debit Card,Male,4.0,4,Mobile Phone,3,Divorced,3,0,14.0,2.0,2.0,1.0,149
1,1.0,Computer,1,16.0,Credit Card,Male,3.0,4,Mobile Phone,5,Single,4,1,12.0,1.0,2.0,1.0,157
0,1.0,Computer,3,20.0,Debit Card,Female,4.0,4,Mobile Phone,4,Divorced,3,0,14.0,1.0,2.0,1.0,145
0,18.0,Computer,1,9.0,Credit Card,Male,3.0,4,Fashion,3,Single,7,1,19.0,1.0,3.0,4.543490512868683,227
0,3.0,Mobile Phone,3,26.0,Debit Card,Male,4.0,5,Laptop & Accessory,3,Married,3,0,15.0,2.0,2.0,4.543490512868683,211
0,4.0,Phone,2,7.0,Debit Card,Male,3.0,4,Mobile Phone,3,Married,2,0,22.0,1.0,2.0,4.0,146
0,29.0,Mobile Phone,1,11.0,Debit Card,Male,2.0,4,Laptop & Accessory,3,Divorced,2,1,17.0,1.0,2.0,3.0,165
0,7.0,Mobile Phone,1,11.0,Credit Card,Female,3.0,5,Mobile Phone,4,Divorced,10,0,12.0,1.0,2.0,3.0,163
0,21.0,Mobile Phone,3,21.0,Credit Card,Female,4.0,4,Laptop & Accessory,3,Divorced,5,1,18.0,2.0,2.0,3.0,171
1,1.0,Computer,1,9.0,Credit Card,Male,3.0,5,Mobile Phone,5,Single,9,0,12.0,1.0,2.0,1.0,151
0,2.0,Phone,1,7.0,Debit Card,Male,4.0,5,Mobile Phone,3,Married,3,0,15.0,1.0,2.0,1.0,141
0,2.0,Computer,3,14.0,Debit Card,Male,3.0,4,Laptop & Accessory,5,Single,2,0,15.0,2.0,2.0,4.0,174
0,23.0,Mobile Phone,1,10.0,Credit Card,Female,3.0,5,Laptop & Accessory,5,Divorced,6,0,26.0,2.0,2.0,3.0,173
0,3.0,Computer,1,9.0,Debit Card,Female,4.0,4,Mobile Phone,4,Divorced,2,0,14.0,1.0,2.0,3.0,157
0,2.0,Mobile Phone,1,36.0,Debit Card,Male,4.0,6,Laptop & Accessory,4,Divorced,3,0,15.0,2.0,2.0,8.0,190
0,7.0,Mobile Phone,1,15.0,Debit Card,Male,4.0,4,Laptop & Accessory,3,Single,4,1,18.0,1.0,2.0,1.0,189
0,6.0,Mobile Phone,1,17.0,Credit Card,Male,1.0,4,Fashion,1,Single,4,0,26.0,1.0,3.0080044676098288,1.0,237
0,28.0,Computer,1,18.0,Credit Card,Female,3.0,4,Grocery,1,Married,5,0,21.0,1.7510234462225531,2.0,13.0,285
1,1.0,Phone,1,7.0,COD,Male,4.0,5,Mobile Phone,5,Single,8,0,14.0,1.0,2.0,8.0,149
0,18.0,Mobile Phone,1,35.0,Debit Card,Male,3.0,4,Grocery,5,Divorced,5,0,14.0,1.7510234462225531,15.0,18.0,288
0,13.0,Mobile Phone,1,13.0,Debit Card,Female,3.0,4,Fashion,4,Single,6,0,19.0,1.0,3.0,3.0,209
0,20.0,Mobile Phone,3,10.0,Debit Card,Female,3.0,4,Grocery,4,Divorced,10,0,13.0,1.7510234462225531,6.0,2.0,291
0,9.0,Mobile Phone,1,23.0,Debit Card,Female,4.0,5,Fashion,4,Single,3,0,20.0,2.0,4.0,4.543490512868683,211
0,1.0,Phone,1,27.0,Debit Card,Male,4.0,4,Laptop & Accessory,3,Single,2,0,15.0,2.0,2.0,3.0,148
1,4.0,Phone,1,16.0,Debit Card,Male,3.0,4,Mobile Phone,5,Single,5,0,15.0,2.0,2.0,1.0,145
0,8.0,Mobile Phone,3,7.0,Cash on Delivery,Male,4.0,5,Fashion,3,Divorced,3,1,15.0,8.0,9.0,7.0,196
1,1.0,Computer,1,10.0,Debit Card,Female,3.0,4,Mobile Phone,3,Single,3,0,13.0,7.0,8.0,8.0,166
0,24.0,Computer,1,29.0,Credit Card,Male,3.0,6,Grocery,1,Single,3,1,14.0,1.7510234462225531,14.0,10.0,269
0,8.0,Phone,3,14.0,COD,Male,3.0,4,Mobile Phone,3,Married,2,1,26.0,1.0,6.0,8.0,148
0,16.0,Mobile Phone,1,9.0,Credit Card,Male,4.0,5,Mobile Phone,4,Married,6,0,15.0,2.0,2.0,1.0,173
0,11.0,Mobile Phone,1,20.0,Credit Card,Male,3.0,4,Laptop & Accessory,1,Married,3,0,18.0,1.0,4.0,8.0,168
0,3.0,Mobile Phone,1,15.0,UPI,Female,3.0,6,Laptop & Accessory,5,Married,5,0,14.0,1.0,2.0,4.543490512868683,222
0,7.0,Mobile Phone,1,32.0,Debit Card,Male,3.0,5,Laptop & Accessory,4,Single,3,0,14.0,1.0,2.0,3.0,168
0,19.0,Phone,1,35.0,COD,Male,4.0,4,Mobile Phone,1,Married,6,0,21.0,2.0,2.0,4.0,146
0,16.0,Computer,1,9.0,Debit Card,Male,3.0,4,Fashion,1,Married,4,1,15.0,13.0,14.0,4.543490512868683,226
0,14.0,Mobile Phone,3,16.0,Credit Card,Male,3.0,4,Laptop & Accessory,5,Married,2,0,13.0,3.0,8.0,2.0,180
0,7.0,Mobile Phone,1,35.0,Debit Card,Male,4.0,4,Laptop & Accessory,3,Married,3,1,13.0,2.0,6.0,8.0,177
0,14.0,Mobile Phone,2,13.0,Credit Card,Male,3.0,4,Grocery,1,Single,3,1,22.0,1.7510234462225531,8.0,8.0,289
0,1.0,Phone,1,28.0,COD,Male,3.0,5,Mobile Phone,5,Married,2,0,15.0,1.0,2.0,1.0,148
0,14.0,Computer,1,15.0,Debit Card,Male,4.0,4,Laptop & Accessory,1,Married,5,1,19.0,3.0,3.0,3.0,166
0,19.0,Mobile Phone,1,7.0,Cash on Delivery,Male,4.0,4,Fashion,4,Married,3,0,13.0,7.0,8.0,8.0,199
0,9.0,Phone,3,7.0,Debit Card,Female,4.0,5,Mobile Phone,3,Married,2,0,24.0,3.0,5.0,3.0,149
0,6.0,Mobile Phone,1,12.0,Debit Card,Female,4.0,5,Laptop & Accessory,4,Married,5,0,13.0,2.0,3.0,6.0,184
0,10.0,Mobile Phone,3,9.0,Debit Card,Male,4.0,4,Mobile Phone,1,Single,5,1,22.0,1.0,2.0,3.0,151
0,22.0,Mobile Phone,3,23.0,Debit Card,Female,4.0,4,Laptop & Accessory,3,Married,10,0,15.0,2.0,8.0,8.0,189
0,3.0,Mobile Phone,1,16.0,Debit Card,Male,4.0,2,Mobile Phone,3,Married,8,0,19.0,2.0,2.0,1.0,150
0,7.0,Mobile Phone,3,15.0,Debit Card,Male,3.0,4,Laptop & Accessory,5,Married,4,0,14.0,3.0,3.0,3.0,189
1,1.0,Mobile Phone,3,7.0,Debit Card,Male,4.0,5,Laptop & Accessory,5,Married,3,0,12.0,4.0,7.0,4.543490512868683,222
0,12.0,Computer,2,17.0,UPI,Male,4.0,4,Laptop & Accessory,3,Married,5,0,12.0,1.0,2.0,3.0,186
0,9.0,Phone,1,7.0,Credit Card,Male,4.0,5,Mobile Phone,5,Single,3,0,20.0,1.0,2.0,3.0,150
0,4.0,Mobile Phone,3,36.0,Cash on Delivery,Male,3.0,4,Fashion,4,Married,5,0,13.0,1.0,2.0,4.543490512868683,218
1,1.0,Phone,1,9.0,Debit Card,Female,4.0,4,Mobile Phone,5,Married,3,1,13.0,2.0,2.0,1.0,146
1,17.0,Mobile Phone,1,9.0,Cash on Delivery,Female,4.0,5,Fashion,1,Married,2,0,17.0,2.0,2.0,4.543490512868683,227
1,2.0,Mobile Phone,1,9.0,Credit Card,Male,3.0,4,Laptop & Accessory,4,Married,6,0,12.0,1.0,2.0,5.0,174
0,6.0,Computer,1,7.0,COD,Male,4.0,4,Laptop & Accessory,5,Married,6,0,15.0,2.0,2.0,3.0,166
0,22.0,Phone,1,22.0,UPI,Female,4.0,4,Mobile Phone,5,Married,10,0,13.0,8.0,8.0,7.0,149
0,8.0,Mobile Phone,1,14.0,Credit Card,Male,3.0,4,Mobile Phone,1,Single,3,0,14.0,1.0,2.0,1.0,155
0,29.0,Mobile Phone,3,33.0,E wallet,Male,3.0,5,Others,1,Married,3,0,15.707921714818266,3.0,3.0,14.0,321
0,8.0,Mobile Phone,1,7.0,Debit Card,Male,3.0,4,Laptop & Accessory,1,Married,11,0,18.0,2.0,3.0,2.0,180
0,1.0,Phone,1,10.0,Debit Card,Female,3.0,4,Mobile Phone,1,Married,3,0,22.0,2.0,2.0,1.0,146
0,12.0,Mobile Phone,3,21.0,Debit Card,Male,4.0,4,Laptop & Accessory,4,Married,2,0,12.0,6.0,8.0,4.543490512868683,224
0,12.0,Mobile Phone,3,23.0,Debit Card,Female,3.0,4,Laptop & Accessory,4,Single,4,0,13.0,1.0,2.0,3.0,167
0,10.0,Mobile Phone,3,7.0,Debit Card,Female,4.0,4,Laptop & Accessory,3,Single,8,0,14.0,2.0,2.0,1.0,193
0,3.0,Mobile Phone,1,10.0,Credit Card,Male,3.0,4,Mobile Phone,5,Single,3,1,19.0,1.0,2.0,6.0,172
0,9.0,Mobile Phone,1,17.0,Credit Card,Female,3.0,4,Laptop & Accessory,3,Single,5,1,17.0,2.0,2.0,5.0,186
0,13.0,Mobile Phone,3,13.0,Credit Card,Male,3.0,2,Fashion,3,Married,4,0,12.0,5.0,8.0,7.0,207
0,3.0,Computer,1,9.0,Debit Card,Male,3.0,4,Laptop & Accessory,1,Married,3,0,20.0,1.0,2.0,4.543490512868683,214
0,24.0,Mobile Phone,3,6.0,E wallet,Male,3.0,4,Others,3,Married,6,1,15.707921714818266,1.0,2.0,1.0,318
0,1.0,Phone,1,17.0,COD,Male,3.0,2,Mobile Phone,3,Married,4,0,17.0,3.0,3.0,3.0,146
0,10.0,Computer,1,13.0,Debit Card,Male,4.0,2,Laptop & Accessory,5,Married,5,1,14.0,2.0,2.0,3.0,181
0,16.0,Mobile Phone,1,16.0,UPI,Male,4.0,5,Others,1,Single,10,0,15.707921714818266,2.0,2.0,2.0,321
0,9.0,Mobile Phone,1,35.0,Debit Card,Male,3.0,2,Laptop & Accessory,3,Married,3,0,18.0,6.0,7.0,9.0,159
0,8.0,Computer,1,17.0,COD,Male,4.0,5,Laptop & Accessory,3,Married,3,0,15.0,3.0,8.0,8.0,176
0,14.0,Mobile Phone,3,21.0,Debit Card,Female,3.0,4,Laptop & Accessory,5,Married,3,0,16.0,1.0,2.0,3.0,171
0,17.0,Mobile Phone,1,34.0,COD,Male,3.0,2,Mobile Phone,4,Married,7,0,13.0,2.0,2.0,3.0,174
0,9.0,Mobile Phone,1,14.0,Debit Card,Male,4.0,5,Mobile Phone,1,Married,3,0,19.0,2.0,2.0,2.0,152
0,20.0,Mobile Phone,3,7.0,Debit Card,Male,3.0,2,Grocery,5,Single,3,0,15.707921714818266,2.0,2.0,13.0,301
1,1.0,Phone,1,31.0,Credit Card,Male,3.0,4,Mobile Phone,4,Married,3,1,18.0,1.0,2.0,1.0,149
0,1.0,Computer,1,33.0,UPI,Female,3.0,5,Mobile Phone,3,Married,3,1,15.0,1.0,2.0,4.0,153
0,24.0,Computer,1,27.0,Credit Card,Male,3.0,4,Grocery,3,Married,4,1,16.0,4.0,3.0080044676098288,14.0,237
0,6.0,Mobile Phone,1,12.0,UPI,Female,3.0,2,Mobile Phone,1,Married,5,0,18.0,2.0,2.0,3.0,158
0,18.0,Mobile Phone,1,14.0,Credit Card,Female,3.0,4,Others,1,Married,2,1,15.707921714818266,2.0,2.0,11.0,315
0,4.0,Phone,1,14.0,Credit Card,Male,3.0,5,Mobile Phone,4,Married,3,0,13.0,1.0,2.0,2.0,146
0,19.0,Mobile Phone,1,12.0,Credit Card,Female,3.0,6,Laptop & Accessory,5,Single,3,1,15.0,2.0,2.0,5.0,183
0,19.0,Computer,3,33.0,E wallet,Male,3.0,5,Laptop & Accessory,5,Married,3,0,16.0,1.0,5.0,6.0,169
0,5.0,Computer,3,9.0,UPI,Male,3.0,4,Laptop & Accessory,5,Single,9,0,14.0,1.0,2.0,4.0,178
0,10.0,Mobile Phone,1,19.0,Debit Card,Female,4.0,4,Laptop & Accessory,3,Married,11,1,13.0,1.0,2.0,2.0,172
0,8.0,Computer,1,17.0,Debit Card,Male,3.0,2,Laptop & Accessory,1,Married,3,0,14.0,6.0,8.0,3.0,172
0,23.0,Mobile Phone,1,32.0,Debit Card,Female,3.0,4,Mobile Phone,5,Married,3,0,15.0,1.0,2.0,5.0,157
0,13.0,Mobile Phone,1,17.0,Credit Card,Male,4.0,4,Laptop & Accessory,5,Married,4,0,14.0,5.0,8.0,8.0,179
0,1.0,Mobile Phone,1,26.0,UPI,Male,4.0,5,Mobile Phone,5,Married,3,0,12.0,1.0,2.0,8.0,166
0,9.0,Mobile Phone,1,25.0,Debit Card,Male,3.0,2,Laptop & Accessory,5,Married,3,0,12.0,1.0,2.0,11.0,177
0,2.0,Mobile Phone,1,34.0,Credit Card,Female,3.0,6,Laptop & Accessory,5,Married,2,0,22.0,2.0,2.0,1.0,25
0,1.0,Mobile Phone,1,12.0,Credit Card,Male,4.0,4,Mobile Phone,1,Single,3,0,19.0,2.0,3.0,3.0,156
1,1.0,Computer,3,10.0,Credit Card,Female,4.0,4,Mobile Phone,1,Single,3,1,13.0,1.0,2.0,1.0,141
0,21.0,Mobile Phone,2,33.0,Debit Card,Female,4.0,4,Others,3,Married,5,0,15.707921714818266,2.0,2.0,1.0,322
0,13.0,Mobile Phone,1,10.0,Credit Card,Male,4.0,5,Laptop & Accessory,3,Married,2,0,16.0,1.0,2.0,8.0,156
0,14.0,Mobile Phone,1,22.0,Debit Card,Female,4.0,5,Fashion,3,Married,3,0,14.0,2.0,15.0,4.543490512868683,229
0,9.0,Computer,1,15.0,Debit Card,Female,3.0,4,Laptop & Accessory,3,Married,3,0,13.0,3.0,3.0,10.0,166
0,11.0,Mobile Phone,1,26.0,Debit Card,Male,3.0,4,Laptop & Accessory,3,Married,5,0,18.0,1.0,2.0,3.0,183
0,13.0,Computer,1,11.0,Credit Card,Female,3.0,4,Laptop & Accessory,3,Single,2,0,14.0,4.0,4.0,9.0,175
0,19.0,Mobile Phone,1,9.0,UPI,Female,3.0,5,Laptop & Accessory,1,Married,3,0,20.0,3.0,4.0,10.0,183
0,12.0,Mobile Phone,1,9.0,Credit Card,Female,3.0,5,Fashion,3,Married,5,1,20.0,2.0,2.0,3.0,203
1,1.0,Mobile Phone,3,17.0,Credit Card,Male,3.0,5,Fashion,5,Married,11,0,18.0,5.0,7.0,4.543490512868683,228
0,11.0,Mobile Phone,1,17.0,Credit Card,Female,4.0,4,Mobile Phone,4,Married,3,0,12.0,2.0,8.0,8.0,164
0,14.0,Mobile Phone,1,23.0,Debit Card,Female,3.0,4,Fashion,1,Single,8,1,16.0,2.0,4.0,4.0,204
0,18.0,Computer,2,7.0,UPI,Male,3.0,4,Laptop & Accessory,1,Married,6,1,12.0,2.0,2.0,3.0,182
0,22.0,Computer,1,11.0,Credit Card,Male,3.0,5,Grocery,1,Married,4,0,26.0,1.7510234462225531,3.0,3.0,277
1,1.0,Mobile Phone,3,22.0,Credit Card,Male,3.0,6,Laptop & Accessory,1,Married,8,1,15.0,2.0,3.0,3.0,179
0,1.0,Computer,1,9.0,COD,Female,3.0,4,Mobile Phone,1,Single,3,1,14.0,2.0,2.0,4.0,163
0,1.0,Mobile Phone,1,15.0,Credit Card,Female,3.0,2,Mobile Phone,3,Married,9,0,18.0,1.0,2.0,3.0,160
0,1.0,Computer,1,9.0,Credit Card,Male,3.0,4,Mobile Phone,1,Single,4,0,14.0,1.0,2.0,3.0,151
1,4.0,Phone,1,14.0,Debit Card,Male,4.0,4,Mobile Phone,5,Single,5,1,15.0,1.0,2.0,4.0,147
0,3.0,Mobile Phone,3,17.0,Credit Card,Male,3.0,5,Laptop & Accessory,3,Single,11,0,12.0,2.0,2.0,5.0,184
0,10.0,Mobile Phone,1,12.0,Debit Card,Female,3.0,4,Fashion,5,Married,6,0,13.0,2.0,2.0,3.0,205
0,1.0,Computer,1,9.0,Debit Card,Male,4.0,2,Laptop & Accessory,3,Married,3,0,18.0,1.0,2.0,8.0,177
0,13.0,Mobile Phone,1,19.0,Credit Card,Male,4.0,4,Laptop & Accessory,4,Married,6,0,22.0,2.0,2.0,1.0,178
0,23.0,Mobile Phone,1,29.0,UPI,Female,4.0,4,Grocery,4,Married,5,0,17.0,1.7510234462225531,2.0,3.0,289
0,24.0,Mobile Phone,1,24.0,Debit Card,Female,3.0,5,Fashion,5,Married,7,0,16.0,2.0,3.0080044676098288,12.0,258
0,1.0,Mobile Phone,3,9.0,Credit Card,Female,3.0,4,Mobile Phone,3,Single,3,0,20.0,1.0,3.0,3.0,153
0,8.0,Mobile Phone,1,10.0,Debit Card,Female,4.0,4,Laptop & Accessory,4,Married,3,0,13.0,8.0,8.0,10.0,179
0,10.0,Phone,1,14.0,Debit Card,Male,4.0,4,Mobile Phone,4,Single,4,0,12.0,1.0,2.0,4.0,145
0,23.0,Mobile Phone,1,13.0,Debit Card,Female,3.0,5,Grocery,3,Married,4,1,20.0,1.7510234462225531,3.0,13.0,265
0,10.0,Computer,1,7.0,Credit Card,Female,3.0,5,Laptop & Accessory,3,Married,2,0,16.0,2.0,2.0,3.0,169
0,10.0,Mobile Phone,1,10.0,Debit Card,Male,4.0,2,Laptop & Accessory,5,Married,8,0,21.0,2.0,2.0,5.0,193
0,28.0,Mobile Phone,1,29.0,Credit Card,Female,4.0,4,Grocery,3,Married,5,0,15.707921714818266,3.0,5.0,8.0,299
0,17.0,Mobile Phone,1,22.0,Debit Card,Male,4.0,5,Grocery,3,Married,3,0,15.707921714818266,5.0,7.0,12.0,301
1,1.0,Computer,3,19.0,UPI,Male,3.0,4,Laptop & Accessory,1,Single,5,1,25.0,4.0,7.0,8.0,171
0,12.0,Computer,1,7.0,Debit Card,Male,3.0,4,Laptop & Accessory,1,Married,9,0,16.0,3.0,3.0,10.0,172
0,3.0,Mobile Phone,3,12.0,Credit Card,Male,3.0,5,Laptop & Accessory,4,Married,3,1,14.0,1.0,2.0,10.0,167
0,7.0,Mobile Phone,3,9.0,Credit Card,Male,4.0,4,Laptop & Accessory,1,Married,3,0,15.0,2.0,2.0,5.0,180
0,6.0,Mobile Phone,1,9.0,Credit Card,Male,3.0,4,Laptop & Accessory,4,Married,2,0,14.0,1.0,2.0,7.0,180
0,5.0,Mobile Phone,3,12.0,Debit Card,Female,4.0,4,Laptop & Accessory,1,Married,3,0,12.0,1.0,2.0,3.0,180
0,23.0,Mobile Phone,1,23.0,Credit Card,Female,4.0,4,Mobile Phone,5,Married,6,1,17.0,2.0,3.0,3.0,151
0,12.0,Computer,1,9.0,Credit Card,Female,3.0,5,Mobile Phone,4,Single,3,0,23.0,2.0,4.0,4.0,149
0,21.0,Mobile Phone,3,9.0,Debit Card,Female,3.0,2,Grocery,4,Married,8,0,15.0,1.7510234462225531,2.0,3.0,285
0,23.0,Mobile Phone,1,7.0,Debit Card,Male,3.0,4,Grocery,3,Single,6,0,15.0,1.7510234462225531,2.0,1.0,279
0,15.0,Mobile Phone,3,30.0,Debit Card,Male,4.0,4,Fashion,3,Single,5,1,17.0,1.0,2.0,3.0,196
0,1.0,Mobile Phone,3,16.0,Debit Card,Male,3.0,4,Mobile Phone,5,Single,3,0,12.0,1.0,2.0,3.0,152
0,7.0,Computer,3,23.0,Debit Card,Female,3.0,4,Laptop & Accessory,1,Married,3,1,26.0,1.0,2.0,3.0,179
0,10.0,Mobile Phone,1,33.0,Debit Card,Male,4.0,4,Laptop & Accessory,3,Married,8,0,15.0,2.0,2.0,3.0,178
0,18.0,Mobile Phone,2,7.0,Debit Card,Female,3.0,4,Mobile Phone,1,Married,6,1,19.0,3.0,3.0,3.0,157
1,1.0,Mobile Phone,1,15.0,Credit Card,Male,4.0,5,Mobile Phone,3,Single,3,1,12.0,2.0,2.0,3.0,165
0,12.0,Mobile Phone,1,11.0,Credit Card,Female,3.0,4,Mobile Phone,3,Married,9,0,20.0,1.0,2.0,1.0,158
0,27.0,Mobile Phone,1,31.0,Credit Card,Male,3.0,2,Fashion,1,Married,5,0,16.0,1.0,2.0,3.0,195
1,12.0,Computer,3,14.0,Credit Card,Female,4.0,4,Mobile Phone,3,Married,4,1,12.0,5.0,8.0,8.0,152
1,1.0,Phone,1,9.0,Debit Card,Male,4.0,4,Mobile Phone,4,Single,3,0,13.0,2.0,2.0,1.0,139
0,1.0,Computer,1,14.0,Credit Card,Male,4.0,4,Mobile Phone,1,Single,3,0,21.0,6.0,6.0,8.0,151
0,29.0,Mobile Phone,1,29.0,COD,Male,4.0,5,Mobile Phone,4,Married,7,0,13.0,2.0,2.0,3.0,160
0,8.0,Mobile Phone,1,12.0,Credit Card,Male,3.0,5,Laptop & Accessory,1,Married,3,0,15.0,5.0,5.0,14.0,165
0,31.0,Mobile Phone,1,7.0,Credit Card,Male,4.0,6,Fashion,1,Married,5,0,21.0,1.0,3.0080044676098288,1.0,234
0,7.0,Phone,1,28.0,Credit Card,Male,4.0,2,Mobile Phone,4,Married,3,0,19.0,3.0,3.0,14.0,145
0,11.0,Computer,3,7.0,Credit Card,Male,3.0,6,Laptop & Accessory,1,Married,3,0,15.0,1.0,2.0,4.543490512868683,220
0,8.0,Mobile Phone,1,26.0,Debit Card,Female,3.0,5,Mobile Phone,1,Married,3,0,13.0,4.0,9.0,8.0,154
1,1.0,Phone,3,14.0,Debit Card,Male,3.0,4,Mobile Phone,1,Married,3,1,22.0,2.0,2.0,3.0,148
0,18.0,Mobile Phone,1,9.0,Debit Card,Female,4.0,2,Fashion,1,Married,3,1,20.0,7.0,7.0,8.0,204
0,9.0,Computer,1,9.0,Credit Card,Male,4.0,5,Mobile Phone,1,Single,2,1,15.0,2.0,2.0,5.0,174
0,17.0,Mobile Phone,3,9.0,Credit Card,Male,4.0,4,Laptop & Accessory,1,Married,3,1,18.0,1.0,9.0,9.0,203
0,1.0,Mobile Phone,1,16.0,Credit Card,Male,4.0,2,Mobile Phone,3,Married,3,0,17.0,1.0,2.0,5.0,169
0,15.0,Mobile Phone,3,13.0,E wallet,Male,3.0,4,Fashion,3,Single,3,0,13.0,7.0,9.0,4.543490512868683,217
0,3.0,Mobile Phone,1,16.0,Credit Card,Female,3.0,4,Mobile Phone,3,Married,11,0,18.0,2.0,2.0,3.0,155
0,10.0,Mobile Phone,3,9.0,Debit Card,Female,3.0,4,Laptop & Accessory,1,Single,5,0,16.0,4.0,7.0,8.0,170
0,19.0,Computer,1,7.0,Debit Card,Male,4.0,5,Fashion,3,Married,5,0,24.0,4.0,3.0080044676098288,5.0,232
1,1.0,Phone,2,29.0,UPI,Male,3.0,6,Mobile Phone,3,Married,3,0,12.0,1.0,2.0,1.0,141
1,11.0,Computer,3,16.0,Debit Card,Male,3.0,6,Grocery,3,Married,9,0,12.0,2.0,3.0080044676098288,11.0,254
0,1.0,Phone,1,24.0,Credit Card,Male,4.0,6,Mobile Phone,3,Married,3,0,16.0,1.0,2.0,3.0,148
0,19.0,Mobile Phone,1,35.0,Cash on Delivery,Female,3.0,5,Grocery,4,Single,3,0,15.707921714818266,4.0,9.0,7.0,292
0,6.0,Computer,1,17.0,Debit Card,Male,3.0,4,Mobile Phone,3,Married,8,0,14.0,1.0,2.0,4.0,159
0,5.0,Mobile Phone,1,9.0,Debit Card,Male,4.0,4,Mobile Phone,3,Married,3,0,15.0,1.0,2.0,4.0,160
0,15.0,Computer,2,11.0,UPI,Male,3.0,6,Laptop & Accessory,4,Married,8,0,20.0,1.0,2.0,3.0,189
0,14.0,Mobile Phone,1,15.0,Debit Card,Female,4.0,4,Laptop & Accessory,5,Married,4,1,17.0,1.0,2.0,1.0,190
0,1.0,Mobile Phone,1,36.0,Credit Card,Male,4.0,4,Mobile Phone,5,Married,3,0,14.0,2.0,2.0,3.0,164
0,20.0,Mobile Phone,1,20.0,Debit Card,Male,3.0,4,Laptop & Accessory,4,Single,8,0,15.0,2.0,2.0,10.0,181
0,9.0,Mobile Phone,1,34.0,Debit Card,Male,3.0,4,Laptop & Accessory,3,Married,4,0,17.0,1.0,2.0,8.0,194
0,4.0,Mobile Phone,1,23.0,Debit Card,Male,3.0,4,Mobile Phone,1,Married,3,0,13.0,1.0,2.0,9.0,154
0,21.0,Computer,3,9.0,E wallet,Male,3.0,4,Laptop & Accessory,4,Married,9,0,12.0,1.0,2.0,1.0,175
0,20.0,Mobile Phone,3,9.0,Debit Card,Male,4.0,4,Fashion,1,Married,6,1,13.0,1.0,2.0,4.543490512868683,229
1,1.0,Mobile Phone,3,20.0,E wallet,Male,4.0,5,Laptop & Accessory,5,Married,7,1,14.0,3.0,3.0,3.0,186
1,1.0,Mobile Phone,3,7.0,Debit Card,Male,3.0,6,Laptop & Accessory,4,Single,8,0,16.0,1.0,2.0,1.0,192
0,1.0,Mobile Phone,1,11.0,Credit Card,Female,3.0,4,Mobile Phone,4,Single,3,0,14.0,2.0,2.0,3.0,158
0,5.0,Computer,1,31.0,COD,Female,2.0,4,Laptop & Accessory,1,Single,4,0,21.0,2.0,2.0,5.0,177
0,13.0,Computer,1,7.0,Debit Card,Male,4.0,4,Laptop & Accessory,1,Married,3,1,16.0,4.0,6.0,9.0,190
0,6.0,Mobile Phone,3,26.0,Debit Card,Male,4.0,6,Fashion,3,Married,5,0,14.0,2.0,2.0,4.543490512868683,221
0,14.0,Mobile Phone,3,14.0,Credit Card,Male,3.0,4,Others,4,Single,3,0,15.707921714818266,2.0,13.0,9.0,323
0,19.0,Mobile Phone,2,11.0,Debit Card,Female,3.0,6,Fashion,3,Married,6,0,22.0,2.0,2.0,4.543490512868683,223
0,4.0,Computer,1,9.0,COD,Female,4.0,5,Mobile Phone,5,Single,2,0,17.0,1.0,2.0,8.0,175
0,1.0,Computer,2,17.0,Credit Card,Male,3.0,4,Mobile Phone,1,Married,2,0,15.0,2.0,3.0,2.0,146
1,1.0,Computer,2,15.0,UPI,Female,4.0,5,Mobile Phone,1,Married,8,0,12.0,2.0,2.0,3.0,147
0,5.0,Mobile Phone,3,12.0,Cash on Delivery,Male,3.0,4,Laptop & Accessory,3,Married,3,0,20.0,1.0,2.0,3.0,208
0,1.0,Mobile Phone,1,15.0,Credit Card,Female,4.0,4,Mobile Phone,1,Single,3,0,12.0,2.0,2.0,5.0,159
1,1.0,Mobile Phone,3,16.0,E wallet,Female,3.0,6,Mobile Phone,4,Single,3,0,14.0,2.0,3.0,3.0,153
0,3.0,Computer,1,7.0,Debit Card,Male,4.0,2,Laptop & Accessory,3,Single,10,1,13.0,1.0,2.0,3.0,188
0,4.0,Mobile Phone,3,22.0,E wallet,Male,4.0,5,Fashion,5,Married,4,0,12.0,1.0,2.0,8.0,196
0,8.0,Mobile Phone,1,9.0,Credit Card,Male,4.0,2,Mobile Phone,1,Married,2,1,15.0,1.0,2.0,3.0,154
0,7.0,Computer,3,9.0,E wallet,Female,4.0,4,Laptop & Accessory,4,Single,10,0,16.0,1.0,2.0,8.0,176
0,23.0,Mobile Phone,3,18.0,E wallet,Female,4.0,4,Laptop & Accessory,1,Single,5,0,13.0,1.0,2.0,5.0,170
1,1.0,Mobile Phone,3,23.0,Debit Card,Female,4.0,4,Fashion,5,Single,4,1,21.0,1.0,2.0,4.543490512868683,211
0,12.0,Computer,1,9.0,Credit Card,Female,4.0,5,Mobile Phone,4,Married,6,0,15.0,1.0,2.0,6.0,150
1,1.0,Mobile Phone,3,23.0,E wallet,Male,4.0,4,Fashion,3,Married,4,0,14.0,2.0,2.0,1.0,207
0,3.0,Phone,1,11.0,COD,Female,4.0,5,Mobile Phone,5,Married,3,0,14.0,1.0,2.0,1.0,146
0,1.0,Mobile Phone,1,23.0,Debit Card,Male,3.0,2,Laptop & Accessory,3,Married,5,0,17.0,2.0,2.0,8.0,178
0,6.0,Computer,1,12.0,COD,Male,4.0,4,Mobile Phone,4,Single,4,0,15.0,2.0,2.0,8.0,152
0,12.0,Mobile Phone,1,25.0,Credit Card,Male,3.0,6,Laptop & Accessory,1,Married,5,1,17.0,1.0,2.0,1.0,183
1,7.0,Computer,1,24.0,COD,Male,3.0,5,Mobile Phone,3,Married,11,1,17.0,2.0,2.0,1.0,149
0,16.0,Mobile Phone,1,19.0,Credit Card,Male,3.0,4,Mobile Phone,4,Married,10,0,23.0,2.0,2.0,5.0,153
0,29.0,Mobile Phone,1,9.0,Credit Card,Male,3.0,5,Others,5,Married,10,0,15.707921714818266,1.0,2.0,1.0,315
0,7.0,Computer,1,11.0,COD,Male,3.0,4,Laptop & Accessory,4,Married,7,0,16.0,1.0,2.0,8.0,156
0,15.0,Phone,1,16.0,Debit Card,Male,4.0,4,Mobile Phone,5,Married,3,0,21.0,2.0,2.0,5.0,148
0,8.0,Computer,3,17.0,Debit Card,Male,3.0,4,Laptop & Accessory,3,Married,3,1,15.0,2.0,2.0,8.0,165
0,27.0,Computer,1,7.0,Credit Card,Female,3.0,5,Grocery,3,Married,6,1,21.0,1.0,3.0080044676098288,3.0,255
0,17.0,Mobile Phone,2,9.0,Debit Card,Male,4.0,4,Mobile Phone,1,Single,2,0,14.0,1.0,2.0,9.0,160
0,8.0,Mobile Phone,3,10.0,Debit Card,Female,3.0,6,Laptop & Accessory,1,Single,7,0,13.0,2.0,3.0,3.0,185
1,1.0,Mobile Phone,3,14.0,E wallet,Male,3.0,4,Mobile Phone,4,Single,3,0,14.0,2.0,2.0,1.0,152
0,12.0,Mobile Phone,1,13.0,UPI,Female,3.0,5,Mobile Phone,3,Married,3,0,12.0,1.0,2.0,5.0,162
1,1.0,Phone,1,15.0,Credit Card,Female,4.0,4,Mobile Phone,5,Married,3,1,18.0,1.0,2.0,1.0,149
0,5.0,Mobile Phone,3,36.0,E wallet,Female,4.0,5,Laptop & Accessory,1,Married,3,0,15.0,3.0,6.0,8.0,180
0,25.0,Mobile Phone,1,10.0,Cash on Delivery,Female,3.0,4,Fashion,3,Married,4,0,12.0,3.0,3.0080044676098288,3.0,256
0,11.0,Mobile Phone,3,16.0,E wallet,Male,3.0,5,Laptop & Accessory,4,Married,3,0,15.0,1.0,2.0,4.0,167
0,20.0,Mobile Phone,1,9.0,Credit Card,Male,3.0,4,Others,1,Married,9,1,15.707921714818266,2.0,3.0,3.0,318
0,10.0,Mobile Phone,1,17.0,Debit Card,Male,3.0,4,Fashion,5,Married,9,1,14.0,2.0,6.0,8.0,208
1,8.0,Computer,1,7.0,Credit Card,Male,3.0,4,Mobile Phone,4,Married,3,1,13.0,2.0,3.0,4.0,148
0,11.0,Mobile Phone,2,15.0,UPI,Male,3.0,4,Laptop & Accessory,4,Married,4,0,14.0,5.0,5.0,8.0,166
1,1.0,Mobile Phone,3,34.0,Debit Card,Male,3.0,4,Laptop & Accessory,1,Single,3,1,19.0,1.0,8.0,8.0,183
0,7.0,Mobile Phone,1,15.0,Debit Card,Male,3.0,2,Mobile Phone,5,Married,8,0,20.0,7.0,8.0,7.0,156
0,2.0,Phone,1,7.0,Debit Card,Male,3.0,4,Mobile Phone,1,Married,3,0,12.0,1.0,2.0,4.0,145
0,13.0,Mobile Phone,1,17.0,Credit Card,Male,4.0,4,Fashion,3,Single,9,0,22.0,3.0,3.0080044676098288,3.0,260
0,20.0,Computer,3,33.0,Debit Card,Male,4.0,5,Laptop & Accessory,4,Single,10,0,16.0,3.0,3.0,3.0,205
0,14.0,Mobile Phone,1,9.0,Debit Card,Female,3.0,4,Mobile Phone,5,Married,6,0,18.0,2.0,2.0,3.0,159
0,16.0,Mobile Phone,1,20.0,Credit Card,Male,4.0,2,Laptop & Accessory,5,Married,7,0,19.0,2.0,2.0,1.0,180
0,9.0,Computer,1,9.0,Credit Card,Male,3.0,4,Laptop & Accessory,1,Married,4,0,15.0,1.0,2.0,8.0,183
0,12.0,Computer,2,9.0,UPI,Male,4.0,4,Mobile Phone,4,Married,7,0,14.0,4.0,4.0,9.0,151
1,1.0,Computer,1,16.0,Debit Card,Male,4.0,4,Laptop & Accessory,5,Married,6,0,18.0,1.0,2.0,8.0,178
1,1.0,Mobile Phone,1,17.0,Credit Card,Male,3.0,4,Laptop & Accessory,5,Single,3,0,16.0,1.0,2.0,9.0,167
0,13.0,Computer,3,27.0,Debit Card,Male,3.0,4,Laptop & Accessory,1,Married,4,0,19.0,2.0,3.0,3.0,166
0,17.0,Computer,1,16.0,Debit Card,Male,3.0,4,Mobile Phone,3,Single,6,0,14.0,1.0,2.0,3.0,149
0,15.0,Mobile Phone,1,12.0,Debit Card,Male,3.0,2,Laptop & Accessory,4,Single,5,0,13.0,2.0,2.0,3.0,194
0,15.0,Mobile Phone,3,11.0,E wallet,Female,3.0,4,Fashion,3,Married,2,1,14.0,1.0,14.0,4.543490512868683,229
0,4.0,Mobile Phone,1,17.0,Credit Card,Female,4.0,4,Fashion,3,Single,11,0,15.0,1.0,2.0,4.543490512868683,222
1,1.0,Phone,2,27.0,Credit Card,Female,4.0,4,Mobile Phone,4,Married,2,1,12.0,1.0,2.0,5.0,146
1,10.0,Mobile Phone,1,28.0,Credit Card,Female,4.0,4,Laptop & Accessory,4,Married,6,0,23.0,2.0,4.0,4.543490512868683,214
0,14.0,Mobile Phone,1,7.0,Debit Card,Female,3.0,4,Laptop & Accessory,1,Married,6,0,18.0,1.0,2.0,4.0,190
0,8.0,Mobile Phone,3,15.0,Cash on Delivery,Male,4.0,2,Laptop & Accessory,3,Married,3,0,22.0,1.0,5.0,9.0,193
0,31.0,Computer,3,9.0,Credit Card,Male,3.0,4,Grocery,4,Married,6,0,23.0,11.0,15.0,15.0,25
0,9.0,Mobile Phone,1,30.0,Credit Card,Male,4.0,6,Mobile Phone,3,Married,2,0,17.0,2.0,2.0,4.0,152
0,21.0,Mobile Phone,1,11.0,Debit Card,Female,4.0,5,Fashion,4,Married,10,1,13.0,3.0,15.0,4.543490512868683,228
0,14.0,Mobile Phone,1,19.0,Debit Card,Female,3.0,4,Laptop & Accessory,5,Married,4,0,13.0,8.0,8.0,8.0,169
0,28.0,Mobile Phone,1,14.0,Credit Card,Female,4.0,4,Laptop & Accessory,1,Married,6,0,16.0,2.0,2.0,8.0,194
0,5.0,Computer,3,14.0,E wallet,Female,4.0,4,Fashion,5,Married,4,0,15.0,3.0,3.0,4.543490512868683,221
0,2.0,Mobile Phone,1,7.0,Credit Card,Female,4.0,4,Mobile Phone,5,Married,3,0,26.0,2.0,2.0,3.0,161
0,12.0,Mobile Phone,3,9.0,E wallet,Female,4.0,6,Laptop & Accessory,1,Married,4,1,21.0,1.0,2.0,4.0,179
0,1.0,Mobile Phone,3,17.0,Credit Card,Male,3.0,4,Laptop & Accessory,1,Single,3,0,14.0,1.0,2.0,3.0,172
0,31.0,Computer,1,22.0,Debit Card,Male,3.0,4,Grocery,3,Married,4,1,15.0,1.7510234462225531,3.0,3.0,283
0,1.0,Computer,1,21.0,Credit Card,Female,3.0,4,Mobile Phone,3,Single,3,0,17.0,2.0,2.0,1.0,140
1,1.0,Mobile Phone,2,25.0,UPI,Male,3.0,2,Mobile Phone,5,Married,2,0,18.0,2.0,2.0,1.0,155
1,1.0,Phone,2,20.0,UPI,Male,3.0,5,Mobile Phone,5,Married,6,1,16.0,2.0,3.0,1.0,148
0,19.0,Computer,3,9.0,Debit Card,Female,4.0,4,Laptop & Accessory,3,Married,6,0,23.0,4.0,6.0,8.0,177
0,10.0,Mobile Phone,1,9.0,UPI,Female,4.0,4,Laptop & Accessory,4,Married,6,1,23.0,1.0,2.0,1.0,195
0,17.0,Computer,3,9.0,Debit Card,Male,4.0,4,Laptop & Accessory,1,Married,3,0,21.0,6.0,8.0,8.0,182
0,1.0,Computer,1,12.0,Debit Card,Female,3.0,4,Mobile Phone,1,Single,2,1,15.0,2.0,2.0,3.0,149
0,3.0,Computer,1,27.0,Credit Card,Male,3.0,4,Mobile Phone,1,Married,3,0,14.0,2.0,4.0,11.0,163
0,6.0,Computer,3,17.0,E wallet,Male,4.0,4,Laptop & Accessory,1,Single,10,0,14.0,2.0,2.0,1.0,171
0,16.0,Computer,1,17.0,COD,Male,3.0,4,Mobile Phone,3,Married,5,0,23.0,2.0,4.0,4.0,154
0,21.0,Phone,1,16.0,Debit Card,Female,4.0,4,Mobile Phone,3,Single,6,0,13.0,2.0,3.0,1.0,146
0,20.0,Mobile Phone,1,9.0,Debit Card,Male,3.0,4,Fashion,1,Married,5,0,15.0,2.0,5.0,4.543490512868683,211
0,2.0,Computer,2,7.0,Debit Card,Male,3.0,4,Mobile Phone,1,Married,3,0,16.0,1.0,3.0,3.0,152
0,3.0,Mobile Phone,1,36.0,Debit Card,Male,4.0,6,Laptop & Accessory,3,Married,10,0,18.0,2.0,2.0,7.0,189
0,16.0,Mobile Phone,1,15.0,Debit Card,Male,3.0,4,Mobile Phone,3,Single,6,0,14.0,2.0,2.0,1.0,165
1,1.0,Mobile Phone,3,9.0,E wallet,Male,3.0,5,Laptop & Accessory,4,Single,9,1,13.0,3.0,3.0,4.543490512868683,224
0,20.0,Mobile Phone,3,10.0,Cash on Delivery,Female,3.0,2,Grocery,5,Married,4,0,13.0,2.0,3.0080044676098288,9.0,257
0,1.0,Mobile Phone,3,30.0,Credit Card,Female,3.0,5,Laptop & Accessory,3,Married,3,0,22.0,5.0,6.0,9.0,160
0,3.0,Mobile Phone,2,13.0,Credit Card,Male,3.0,5,Mobile Phone,4,Married,3,0,12.0,2.0,2.0,1.0,153
0,17.0,Mobile Phone,1,13.0,Credit Card,Female,3.0,5,Others,3,Married,9,0,15.707921714818266,4.0,7.0,15.0,319
0,22.0,Mobile Phone,1,17.0,Debit Card,Male,4.0,5,Others,4,Married,6,0,15.707921714818266,4.0,13.0,10.0,322
1,1.0,Computer,1,31.0,Debit Card,Male,4.0,5,Mobile Phone,1,Single,3,1,25.0,2.0,2.0,1.0,149
1,10.0,Mobile Phone,3,17.0,Debit Card,Female,4.0,4,Fashion,4,Married,7,0,22.0,1.0,2.0,8.0,198
0,1.0,Computer,1,22.0,Debit Card,Female,4.0,5,Mobile Phone,5,Married,2,0,20.0,8.0,8.0,4.0,173
0,13.0,Mobile Phone,1,26.0,UPI,Male,3.0,4,Laptop & Accessory,1,Married,10,0,15.0,2.0,3.0,3.0,164
0,29.0,Mobile Phone,1,9.0,COD,Male,4.0,5,Mobile Phone,1,Married,10,0,21.0,1.0,2.0,5.0,152
0,2.0,Mobile Phone,3,10.0,Credit Card,Female,4.0,4,Mobile Phone,4,Married,3,0,20.0,2.0,2.0,1.0,154
1,1.0,Phone,3,16.0,Credit Card,Male,3.0,4,Mobile Phone,1,Single,3,0,14.0,1.0,2.0,1.0,136
1,1.0,Mobile Phone,1,14.0,Debit Card,Male,4.0,4,Mobile Phone,4,Single,3,1,24.0,2.0,2.0,1.0,150
0,10.0,Mobile Phone,3,17.0,COD,Female,4.0,5,Laptop & Accessory,3,Married,3,1,14.0,2.0,2.0,8.0,182
0,5.0,Mobile Phone,1,27.0,Debit Card,Male,3.0,4,Laptop & Accessory,3,Married,3,0,12.0,1.0,2.0,3.0,167
0,8.0,Mobile Phone,3,11.0,Debit Card,Male,4.0,4,Fashion,1,Married,4,1,14.0,1.0,2.0,4.543490512868683,222
0,3.0,Phone,1,14.0,Debit Card,Male,3.0,4,Mobile Phone,5,Single,5,0,15.0,1.0,2.0,3.0,146
0,11.0,Mobile Phone,1,14.0,Credit Card,Male,4.0,4,Laptop & Accessory,5,Married,7,1,23.0,1.0,2.0,5.0,168
0,9.0,Mobile Phone,1,23.0,UPI,Female,3.0,5,Laptop & Accessory,4,Married,2,1,12.0,2.0,2.0,3.0,173
0,19.0,Mobile Phone,1,32.0,Debit Card,Female,4.0,5,Laptop & Accessory,1,Married,2,0,14.0,1.0,4.0,9.0,184
0,10.0,Computer,2,9.0,UPI,Male,4.0,5,Laptop & Accessory,1,Single,3,0,22.0,2.0,2.0,9.0,164
0,14.0,Mobile Phone,1,7.0,Debit Card,Male,4.0,4,Grocery,5,Married,4,0,15.707921714818266,10.0,12.0,17.0,293
0,1.0,Mobile Phone,1,7.0,Debit Card,Female,3.0,5,Mobile Phone,3,Married,3,1,14.0,1.0,2.0,1.0,154
0,1.0,Mobile Phone,3,9.0,Credit Card,Female,3.0,2,Laptop & Accessory,3,Single,2,0,15.0,1.0,2.0,8.0,190
0,22.0,Computer,1,29.0,Credit Card,Female,3.0,4,Grocery,1,Married,5,0,15.707921714818266,1.0,5.0,8.0,297
0,18.0,Mobile Phone,1,7.0,Debit Card,Male,4.0,2,Laptop & Accessory,5,Married,4,0,16.0,3.0,3.0,3.0,175
1,1.0,Computer,1,23.0,COD,Male,3.0,6,Mobile Phone,5,Married,3,1,24.0,4.0,4.0,1.0,148
1,20.0,Mobile Phone,1,31.0,Debit Card,Male,4.0,4,Mobile Phone,1,Single,3,0,17.0,1.0,2.0,1.0,151
0,10.0,Mobile Phone,3,24.0,E wallet,Male,3.0,5,Laptop & Accessory,4,Married,4,0,17.0,2.0,2.0,4.0,180
0,15.0,Mobile Phone,3,15.0,E wallet,Female,3.0,4,Laptop & Accessory,4,Married,7,0,22.0,2.0,2.0,5.0,169
0,16.0,Mobile Phone,1,13.0,Credit Card,Male,3.0,4,Fashion,5,Married,11,0,14.0,4.0,3.0080044676098288,8.0,258
0,5.0,Mobile Phone,3,17.0,Credit Card,Female,3.0,4,Laptop & Accessory,1,Married,4,1,12.0,1.0,2.0,5.0,191
0,8.0,Mobile Phone,3,10.0,Credit Card,Female,4.0,5,Laptop & Accessory,1,Married,5,1,13.0,1.0,2.0,2.0,206
0,5.0,Mobile Phone,1,11.0,Credit Card,Female,4.0,2,Mobile Phone,3,Married,10,0,13.0,3.0,3.0,3.0,165
0,1.0,Computer,1,13.0,UPI,Male,4.0,2,Mobile Phone,1,Married,2,0,19.0,3.0,8.0,8.0,150
0,19.0,Computer,1,7.0,Credit Card,Male,3.0,4,Laptop & Accessory,3,Single,6,0,13.0,2.0,2.0,4.0,179
0,7.0,Mobile Phone,3,17.0,E wallet,Male,3.0,4,Laptop & Accessory,3,Single,3,0,15.0,1.0,2.0,10.0,180
0,2.0,Computer,3,7.0,Debit Card,Male,3.0,5,Laptop & Accessory,1,Married,3,1,13.0,1.0,2.0,8.0,193
1,1.0,Computer,3,31.0,COD,Male,3.0,2,Mobile Phone,5,Single,3,0,18.0,2.0,2.0,1.0,136
0,13.0,Computer,3,28.0,Debit Card,Female,3.0,6,Laptop & Accessory,3,Married,8,0,20.0,1.0,2.0,3.0,182
0,1.0,Phone,1,9.0,COD,Male,3.0,4,Mobile Phone,4,Married,3,0,12.0,2.0,2.0,3.0,147
0,8.0,Computer,1,29.0,UPI,Male,3.0,5,Laptop & Accessory,1,Married,3,1,16.0,4.0,7.0,12.0,182
1,1.0,Mobile Phone,3,20.0,E wallet,Female,3.0,4,Laptop & Accessory,3,Single,5,1,12.0,3.0,3.0,4.543490512868683,224
0,21.0,Computer,1,21.0,COD,Male,4.0,4,Laptop & Accessory,4,Married,10,0,19.0,1.0,2.0,8.0,180
0,30.0,Mobile Phone,3,18.0,E wallet,Female,3.0,5,Laptop & Accessory,5,Married,6,0,17.0,1.0,2.0,1.0,179
0,13.0,Mobile Phone,1,16.0,Credit Card,Male,3.0,4,Laptop & Accessory,5,Married,3,0,26.0,5.0,8.0,10.0,177
0,12.0,Computer,1,15.0,Credit Card,Female,3.0,5,Laptop & Accessory,4,Married,3,1,17.0,2.0,2.0,8.0,146
0,31.0,Mobile Phone,3,28.0,Debit Card,Female,4.0,4,Grocery,1,Married,6,1,15.707921714818266,2.0,2.0,1.0,304
1,1.0,Computer,1,12.0,Debit Card,Female,3.0,2,Mobile Phone,3,Single,5,1,15.0,1.0,2.0,4.0,149
0,12.0,Mobile Phone,1,16.0,Debit Card,Male,4.0,4,Mobile Phone,1,Married,4,0,20.0,2.0,2.0,4.0,173
0,23.0,Computer,1,9.0,Debit Card,Male,3.0,4,Others,1,Married,5,0,15.707921714818266,3.0,5.0,4.0,317
0,16.0,Mobile Phone,3,19.0,E wallet,Male,4.0,4,Laptop & Accessory,1,Married,5,1,13.0,1.0,2.0,1.0,176
1,1.0,Computer,2,29.0,UPI,Female,3.0,5,Mobile Phone,4,Married,3,0,13.0,2.0,2.0,1.0,154
0,9.0,Mobile Phone,3,25.0,Credit Card,Male,4.0,4,Laptop & Accessory,5,Married,2,0,17.0,1.0,2.0,5.0,25
0,2.0,Computer,1,23.0,Credit Card,Male,3.0,4,Mobile Phone,3,Single,3,0,15.0,1.0,2.0,5.0,146
0,5.0,Computer,1,10.0,Credit Card,Male,3.0,4,Mobile Phone,5,Married,3,1,14.0,1.0,3.0,4.0,156
0,10.0,Computer,1,16.0,Debit Card,Male,4.0,2,Mobile Phone,4,Married,3,0,23.0,2.0,2.0,3.0,153
0,8.0,Mobile Phone,3,7.0,E wallet,Male,3.0,4,Fashion,1,Single,3,0,22.0,2.0,3.0,4.543490512868683,224
0,8.0,Mobile Phone,3,20.0,Credit Card,Male,3.0,4,Fashion,3,Married,3,0,19.0,2.0,2.0,4.543490512868683,211
0,1.0,Mobile Phone,1,7.0,Credit Card,Male,4.0,4,Mobile Phone,5,Single,2,0,14.0,4.0,8.0,7.0,154
0,3.0,Mobile Phone,1,7.0,Debit Card,Male,3.0,4,Laptop & Accessory,5,Married,2,0,13.0,2.0,2.0,3.0,179
0,6.0,Computer,1,22.0,Credit Card,Female,3.0,4,Laptop & Accessory,1,Married,7,0,19.0,1.0,2.0,3.0,192
0,5.0,Computer,1,7.0,Debit Card,Male,3.0,6,Laptop & Accessory,5,Married,3,0,22.0,2.0,9.0,8.0,175
1,1.0,Phone,1,24.0,COD,Male,3.0,5,Mobile Phone,1,Married,7,0,13.0,1.0,2.0,4.0,149
0,12.0,Mobile Phone,3,7.0,Debit Card,Male,3.0,5,Mobile Phone,5,Single,6,0,15.0,1.0,2.0,1.0,154
0,9.0,Mobile Phone,3,14.0,Debit Card,Female,3.0,4,Laptop & Accessory,1,Married,3,1,12.0,2.0,2.0,10.0,177
0,1.0,Mobile Phone,3,16.0,E wallet,Male,3.0,4,Laptop & Accessory,1,Single,3,0,15.0,1.0,2.0,8.0,166
0,6.0,Mobile Phone,1,12.0,Debit Card,Male,3.0,5,Laptop & Accessory,1,Single,10,0,25.0,1.0,2.0,4.543490512868683,222
1,1.0,Computer,3,33.0,E wallet,Male,4.0,4,Laptop & Accessory,1,Married,3,1,12.0,1.0,2.0,9.0,181
1,17.0,Mobile Phone,3,31.0,Debit Card,Male,4.0,4,Fashion,5,Single,8,1,14.0,3.0,3.0,4.543490512868683,229
0,28.0,Mobile Phone,1,16.0,Debit Card,Female,4.0,4,Laptop & Accessory,3,Married,5,0,12.0,1.0,3.0,4.0,154
0,7.0,Computer,1,14.0,Debit Card,Male,3.0,4,Laptop & Accessory,3,Married,3,0,21.0,3.0,3.0,9.0,185
0,17.0,Mobile Phone,1,18.0,Debit Card,Male,2.0,4,Fashion,3,Married,3,0,18.0,2.0,2.0,10.0,200
0,12.0,Computer,2,7.0,UPI,Male,3.0,4,Mobile Phone,4,Married,2,1,12.0,2.0,2.0,3.0,155
0,29.0,Mobile Phone,2,33.0,UPI,Male,4.0,2,Others,4,Married,6,1,15.707921714818266,2.0,2.0,5.0,321
0,5.0,Phone,1,9.0,Credit Card,Female,3.0,6,Mobile Phone,1,Married,3,1,12.0,2.0,2.0,1.0,136
0,13.0,Mobile Phone,3,22.0,E wallet,Male,4.0,4,Grocery,5,Single,2,0,13.0,5.0,3.0080044676098288,11.0,258
0,16.0,Computer,1,30.0,Debit Card,Male,3.0,5,Laptop & Accessory,3,Single,3,0,13.0,3.0,4.0,8.0,168
0,5.0,Computer,1,17.0,Credit Card,Female,3.0,4,Fashion,3,Married,6,0,21.0,4.0,3.0080044676098288,9.0,235
0,28.0,Mobile Phone,1,17.0,Credit Card,Female,4.0,4,Laptop & Accessory,5,Single,8,1,20.0,1.0,2.0,5.0,169
0,1.0,Mobile Phone,1,7.0,Debit Card,Male,3.0,5,Laptop & Accessory,3,Single,3,0,13.0,2.0,2.0,3.0,171
0,1.0,Mobile Phone,1,19.0,UPI,Male,4.0,4,Mobile Phone,1,Single,3,0,14.0,2.0,2.0,5.0,151
0,14.0,Computer,1,18.0,COD,Female,4.0,4,Laptop & Accessory,3,Married,3,0,12.0,3.0,10.0,5.0,188
0,14.0,Mobile Phone,3,9.0,E wallet,Female,4.0,4,Laptop & Accessory,4,Married,5,0,15.0,2.0,6.0,11.0,182
0,1.0,Phone,2,9.0,UPI,Female,3.0,4,Mobile Phone,4,Married,6,0,15.0,1.0,2.0,3.0,147
0,4.0,Mobile Phone,1,7.0,Credit Card,Male,4.0,4,Mobile Phone,4,Married,3,0,14.0,1.0,2.0,8.0,162
0,1.0,Mobile Phone,1,9.0,UPI,Male,3.0,4,Mobile Phone,3,Married,8,1,20.0,1.0,2.0,3.0,165
0,21.0,Mobile Phone,1,32.0,Credit Card,Male,3.0,4,Fashion,3,Single,4,0,24.0,2.0,13.0,4.543490512868683,211
0,7.0,Computer,1,7.0,Credit Card,Male,3.0,5,Mobile Phone,3,Married,3,0,13.0,1.0,2.0,1.0,145
0,12.0,Mobile Phone,3,7.0,Debit Card,Male,3.0,4,Laptop & Accessory,4,Married,2,0,16.0,5.0,6.0,9.0,169
0,5.0,Mobile Phone,3,9.0,Debit Card,Male,3.0,4,Mobile Phone,3,Married,2,0,20.0,2.0,2.0,3.0,156
0,12.0,Computer,1,13.0,Debit Card,Male,4.0,5,Laptop & Accessory,3,Married,4,0,12.0,3.0,8.0,8.0,178
0,16.0,Mobile Phone,1,25.0,Debit Card,Male,3.0,4,Laptop & Accessory,5,Married,8,1,18.0,1.0,2.0,3.0,179
0,15.0,Mobile Phone,1,7.0,Debit Card,Male,4.0,4,Mobile Phone,1,Married,5,0,23.0,1.0,2.0,1.0,153
0,21.0,Computer,1,7.0,Credit Card,Female,4.0,4,Fashion,4,Married,2,0,19.0,1.0,3.0080044676098288,13.0,245
0,9.0,Mobile Phone,1,18.0,Credit Card,Male,3.0,4,Mobile Phone,3,Married,9,1,12.0,1.0,3.0,3.0,152
0,1.0,Mobile Phone,1,7.0,Debit Card,Male,4.0,4,Mobile Phone,3,Single,2,0,13.0,1.0,2.0,3.0,159
0,9.0,Mobile Phone,1,16.0,Credit Card,Male,3.0,4,Laptop & Accessory,3,Single,3,0,20.0,1.0,2.0,9.0,176
0,7.0,Mobile Phone,1,22.0,Credit Card,Female,4.0,4,Laptop & Accessory,1,Married,2,1,14.0,6.0,9.0,2.0,37
0,6.0,Mobile Phone,1,36.0,Debit Card,Female,3.0,5,Mobile Phone,4,Single,3,0,14.0,4.0,5.0,2.0,153
0,14.0,Phone,1,7.0,Debit Card,Male,3.0,4,Mobile Phone,1,Married,10,0,20.0,1.0,2.0,1.0,149
0,6.0,Phone,3,7.0,Credit Card,Male,4.0,5,Mobile Phone,4,Married,2,0,15.0,1.0,3.0,3.0,148
0,13.0,Mobile Phone,1,31.0,Debit Card,Male,3.0,4,Laptop & Accessory,1,Single,9,0,14.0,2.0,2.0,8.0,166
0,12.0,Mobile Phone,1,17.0,Credit Card,Female,3.0,6,Fashion,3,Married,5,0,13.0,2.0,3.0080044676098288,12.0,257
0,6.0,Mobile Phone,3,7.0,E wallet,Female,3.0,4,Fashion,1,Married,3,0,20.0,4.0,6.0,4.543490512868683,229
0,11.0,Mobile Phone,1,17.0,Debit Card,Female,3.0,2,Fashion,1,Married,3,1,26.0,1.7510234462225531,7.0,9.0,262
0,1.0,Mobile Phone,3,15.0,UPI,Female,3.0,4,Laptop & Accessory,3,Married,2,1,23.0,2.0,2.0,5.0,174
0,26.0,Computer,3,127.0,Debit Card,Male,3.0,4,Mobile Phone,1,Married,4,0,16.0,2.0,2.0,1.0,160
0,18.0,Phone,1,7.0,Credit Card,Male,3.0,4,Mobile Phone,1,Single,8,1,13.0,1.0,2.0,3.0,149
0,1.0,Phone,3,12.0,Credit Card,Male,3.0,4,Mobile Phone,5,Single,3,1,12.0,2.0,2.0,3.0,149
0,13.0,Computer,1,16.0,Debit Card,Male,3.0,4,Others,1,Single,4,0,15.707921714818266,1.0,2.0,4.0,319
1,1.0,Computer,3,16.0,E wallet,Male,3.0,4,Mobile Phone,5,Married,3,0,20.0,2.0,2.0,1.0,143
0,10.0,Mobile Phone,3,10.0,Credit Card,Female,4.0,5,Fashion,1,Married,2,0,20.0,4.0,4.0,5.0,201
0,10.0,Computer,1,11.0,Debit Card,Female,4.0,4,Laptop & Accessory,4,Married,9,0,14.0,2.0,2.0,3.0,176
0,30.0,Computer,1,7.0,Debit Card,Male,3.0,4,Laptop & Accessory,3,Married,3,0,22.0,1.0,2.0,10.0,188
1,1.0,Mobile Phone,1,7.0,Credit Card,Male,3.0,4,Mobile Phone,1,Married,11,1,15.0,3.0,3.0,3.0,173
0,16.0,Mobile Phone,1,9.0,Debit Card,Male,3.0,4,Others,3,Married,7,0,15.707921714818266,2.0,5.0,15.0,314
1,20.0,Phone,1,14.0,COD,Male,4.0,4,Mobile Phone,3,Married,10,0,12.0,7.0,10.0,9.0,148
0,15.0,Mobile Phone,1,35.0,Debit Card,Female,3.0,5,Grocery,4,Married,2,0,24.0,2.0,3.0080044676098288,11.0,261
0,8.0,Mobile Phone,3,35.0,E wallet,Female,4.0,5,Laptop & Accessory,3,Married,3,0,22.0,2.0,2.0,8.0,192
0,10.0,Computer,3,22.0,E wallet,Male,3.0,6,Laptop & Accessory,1,Married,3,0,25.0,5.0,12.0,12.0,179
0,15.0,Mobile Phone,3,10.0,Debit Card,Male,3.0,5,Laptop & Accessory,4,Married,4,0,12.0,1.0,2.0,4.543490512868683,214
0,6.0,Phone,1,9.0,COD,Male,4.0,4,Mobile Phone,5,Single,3,0,15.0,2.0,2.0,3.0,149
0,9.0,Mobile Phone,2,33.0,Debit Card,Female,3.0,4,Fashion,1,Single,3,1,17.0,2.0,2.0,4.543490512868683,213
0,12.0,Mobile Phone,3,17.0,Debit Card,Female,4.0,4,Laptop & Accessory,1,Married,3,0,12.0,1.0,2.0,10.0,178
1,14.0,Computer,3,7.0,Debit Card,Male,4.0,4,Laptop & Accessory,3,Married,9,0,13.0,2.0,2.0,2.0,192
0,10.0,Mobile Phone,3,18.0,E wallet,Female,4.0,5,Laptop & Accessory,1,Married,6,0,14.0,2.0,2.0,1.0,192
0,19.0,Mobile Phone,3,27.0,Debit Card,Female,3.0,4,Laptop & Accessory,3,Single,10,0,16.0,2.0,2.0,2.0,174
0,14.0,Mobile Phone,1,9.0,Debit Card,Male,3.0,5,Mobile Phone,3,Single,4,0,15.0,1.0,3.0,3.0,153
0,9.0,Computer,1,25.0,Debit Card,Male,4.0,4,Laptop & Accessory,3,Married,3,1,15.0,2.0,2.0,3.0,182
0,14.0,Phone,1,9.0,Credit Card,Female,4.0,4,Mobile Phone,3,Married,4,0,15.0,2.0,2.0,3.0,145
0,9.0,Mobile Phone,1,7.0,Debit Card,Female,4.0,6,Mobile Phone,1,Married,3,0,13.0,1.0,2.0,2.0,155
0,3.0,Mobile Phone,1,20.0,UPI,Male,3.0,5,Laptop & Accessory,4,Married,6,1,14.0,2.0,2.0,4.0,165
0,3.0,Mobile Phone,1,35.0,Credit Card,Female,4.0,5,Mobile Phone,5,Single,3,0,15.0,1.0,2.0,5.0,163
1,14.0,Mobile Phone,3,35.0,E wallet,Male,3.0,5,Fashion,5,Married,6,1,14.0,1.0,3.0080044676098288,1.0,234
0,13.0,Mobile Phone,3,31.0,E wallet,Female,3.0,5,Grocery,1,Married,2,0,12.0,2.0,3.0080044676098288,7.0,245
0,5.0,Computer,1,12.0,Credit Card,Male,4.0,4,Laptop & Accessory,5,Single,2,0,20.0,1.0,2.0,4.543490512868683,224
0,1.0,Mobile Phone,3,12.0,UPI,Female,2.0,5,Mobile Phone,3,Single,2,0,19.0,1.0,2.0,1.0,155
0,10.0,Computer,1,30.0,Credit Card,Male,3.0,2,Laptop & Accessory,1,Married,6,0,18.0,1.0,2.0,4.0,151
0,13.0,Mobile Phone,1,13.0,Credit Card,Male,3.0,5,Fashion,5,Married,6,0,16.0,2.0,2.0,4.543490512868683,225
0,1.0,Mobile Phone,1,11.0,Debit Card,Male,3.0,2,Laptop & Accessory,4,Married,3,1,21.0,2.0,2.0,4.0,186
0,23.0,Computer,3,9.0,Credit Card,Male,4.0,5,Laptop & Accessory,4,Married,4,0,15.0,2.0,2.0,9.0,179
0,8.0,Mobile Phone,1,15.0,Credit Card,Male,3.0,2,Laptop & Accessory,3,Married,4,0,13.0,1.0,2.0,3.0,169
1,5.0,Mobile Phone,3,7.0,Debit Card,Female,4.0,4,Laptop & Accessory,1,Single,10,1,12.0,1.0,2.0,6.0,185
0,23.0,Computer,1,15.0,Debit Card,Male,4.0,5,Laptop & Accessory,4,Married,3,0,24.0,1.0,2.0,8.0,176
1,1.0,Phone,1,9.0,UPI,Male,4.0,5,Mobile Phone,3,Single,8,1,16.0,1.0,2.0,1.0,146
0,7.0,Computer,1,10.0,Debit Card,Female,3.0,4,Mobile Phone,3,Married,3,1,12.0,3.0,4.0,1.0,154
0,1.0,Mobile Phone,1,9.0,Credit Card,Male,3.0,4,Mobile Phone,4,Married,11,0,13.0,2.0,3.0,3.0,160
0,6.0,Computer,1,9.0,Debit Card,Male,4.0,4,Mobile Phone,1,Single,2,0,14.0,2.0,4.0,7.0,156
0,31.0,Mobile Phone,1,10.0,Credit Card,Female,3.0,2,Mobile Phone,5,Married,6,1,21.0,1.0,2.0,1.0,152
0,4.0,Mobile Phone,1,31.0,Debit Card,Male,4.0,4,Mobile Phone,3,Married,3,0,23.0,2.0,2.0,1.0,152
0,12.0,Computer,1,30.0,Debit Card,Male,3.0,5,Fashion,3,Single,2,0,22.0,2.0,2.0,4.543490512868683,220
0,10.0,Mobile Phone,1,34.0,Credit Card,Male,4.0,4,Laptop & Accessory,3,Married,8,0,14.0,1.0,8.0,8.0,177
0,9.0,Phone,1,23.0,Credit Card,Male,3.0,2,Mobile Phone,4,Married,2,0,14.0,2.0,2.0,4.0,149
0,3.0,Mobile Phone,1,22.0,Debit Card,Female,3.0,5,Laptop & Accessory,3,Single,2,1,13.0,2.0,2.0,9.0,167
0,5.0,Mobile Phone,1,33.0,Debit Card,Male,3.0,4,Mobile Phone,3,Married,3,0,18.0,4.0,5.0,4.0,154
0,8.0,Mobile Phone,1,26.0,Credit Card,Male,4.0,4,Mobile Phone,1,Married,2,0,12.0,1.0,2.0,3.0,152
1,1.0,Phone,1,31.0,Debit Card,Male,3.0,5,Mobile Phone,3,Single,7,1,15.0,1.0,2.0,4.0,145
0,3.0,Mobile Phone,1,28.0,Debit Card,Female,3.0,2,Fashion,5,Married,3,0,12.0,7.0,9.0,4.543490512868683,225
0,6.0,Mobile Phone,1,12.0,Debit Card,Male,4.0,2,Mobile Phone,4,Married,2,1,13.0,2.0,2.0,6.0,158
0,1.0,Computer,1,23.0,Credit Card,Male,4.0,2,Mobile Phone,1,Married,3,1,14.0,1.0,2.0,1.0,154
0,27.0,Mobile Phone,3,9.0,Debit Card,Female,4.0,5,Grocery,1,Married,4,0,17.0,1.7510234462225531,4.0,8.0,279
0,12.0,Mobile Phone,1,9.0,Debit Card,Male,3.0,4,Mobile Phone,1,Single,7,1,12.0,1.0,2.0,3.0,164
0,1.0,Computer,1,18.0,UPI,Female,4.0,2,Laptop & Accessory,3,Married,2,0,19.0,1.0,2.0,4.0,165
1,1.0,Mobile Phone,3,16.0,Debit Card,Male,3.0,5,Mobile Phone,5,Single,9,0,24.0,1.0,2.0,4.0,159
0,8.0,Mobile Phone,1,14.0,Debit Card,Female,3.0,4,Fashion,4,Single,2,0,12.0,1.0,3.0080044676098288,12.0,245
0,1.0,Phone,1,22.0,Debit Card,Male,4.0,4,Mobile Phone,1,Single,3,0,15.0,2.0,2.0,1.0,137
1,1.0,Mobile Phone,1,13.0,Credit Card,Male,3.0,4,Mobile Phone,5,Single,4,0,12.0,1.0,2.0,4.0,155
0,27.0,Mobile Phone,1,12.0,UPI,Female,3.0,4,Others,3,Married,6,0,15.707921714818266,2.0,5.0,9.0,316
1,1.0,Computer,1,23.0,Debit Card,Female,4.0,6,Mobile Phone,5,Single,3,1,23.0,1.0,7.0,8.0,164
0,16.0,Mobile Phone,3,15.0,E wallet,Male,3.0,4,Laptop & Accessory,4,Married,2,0,12.0,3.0,5.0,3.0,193
0,18.0,Mobile Phone,1,14.0,Credit Card,Female,3.0,5,Fashion,1,Married,5,0,15.0,1.0,6.0,4.543490512868683,227
0,20.0,Mobile Phone,3,9.0,E wallet,Female,3.0,4,Others,5,Single,5,0,15.707921714818266,3.0,3.0,2.0,314
0,7.0,Mobile Phone,1,9.0,Credit Card,Male,4.0,4,Mobile Phone,1,Single,6,0,12.0,1.0,2.0,1.0,150
0,18.0,Mobile Phone,1,17.0,UPI,Male,3.0,4,Laptop & Accessory,1,Married,4,1,14.0,1.0,2.0,4.0,190
0,4.0,Phone,1,16.0,Credit Card,Male,3.0,5,Mobile Phone,3,Single,3,0,14.0,1.0,2.0,9.0,147
1,3.0,Phone,3,12.0,COD,Male,3.0,4,Laptop & Accessory,1,Married,5,0,15.0,1.0,2.0,1.0,146
1,1.0,Phone,1,7.0,Credit Card,Male,4.0,4,Mobile Phone,1,Married,4,1,17.0,1.0,3.0,1.0,148
0,17.0,Mobile Phone,1,9.0,Credit Card,Female,4.0,2,Mobile Phone,3,Married,3,0,13.0,2.0,2.0,5.0,151
1,14.0,Mobile Phone,3,10.0,E wallet,Male,3.0,5,Mobile Phone,3,Married,3,1,15.0,2.0,2.0,3.0,152
0,9.0,Phone,3,9.0,E wallet,Female,4.0,4,Mobile Phone,1,Married,3,0,14.0,3.0,3.0,3.0,145
0,10.0,Mobile Phone,1,12.0,Debit Card,Female,3.0,5,Mobile Phone,5,Married,11,1,15.0,2.0,2.0,1.0,159
0,7.0,Computer,3,7.0,Debit Card,Female,3.0,2,Laptop & Accessory,5,Married,4,0,20.0,1.0,2.0,4.0,179
0,9.0,Phone,1,11.0,UPI,Male,4.0,4,Mobile Phone,1,Married,3,0,13.0,2.0,2.0,1.0,145
0,1.0,Phone,1,9.0,Debit Card,Female,3.0,4,Mobile Phone,5,Married,3,0,14.0,2.0,2.0,1.0,148
1,1.0,Phone,1,32.0,Debit Card,Male,3.0,6,Mobile Phone,3,Single,3,0,13.0,1.0,2.0,2.0,148
0,1.0,Computer,3,15.0,Debit Card,Male,3.0,4,Fashion,3,Single,3,0,16.0,2.0,2.0,4.543490512868683,212
0,4.0,Computer,1,7.0,Credit Card,Female,3.0,4,Laptop & Accessory,1,Single,3,0,24.0,2.0,4.0,8.0,165
1,5.0,Mobile Phone,1,19.0,Cash on Delivery,Female,3.0,4,Others,3,Married,3,0,15.707921714818266,2.0,16.0,9.0,320
0,8.0,Computer,3,30.0,E wallet,Male,4.0,4,Laptop & Accessory,3,Single,2,0,21.0,1.0,9.0,8.0,171
0,11.0,Mobile Phone,1,26.0,Debit Card,Male,4.0,4,Mobile Phone,4,Married,6,0,22.0,1.0,2.0,1.0,155
0,20.0,Computer,3,12.0,E wallet,Male,4.0,4,Laptop & Accessory,1,Single,6,1,22.0,2.0,2.0,9.0,183
0,9.0,Phone,1,15.0,Debit Card,Male,3.0,2,Mobile Phone,1,Married,3,0,20.0,2.0,2.0,2.0,148
1,12.0,Mobile Phone,1,7.0,Debit Card,Male,4.0,5,Fashion,3,Single,11,1,14.0,1.0,2.0,1.0,179
1,1.0,Mobile Phone,1,12.0,COD,Male,3.0,4,Mobile Phone,3,Single,3,1,14.0,1.0,3.0,3.0,159
0,18.0,Mobile Phone,3,7.0,E wallet,Female,4.0,4,Laptop & Accessory,5,Married,7,1,22.0,2.0,2.0,4.0,180
0,9.0,Computer,1,18.0,Credit Card,Male,4.0,5,Fashion,5,Married,4,1,14.0,2.0,3.0,4.543490512868683,224
0,1.0,Mobile Phone,3,30.0,E wallet,Female,3.0,5,Laptop & Accessory,1,Married,9,1,20.0,1.0,2.0,1.0,167
0,7.0,Computer,1,30.0,Debit Card,Female,4.0,4,Fashion,1,Single,3,1,13.0,4.0,3.0080044676098288,13.0,260
0,9.0,Computer,3,6.0,Debit Card,Male,4.0,4,Fashion,5,Married,3,0,23.0,1.0,2.0,4.543490512868683,216
0,9.0,Mobile Phone,1,30.0,Credit Card,Female,2.0,4,Mobile Phone,5,Married,5,1,16.0,1.0,3.0,3.0,165
0,5.0,Mobile Phone,1,14.0,Debit Card,Male,3.0,4,Laptop & Accessory,1,Married,5,0,23.0,1.0,2.0,8.0,184
0,11.0,Mobile Phone,1,7.0,Debit Card,Male,3.0,5,Laptop & Accessory,3,Married,3,0,19.0,1.0,2.0,8.0,185
0,6.0,Mobile Phone,1,7.0,Credit Card,Male,3.0,4,Laptop & Accessory,1,Married,3,1,23.0,6.0,8.0,9.0,187
0,12.0,Computer,1,36.0,Debit Card,Female,3.0,4,Laptop & Accessory,1,Single,3,0,12.0,7.0,10.0,10.0,149
0,24.0,Mobile Phone,1,14.0,Credit Card,Female,3.0,5,Others,3,Married,7,1,15.707921714818266,5.0,14.0,9.0,312
0,31.0,Mobile Phone,3,32.0,Debit Card,Female,5.0,4,Fashion,5,Single,9,0,12.0,7.0,8.0,10.0,201
0,10.0,Mobile Phone,1,15.0,Cash on Delivery,Female,3.0,4,Fashion,3,Married,3,0,14.0,8.0,13.0,4.543490512868683,226
0,29.0,Mobile Phone,1,15.0,Credit Card,Female,3.0,4,Grocery,3,Married,4,1,15.0,1.7510234462225531,2.0,3.0,273
0,10.0,Computer,1,18.0,Debit Card,Male,4.0,5,Laptop & Accessory,4,Single,3,0,14.0,2.0,2.0,4.0,190
0,19.0,Mobile Phone,1,14.0,Debit Card,Male,3.0,4,Fashion,5,Married,4,0,18.0,1.0,2.0,4.543490512868683,222
0,9.0,Computer,1,7.0,Credit Card,Male,4.0,4,Mobile Phone,5,Married,6,0,14.0,1.0,2.0,3.0,147
1,1.0,Mobile Phone,1,16.0,Credit Card,Male,4.0,5,Mobile Phone,3,Married,2,1,18.0,2.0,2.0,1.0,159
0,31.0,Computer,3,7.0,Debit Card,Female,3.0,5,Laptop & Accessory,3,Single,9,0,12.0,2.0,2.0,4.0,180
0,3.0,Mobile Phone,1,9.0,Debit Card,Male,4.0,4,Mobile Phone,4,Married,2,0,24.0,2.0,2.0,5.0,152
0,5.0,Mobile Phone,1,7.0,Credit Card,Male,3.0,4,Mobile Phone,4,Single,3,0,18.0,2.0,2.0,1.0,150
0,6.0,Mobile Phone,1,7.0,Debit Card,Male,4.0,4,Laptop & Accessory,4,Married,3,0,18.0,2.0,2.0,10.0,187
0,10.0,Mobile Phone,1,13.0,Debit Card,Female,3.0,2,Mobile Phone,1,Married,5,0,13.0,1.0,2.0,1.0,155
0,5.0,Mobile Phone,1,15.0,Debit Card,Female,4.0,4,Laptop & Accessory,1,Single,3,0,24.0,2.0,2.0,9.0,169
0,9.0,Mobile Phone,3,7.0,E wallet,Male,3.0,5,Laptop & Accessory,5,Single,2,0,15.0,2.0,3.0,9.0,168
0,19.0,Mobile Phone,1,13.0,UPI,Male,3.0,4,Fashion,5,Married,6,1,15.0,2.0,3.0080044676098288,1.0,257
0,11.0,Mobile Phone,1,14.0,Credit Card,Male,2.0,4,Fashion,3,Single,6,0,14.0,1.7510234462225531,2.0,3.0,262
0,20.0,Mobile Phone,2,12.0,Credit Card,Male,4.0,4,Laptop & Accessory,4,Married,3,1,23.0,2.0,2.0,3.0,175
0,4.0,Mobile Phone,1,7.0,Debit Card,Male,3.0,5,Laptop & Accessory,1,Married,3,1,13.0,2.0,4.0,1.0,176
0,9.0,Mobile Phone,1,7.0,Credit Card,Male,2.0,5,Mobile Phone,3,Single,3,0,19.0,2.0,2.0,5.0,154
0,29.0,Mobile Phone,3,7.0,Debit Card,Male,4.0,4,Fashion,1,Married,5,0,15.0,1.0,2.0,4.543490512868683,227
0,12.0,Computer,1,13.0,Credit Card,Female,4.0,6,Laptop & Accessory,1,Married,9,1,13.0,1.0,2.0,10.0,178
0,8.0,Mobile Phone,1,7.0,Credit Card,Male,4.0,4,Laptop & Accessory,4,Married,3,0,16.0,2.0,2.0,4.0,168
0,30.0,Mobile Phone,1,14.0,Debit Card,Male,3.0,6,Fashion,1,Single,6,0,12.0,1.0,2.0,3.0,198
0,1.0,Phone,3,9.0,COD,Male,4.0,4,Mobile Phone,5,Married,5,0,14.0,2.0,2.0,1.0,148
0,25.0,Phone,1,16.0,Debit Card,Male,4.0,4,Mobile Phone,1,Married,5,0,24.0,2.0,2.0,4.0,146
0,4.0,Mobile Phone,1,9.0,Debit Card,Male,5.0,5,Laptop & Accessory,1,Married,3,0,20.0,4.0,11.0,9.0,167
1,10.0,Mobile Phone,3,16.0,Credit Card,Male,4.0,5,Fashion,1,Single,3,0,17.0,4.0,5.0,4.543490512868683,221
0,14.0,Computer,1,7.0,Debit Card,Male,4.0,5,Grocery,4,Married,3,0,23.0,6.0,3.0080044676098288,12.0,260
0,25.0,Mobile Phone,3,28.0,E wallet,Male,4.0,4,Laptop & Accessory,1,Single,2,1,23.0,1.0,2.0,1.0,179
0,4.0,Mobile Phone,3,11.0,Credit Card,Female,4.0,5,Laptop & Accessory,4,Married,3,1,13.0,3.0,3.0,8.0,177
0,20.0,Computer,1,7.0,Credit Card,Male,3.0,5,Fashion,5,Married,4,1,14.0,5.0,3.0080044676098288,6.0,232
0,6.0,Mobile Phone,3,13.0,Credit Card,Male,3.0,4,Laptop & Accessory,3,Single,3,0,17.0,6.0,6.0,8.0,175
0,28.0,Mobile Phone,1,9.0,Cash on Delivery,Female,3.0,4,Fashion,3,Married,11,0,13.0,1.0,3.0080044676098288,4.0,260
0,1.0,Mobile Phone,3,10.0,UPI,Female,3.0,4,Laptop & Accessory,3,Married,2,0,22.0,1.0,2.0,3.0,175
0,2.0,Computer,3,11.0,Credit Card,Male,3.0,4,Laptop & Accessory,3,Married,3,0,16.0,1.0,2.0,5.0,167
0,31.0,Mobile Phone,3,17.0,Credit Card,Male,3.0,4,Grocery,3,Single,2,0,14.0,1.7510234462225531,2.0,9.0,264
0,18.0,Computer,1,30.0,Credit Card,Male,4.0,4,Laptop & Accessory,4,Married,6,0,13.0,1.0,2.0,3.0,145
1,1.0,Phone,2,13.0,UPI,Male,4.0,4,Mobile Phone,5,Married,6,1,23.0,1.0,2.0,3.0,146
0,6.0,Mobile Phone,1,7.0,Debit Card,Male,4.0,4,Mobile Phone,5,Single,3,0,14.0,1.0,2.0,1.0,155
1,1.0,Computer,1,13.0,Debit Card,Female,4.0,5,Mobile Phone,1,Single,3,1,19.0,1.0,2.0,1.0,154
0,8.0,Mobile Phone,1,13.0,UPI,Female,3.0,4,Laptop & Accessory,3,Single,3,0,15.0,1.0,3.0,11.0,173
0,11.0,Computer,1,9.0,Debit Card,Male,4.0,5,Laptop & Accessory,1,Married,7,0,15.0,2.0,2.0,1.0,177
0,31.0,Computer,2,9.0,UPI,Female,3.0,5,Others,1,Married,11,0,15.707921714818266,1.0,3.0,3.0,313
0,24.0,Computer,1,7.0,Debit Card,Female,4.0,4,Others,4,Married,5,1,15.707921714818266,1.0,2.0,8.0,307
1,1.0,Mobile Phone,3,12.0,E wallet,Male,3.0,5,Laptop & Accessory,3,Single,3,1,12.0,1.0,2.0,4.0,182
0,1.0,Mobile Phone,1,14.0,Credit Card,Male,4.0,5,Mobile Phone,1,Married,3,0,12.0,1.0,3.0,2.0,154
0,1.0,Mobile Phone,1,22.0,Credit Card,Female,3.0,4,Mobile Phone,1,Single,3,0,16.0,2.0,2.0,1.0,154
0,25.0,Computer,1,7.0,Credit Card,Female,2.0,5,Fashion,5,Single,5,0,21.0,5.0,13.0,9.0,200
1,1.0,Computer,1,14.0,Debit Card,Male,4.0,6,Laptop & Accessory,3,Single,3,1,25.0,2.0,2.0,7.0,186
0,28.0,Computer,2,33.0,UPI,Female,2.0,2,Grocery,1,Single,4,1,15.707921714818266,3.0,5.0,5.0,298
0,1.0,Mobile Phone,1,25.0,Debit Card,Male,3.0,4,Mobile Phone,3,Married,2,0,13.0,1.0,2.0,3.0,153
0,8.0,Mobile Phone,1,13.0,Debit Card,Female,3.0,5,Laptop & Accessory,4,Married,8,0,16.0,2.0,2.0,1.0,170
0,11.0,Mobile Phone,3,10.0,Debit Card,Male,3.0,4,Fashion,1,Single,4,0,13.0,1.0,2.0,4.0,199
0,8.0,Mobile Phone,1,12.0,Credit Card,Female,3.0,5,Fashion,5,Single,4,0,13.0,3.0,3.0080044676098288,9.0,241
0,10.0,Computer,3,18.0,Cash on Delivery,Female,4.0,4,Fashion,1,Married,2,0,15.0,1.0,3.0,4.543490512868683,222
0,10.0,Mobile Phone,1,10.0,Debit Card,Female,3.0,4,Mobile Phone,1,Married,7,0,23.0,1.0,2.0,1.0,153
0,17.0,Computer,3,33.0,Debit Card,Male,4.0,4,Grocery,1,Married,3,1,15.707921714818266,2.0,5.0,13.0,295
0,4.0,Computer,1,30.0,Debit Card,Male,4.0,6,Mobile Phone,3,Married,3,0,26.0,1.0,2.0,10.0,151
0,7.0,Computer,3,29.0,E wallet,Male,4.0,4,Laptop & Accessory,4,Married,2,0,14.0,1.0,2.0,8.0,186
1,20.0,Mobile Phone,1,21.0,Debit Card,Female,4.0,4,Mobile Phone,4,Married,11,1,19.0,4.0,5.0,4.0,175
0,25.0,Mobile Phone,1,13.0,Debit Card,Male,3.0,4,Others,3,Single,9,0,15.707921714818266,9.0,16.0,16.0,320
1,1.0,Mobile Phone,3,13.0,Debit Card,Male,4.0,6,Laptop & Accessory,3,Married,6,1,19.0,1.0,8.0,8.0,187
0,1.0,Phone,1,13.0,UPI,Female,3.0,5,Mobile Phone,4,Married,3,0,20.0,3.0,5.0,4.0,149
1,21.0,Mobile Phone,1,30.0,Credit Card,Female,4.0,4,Fashion,1,Married,3,0,13.0,8.0,16.0,4.543490512868683,228
1,1.0,Phone,3,29.0,E wallet,Male,3.0,4,Mobile Phone,3,Single,3,1,20.0,2.0,2.0,1.0,142
0,1.0,Mobile Phone,1,9.0,COD,Male,4.0,4,Mobile Phone,1,Married,2,0,15.0,3.0,3.0,2.0,150
0,23.0,Mobile Phone,1,27.0,Credit Card,Female,4.0,4,Laptop & Accessory,5,Married,3,0,15.0,6.0,6.0,12.0,191
0,17.0,Computer,1,35.0,Credit Card,Female,4.0,2,Mobile Phone,3,Single,6,0,13.0,1.0,2.0,3.0,172
0,24.0,Computer,3,19.0,E wallet,Female,4.0,4,Fashion,1,Single,6,0,12.0,2.0,3.0,4.543490512868683,217
1,1.0,Mobile Phone,3,27.0,Debit Card,Female,4.0,6,Laptop & Accessory,3,Married,5,1,12.0,1.0,3.0,3.0,171
0,15.0,Mobile Phone,3,16.0,Debit Card,Male,4.0,4,Fashion,3,Married,5,1,14.0,1.0,2.0,8.0,207
0,1.0,Mobile Phone,2,32.0,Debit Card,Female,4.0,4,Mobile Phone,3,Married,3,0,24.0,3.0,6.0,8.0,154
0,10.0,Mobile Phone,1,13.0,Credit Card,Male,3.0,4,Laptop & Accessory,4,Married,8,0,21.0,1.0,2.0,2.0,174
1,15.0,Computer,1,15.0,Debit Card,Male,3.0,6,Fashion,1,Single,4,0,16.0,2.0,2.0,4.0,232
0,13.0,Mobile Phone,3,11.0,Debit Card,Female,3.0,5,Laptop & Accessory,3,Married,6,0,15.0,6.0,6.0,10.0,184
0,1.0,Mobile Phone,3,35.0,Debit Card,Male,3.0,5,Laptop & Accessory,3,Married,4,0,19.0,2.0,3.0,4.543490512868683,211
0,4.0,Mobile Phone,2,16.0,UPI,Male,3.0,4,Laptop & Accessory,1,Married,2,1,20.0,5.0,5.0,8.0,188
1,1.0,Mobile Phone,1,16.0,Credit Card,Female,3.0,4,Mobile Phone,5,Single,9,0,23.0,2.0,2.0,5.0,167
0,19.0,Mobile Phone,1,36.0,Credit Card,Male,3.0,4,Mobile Phone,1,Single,7,0,14.0,2.0,2.0,4.0,160
0,12.0,Mobile Phone,1,10.0,COD,Female,3.0,4,Laptop & Accessory,3,Single,5,1,21.0,3.0,3.0,3.0,168
0,4.0,Mobile Phone,1,25.0,Debit Card,Female,4.0,4,Mobile Phone,3,Single,3,0,15.0,2.0,2.0,5.0,151
0,6.0,Computer,3,16.0,Credit Card,Male,3.0,6,Laptop & Accessory,1,Married,2,0,18.0,1.0,2.0,8.0,172
0,4.0,Mobile Phone,1,12.0,COD,Female,3.0,4,Mobile Phone,5,Married,7,0,15.0,1.0,3.0,31.0,157
0,4.0,Mobile Phone,1,9.0,Credit Card,Male,3.0,5,Mobile Phone,1,Single,2,0,14.0,1.0,2.0,3.0,152
0,15.0,Computer,1,17.0,Debit Card,Male,4.0,5,Grocery,5,Married,6,0,15.707921714818266,3.0,8.0,8.0,297
0,15.0,Phone,1,16.0,Debit Card,Male,4.0,4,Mobile Phone,5,Married,4,0,22.0,1.0,2.0,5.0,147
0,1.0,Phone,1,10.0,Credit Card,Female,4.0,4,Mobile Phone,4,Single,3,0,15.0,2.0,2.0,1.0,140
0,14.0,Computer,1,33.0,Credit Card,Female,3.0,4,Laptop & Accessory,4,Married,3,0,12.0,1.0,3.0,14.0,181
0,9.0,Mobile Phone,3,7.0,E wallet,Male,4.0,4,Fashion,4,Married,3,0,14.0,1.0,2.0,7.0,198
0,27.0,Phone,3,13.0,E wallet,Male,3.0,4,Laptop & Accessory,3,Married,4,1,21.0,1.0,5.0,6.0,148
0,19.0,Phone,1,16.0,Debit Card,Male,3.0,4,Laptop & Accessory,4,Married,10,0,19.0,2.0,2.0,16.0,148
0,6.0,Computer,3,15.0,E wallet,Female,3.0,4,Fashion,1,Single,3,0,15.0,3.0,4.0,4.543490512868683,215
0,3.0,Computer,1,7.0,COD,Male,3.0,4,Laptop & Accessory,3,Married,3,0,14.0,1.0,2.0,10.0,168
0,25.0,Mobile Phone,1,14.0,Credit Card,Male,3.0,5,Laptop & Accessory,3,Married,4,0,18.0,2.0,2.0,1.0,186
0,31.0,Mobile Phone,1,16.0,Credit Card,Female,4.0,5,Mobile Phone,4,Married,6,1,21.0,2.0,2.0,1.0,158
0,14.0,Mobile Phone,3,11.0,E wallet,Male,4.0,5,Fashion,1,Married,9,0,12.0,2.0,3.0080044676098288,12.0,234
0,8.0,Computer,3,9.0,E wallet,Female,4.0,4,Mobile Phone,3,Married,8,0,19.0,1.0,2.0,3.0,147
0,1.0,Phone,1,26.0,Credit Card,Male,4.0,4,Mobile Phone,1,Married,3,0,25.0,3.0,3.0,3.0,148
0,1.0,Computer,1,16.0,Credit Card,Male,3.0,4,Mobile Phone,4,Married,8,0,19.0,3.0,3.0,3.0,145
0,2.0,Mobile Phone,1,28.0,Credit Card,Male,3.0,4,Mobile Phone,1,Married,3,0,12.0,1.0,2.0,3.0,152
0,31.0,Mobile Phone,1,31.0,Debit Card,Male,3.0,2,Fashion,1,Married,5,1,17.0,2.0,2.0,4.543490512868683,219
0,1.0,Computer,1,10.0,Credit Card,Male,4.0,5,Mobile Phone,3,Married,3,1,16.0,1.0,2.0,2.0,151
0,24.0,Mobile Phone,1,18.0,Debit Card,Female,3.0,4,Others,4,Single,5,0,16.0,1.0,5.0,5.0,324
0,15.0,Mobile Phone,1,21.0,Debit Card,Male,3.0,4,Mobile Phone,3,Married,6,0,13.0,2.0,2.0,9.0,150
0,4.0,Mobile Phone,3,12.0,Debit Card,Female,3.0,4,Fashion,1,Married,4,0,13.0,2.0,8.0,4.543490512868683,219
0,12.0,Mobile Phone,3,7.0,Debit Card,Female,3.0,5,Laptop & Accessory,1,Single,6,0,23.0,1.0,2.0,4.543490512868683,212
0,6.0,Mobile Phone,1,13.0,Debit Card,Male,3.0,4,Mobile Phone,3,Single,5,0,21.0,1.0,2.0,5.0,155
0,1.0,Mobile Phone,1,24.0,COD,Male,3.0,4,Mobile Phone,4,Married,2,1,17.0,1.0,2.0,2.0,156
1,1.0,Computer,3,7.0,COD,Female,4.0,6,Mobile Phone,5,Single,2,0,22.0,2.0,2.0,1.0,148
0,10.0,Computer,1,10.0,Credit Card,Male,2.0,4,Mobile Phone,4,Single,6,0,13.0,3.0,8.0,3.0,146
0,4.0,Computer,1,16.0,Credit Card,Male,4.0,4,Laptop & Accessory,5,Married,3,0,12.0,6.0,7.0,11.0,156
0,19.0,Mobile Phone,3,11.0,Debit Card,Female,2.0,4,Laptop & Accessory,5,Married,6,1,12.0,1.0,2.0,4.0,175
0,30.0,Mobile Phone,1,15.0,Debit Card,Female,4.0,4,Mobile Phone,5,Married,6,1,19.0,3.0,3.0,3.0,168
0,7.0,Mobile Phone,1,9.0,Debit Card,Male,3.0,4,Mobile Phone,1,Single,2,0,15.0,2.0,2.0,3.0,150
1,1.0,Phone,1,9.0,Debit Card,Male,3.0,5,Mobile Phone,1,Single,3,0,23.0,2.0,2.0,1.0,136
0,20.0,Mobile Phone,3,7.0,E wallet,Female,4.0,4,Fashion,5,Married,3,0,26.0,9.0,16.0,4.543490512868683,230
0,12.0,Phone,1,16.0,Debit Card,Female,4.0,4,Mobile Phone,1,Single,3,0,13.0,2.0,3.0,2.0,148
0,5.0,Mobile Phone,1,19.0,Credit Card,Female,4.0,4,Mobile Phone,1,Married,10,1,24.0,2.0,2.0,3.0,164
0,8.0,Phone,1,34.0,Credit Card,Female,4.0,4,Mobile Phone,4,Single,4,0,16.0,1.0,2.0,3.0,148
1,5.0,Mobile Phone,3,27.0,E wallet,Female,4.0,4,Mobile Phone,4,Single,3,1,23.0,1.0,2.0,3.0,156
0,24.0,Mobile Phone,1,7.0,Credit Card,Male,3.0,5,Mobile Phone,3,Married,4,0,16.0,2.0,2.0,3.0,162
0,27.0,Mobile Phone,1,20.0,Credit Card,Female,3.0,2,Laptop & Accessory,5,Married,3,0,12.0,2.0,2.0,4.0,170
0,7.0,Mobile Phone,1,21.0,Credit Card,Female,4.0,4,Mobile Phone,4,Married,3,0,14.0,2.0,2.0,7.0,153
0,14.0,Mobile Phone,1,11.0,Credit Card,Female,3.0,4,Others,3,Married,3,0,15.707921714818266,2.0,10.0,10.0,315
0,29.0,Mobile Phone,1,21.0,Credit Card,Male,4.0,2,Others,4,Single,10,0,15.707921714818266,3.0,3.0,16.0,312
0,8.0,Computer,1,9.0,Debit Card,Male,3.0,5,Laptop & Accessory,3,Married,3,0,18.0,1.0,2.0,4.543490512868683,220
0,25.0,Mobile Phone,1,10.0,Credit Card,Female,4.0,4,Grocery,4,Single,5,0,19.0,1.7510234462225531,2.0,1.0,262
0,26.0,Mobile Phone,1,7.0,Debit Card,Male,4.0,5,Others,3,Married,2,0,15.0,8.0,12.0,10.0,325
0,1.0,Phone,1,16.0,Credit Card,Female,5.0,4,Mobile Phone,4,Single,3,0,17.0,1.0,2.0,4.0,148
1,1.0,Mobile Phone,1,30.0,Debit Card,Male,3.0,5,Laptop & Accessory,3,Married,5,1,14.0,2.0,2.0,2.0,184
0,17.0,Computer,1,14.0,Credit Card,Male,3.0,2,Mobile Phone,1,Married,6,0,15.0,2.0,3.0,3.0,146
0,19.0,Computer,1,9.0,Credit Card,Male,4.0,5,Grocery,1,Married,11,0,15.707921714818266,2.0,12.0,9.0,293
0,11.0,Mobile Phone,1,28.0,Debit Card,Male,4.0,2,Mobile Phone,5,Married,3,1,13.0,2.0,2.0,8.0,161
0,9.0,Computer,1,9.0,Credit Card,Female,3.0,4,Laptop & Accessory,4,Single,7,0,12.0,1.0,2.0,3.0,169
0,16.0,Computer,1,28.0,Credit Card,Female,3.0,4,Laptop & Accessory,3,Married,4,0,17.0,1.0,2.0,3.0,178
0,12.0,Mobile Phone,1,9.0,Debit Card,Male,3.0,4,Laptop & Accessory,3,Married,11,0,15.0,2.0,2.0,1.0,191
0,12.0,Mobile Phone,1,36.0,COD,Male,3.0,4,Laptop & Accessory,1,Married,5,0,19.0,1.0,2.0,8.0,188
0,1.0,Computer,1,7.0,COD,Male,3.0,5,Laptop & Accessory,5,Married,7,0,20.0,3.0,3.0,1.0,168
0,23.0,Computer,1,25.0,Debit Card,Male,4.0,4,Laptop & Accessory,1,Married,3,1,16.0,1.0,2.0,8.0,193
0,8.0,Computer,1,17.0,Credit Card,Male,3.0,4,Mobile Phone,3,Married,3,1,18.0,3.0,3.0,1.0,163
0,14.0,Mobile Phone,1,26.0,Credit Card,Male,2.0,4,Laptop & Accessory,1,Married,10,1,16.0,4.0,4.0,8.0,152
1,2.0,Mobile Phone,1,36.0,Credit Card,Male,4.0,4,Laptop & Accessory,5,Married,9,1,20.0,2.0,2.0,1.0,192
1,1.0,Mobile Phone,3,34.0,E wallet,Female,3.0,4,Fashion,1,Married,3,0,23.0,1.0,2.0,10.0,201
0,1.0,Phone,1,12.0,Debit Card,Male,3.0,2,Mobile Phone,4,Married,3,1,17.0,3.0,3.0,3.0,148
0,10.0,Computer,1,25.0,Credit Card,Female,4.0,4,Mobile Phone,1,Single,3,0,14.0,1.0,2.0,8.0,147
0,14.0,Computer,1,16.0,Debit Card,Male,4.0,5,Laptop & Accessory,1,Married,11,0,15.0,1.0,2.0,3.0,174
0,20.0,Mobile Phone,1,7.0,Credit Card,Male,4.0,4,Fashion,5,Married,9,0,17.0,1.0,2.0,4.543490512868683,219
1,1.0,Mobile Phone,3,11.0,Credit Card,Male,3.0,6,Fashion,1,Married,3,0,12.0,7.0,10.0,4.543490512868683,229
0,4.0,Computer,1,7.0,Debit Card,Male,3.0,5,Fashion,3,Single,3,0,23.0,5.0,6.0,4.543490512868683,210
0,1.0,Computer,3,27.0,Debit Card,Female,3.0,4,Laptop & Accessory,3,Single,3,0,15.0,2.0,2.0,4.543490512868683,225
0,25.0,Mobile Phone,1,15.0,Debit Card,Male,3.0,5,Fashion,4,Married,7,0,17.0,3.0,3.0080044676098288,8.0,250
1,1.0,Mobile Phone,1,10.0,COD,Female,3.0,4,Mobile Phone,5,Single,7,1,12.0,1.0,2.0,5.0,152
0,15.0,Mobile Phone,3,13.0,Debit Card,Female,4.0,4,Fashion,1,Single,5,1,19.0,1.7510234462225531,2.0,1.0,261
1,1.0,Computer,3,33.0,E wallet,Female,3.0,5,Laptop & Accessory,5,Single,7,0,16.0,2.0,2.0,2.0,192
1,1.0,Phone,1,7.0,COD,Male,3.0,4,Mobile Phone,3,Single,2,0,15.0,1.0,2.0,6.0,146
0,19.0,Computer,3,13.0,Credit Card,Female,3.0,5,Fashion,1,Single,8,0,13.0,6.0,13.0,4.543490512868683,214
0,28.0,Mobile Phone,3,10.0,E wallet,Female,3.0,4,Laptop & Accessory,5,Married,4,0,15.0,2.0,2.0,6.0,184
0,10.0,Mobile Phone,1,12.0,Debit Card,Male,4.0,4,Laptop & Accessory,4,Single,10,0,17.0,3.0,4.0,8.0,184
0,7.0,Mobile Phone,1,11.0,Credit Card,Female,3.0,5,Mobile Phone,4,Married,8,0,22.0,1.0,2.0,2.0,151
0,11.0,Computer,1,18.0,UPI,Male,3.0,4,Fashion,1,Married,3,1,15.0,2.0,3.0080044676098288,8.0,247
0,12.0,Mobile Phone,3,10.0,Debit Card,Male,4.0,4,Fashion,3,Married,2,0,13.0,2.0,6.0,4.543490512868683,231
0,5.0,Computer,1,7.0,Credit Card,Male,3.0,6,Laptop & Accessory,3,Married,2,0,13.0,1.0,2.0,5.0,168
0,31.0,Phone,1,10.0,Debit Card,Male,4.0,5,Mobile Phone,1,Married,5,0,18.0,1.0,2.0,1.0,147
0,11.0,Computer,3,11.0,E wallet,Male,3.0,4,Mobile Phone,1,Married,6,0,18.0,4.0,6.0,9.0,153
0,3.0,Computer,3,7.0,Credit Card,Female,3.0,4,Fashion,1,Married,3,0,15.0,5.0,5.0,2.0,204
0,9.0,Computer,3,7.0,E wallet,Female,4.0,4,Fashion,3,Single,3,0,15.0,2.0,2.0,4.543490512868683,213
1,1.0,Phone,1,25.0,Credit Card,Male,3.0,5,Mobile Phone,1,Single,3,1,14.0,1.0,2.0,2.0,149
0,26.0,Mobile Phone,1,9.0,Debit Card,Female,3.0,5,Mobile Phone,1,Single,9,0,16.0,3.0,3.0,3.0,157
0,16.0,Mobile Phone,1,11.0,Cash on Delivery,Male,3.0,4,Others,1,Married,3,0,15.707921714818266,1.0,12.0,16.0,317
0,31.0,Phone,2,13.0,Credit Card,Male,3.0,4,Mobile Phone,3,Married,10,0,18.0,1.0,3.0,3.0,148
0,24.0,Mobile Phone,3,7.0,Credit Card,Female,4.0,4,Others,1,Married,5,0,15.707921714818266,2.0,2.0,7.0,320
1,1.0,Phone,1,21.0,Credit Card,Male,3.0,4,Mobile Phone,1,Married,7,1,14.0,2.0,2.0,5.0,149
0,17.0,Mobile Phone,3,23.0,E wallet,Female,4.0,4,Grocery,1,Married,7,1,23.0,1.7510234462225531,2.0,10.0,286
1,1.0,Mobile Phone,1,9.0,Debit Card,Female,3.0,4,Mobile Phone,5,Married,9,0,21.0,2.0,2.0,8.0,152
0,26.0,Computer,3,9.0,Debit Card,Male,4.0,5,Others,3,Single,3,1,15.707921714818266,2.0,16.0,13.0,316
0,6.0,Mobile Phone,3,11.0,Debit Card,Female,3.0,4,Mobile Phone,4,Married,4,0,12.0,2.0,2.0,3.0,164
1,1.0,Mobile Phone,1,7.0,Debit Card,Male,4.0,5,Mobile Phone,3,Single,2,1,15.0,1.0,2.0,3.0,162
0,13.0,Phone,1,7.0,Credit Card,Female,4.0,4,Mobile Phone,3,Married,9,0,15.0,2.0,2.0,3.0,147
0,6.0,Computer,3,33.0,E wallet,Male,4.0,4,Laptop & Accessory,1,Married,2,0,19.0,3.0,3.0,3.0,170
0,15.0,Mobile Phone,1,26.0,Debit Card,Male,3.0,4,Laptop & Accessory,5,Married,4,0,17.0,1.0,2.0,1.0,156
0,14.0,Mobile Phone,1,31.0,COD,Male,4.0,4,Laptop & Accessory,1,Married,3,0,18.0,3.0,5.0,8.0,158
0,19.0,Mobile Phone,1,7.0,UPI,Male,4.0,2,Others,1,Married,2,0,15.707921714818266,2.0,2.0,8.0,317
0,5.0,Computer,1,10.0,Credit Card,Male,4.0,4,Fashion,3,Married,11,0,13.0,1.7510234462225531,3.0,3.0,262
0,7.0,Mobile Phone,1,12.0,Debit Card,Female,4.0,5,Mobile Phone,1,Married,3,0,14.0,1.0,2.0,3.0,154
0,8.0,Mobile Phone,1,9.0,Debit Card,Male,3.0,5,Laptop & Accessory,5,Married,8,0,14.0,1.0,6.0,10.0,185
0,11.0,Mobile Phone,1,7.0,Credit Card,Female,3.0,5,Mobile Phone,5,Married,4,0,15.0,1.0,2.0,3.0,164
0,19.0,Computer,1,14.0,Debit Card,Male,4.0,2,Laptop & Accessory,3,Married,6,0,18.0,2.0,2.0,3.0,189
1,1.0,Computer,1,17.0,Credit Card,Male,4.0,4,Fashion,3,Married,8,0,12.0,1.0,2.0,4.543490512868683,225
0,13.0,Computer,1,9.0,Cash on Delivery,Female,4.0,4,Fashion,3,Single,2,0,26.0,7.0,3.0080044676098288,9.0,234
0,3.0,Phone,1,22.0,Debit Card,Male,3.0,4,Mobile Phone,1,Single,3,0,20.0,2.0,2.0,6.0,148
0,16.0,Mobile Phone,1,24.0,Debit Card,Female,3.0,2,Laptop & Accessory,5,Single,5,1,14.0,2.0,2.0,3.0,190
0,3.0,Mobile Phone,3,27.0,E wallet,Male,3.0,4,Laptop & Accessory,1,Married,4,0,15.0,2.0,2.0,3.0,194
0,1.0,Mobile Phone,1,7.0,Debit Card,Female,4.0,4,Laptop & Accessory,3,Married,2,0,13.0,2.0,2.0,3.0,174
0,16.0,Mobile Phone,1,9.0,Credit Card,Female,3.0,5,Mobile Phone,5,Married,2,1,12.0,8.0,8.0,9.0,151
0,14.0,Mobile Phone,1,9.0,Credit Card,Male,3.0,4,Others,3,Married,2,0,15.707921714818266,4.0,4.0,10.0,319
0,25.0,Mobile Phone,1,7.0,Debit Card,Male,4.0,4,Mobile Phone,1,Married,3,0,12.0,2.0,2.0,1.0,152
1,1.0,Computer,1,36.0,Credit Card,Male,4.0,5,Mobile Phone,4,Single,2,0,12.0,1.0,2.0,5.0,160
0,6.0,Computer,1,14.0,Debit Card,Male,4.0,2,Mobile Phone,4,Married,3,0,21.0,1.0,2.0,4.0,153
0,12.0,Computer,3,9.0,Debit Card,Male,3.0,5,Laptop & Accessory,1,Married,5,0,19.0,2.0,8.0,6.0,177
0,6.0,Phone,1,9.0,COD,Male,3.0,5,Laptop & Accessory,5,Single,6,0,14.0,1.0,2.0,5.0,147
0,20.0,Mobile Phone,3,9.0,Cash on Delivery,Female,4.0,6,Grocery,4,Married,5,1,15.707921714818266,7.0,8.0,8.0,294
1,1.0,Mobile Phone,1,9.0,Debit Card,Male,4.0,4,Mobile Phone,3,Single,4,0,12.0,1.0,2.0,1.0,160
0,3.0,Mobile Phone,3,9.0,Credit Card,Male,4.0,5,Laptop & Accessory,4,Married,4,0,20.0,2.0,2.0,1.0,191
0,5.0,Mobile Phone,1,30.0,Credit Card,Male,4.0,5,Laptop & Accessory,1,Married,2,0,22.0,1.0,8.0,9.0,181
0,1.0,Computer,1,12.0,Debit Card,Male,3.0,2,Laptop & Accessory,5,Married,3,0,13.0,2.0,2.0,6.0,165
0,19.0,Mobile Phone,1,27.0,Credit Card,Male,4.0,4,Grocery,1,Married,2,1,15.0,3.0,3.0080044676098288,11.0,260
0,10.0,Mobile Phone,1,13.0,Debit Card,Male,3.0,4,Mobile Phone,1,Married,2,0,12.0,2.0,11.0,12.0,157
0,29.0,Mobile Phone,1,7.0,Credit Card,Male,3.0,4,Others,5,Single,2,1,15.707921714818266,4.0,5.0,14.0,315
1,11.0,Computer,1,36.0,Debit Card,Male,3.0,4,Fashion,4,Married,3,1,13.0,5.0,3.0080044676098288,10.0,243
0,2.0,Phone,1,16.0,Credit Card,Male,4.0,4,Mobile Phone,1,Married,3,0,24.0,2.0,2.0,5.0,146
0,11.0,Mobile Phone,3,13.0,Credit Card,Male,4.0,4,Laptop & Accessory,1,Married,6,0,15.0,2.0,2.0,2.0,190
0,1.0,Mobile Phone,1,10.0,Credit Card,Male,4.0,5,Mobile Phone,3,Single,3,0,18.0,2.0,2.0,1.0,157
0,11.0,Computer,1,7.0,Credit Card,Female,4.0,4,Fashion,1,Married,4,1,19.0,1.7510234462225531,2.0,3.0,261
0,9.0,Mobile Phone,1,29.0,Debit Card,Female,4.0,2,Fashion,4,Married,9,0,19.0,6.0,3.0080044676098288,3.0,245
0,12.0,Mobile Phone,3,14.0,Credit Card,Female,3.0,2,Laptop & Accessory,5,Married,3,1,25.0,5.0,8.0,8.0,181
0,1.0,Computer,1,7.0,Debit Card,Female,3.0,4,Laptop & Accessory,4,Married,3,0,21.0,2.0,2.0,5.0,189
0,24.0,Mobile Phone,1,11.0,Debit Card,Male,4.0,4,Others,4,Married,5,0,15.707921714818266,1.0,2.0,7.0,316
0,27.0,Mobile Phone,1,10.0,Credit Card,Male,3.0,4,Grocery,3,Married,5,1,15.707921714818266,2.0,2.0,4.0,301
0,16.0,Mobile Phone,3,7.0,Debit Card,Male,2.0,4,Laptop & Accessory,3,Married,3,0,26.0,7.0,12.0,7.0,174
0,3.0,Computer,3,9.0,Debit Card,Male,3.0,4,Laptop & Accessory,1,Single,3,0,19.0,1.0,2.0,10.0,171
0,29.0,Mobile Phone,1,27.0,COD,Male,3.0,4,Laptop & Accessory,1,Married,5,1,20.0,1.0,2.0,9.0,179
0,1.0,Computer,1,18.0,Credit Card,Male,3.0,4,Laptop & Accessory,5,Married,3,1,14.0,2.0,4.0,4.0,172
0,11.0,Phone,1,7.0,Debit Card,Female,3.0,4,Mobile Phone,1,Single,3,0,13.0,2.0,6.0,8.0,146
1,8.0,Computer,1,31.0,Debit Card,Male,3.0,4,Mobile Phone,3,Married,5,1,23.0,1.0,2.0,1.0,157
0,12.0,Mobile Phone,1,30.0,Debit Card,Male,3.0,4,Laptop & Accessory,1,Married,11,0,15.0,1.0,2.0,3.0,182
1,1.0,Phone,1,23.0,Credit Card,Male,3.0,4,Mobile Phone,4,Married,4,1,14.0,2.0,2.0,3.0,149
0,2.0,Mobile Phone,1,15.0,Debit Card,Female,4.0,4,Mobile Phone,1,Single,3,0,22.0,2.0,2.0,3.0,158
0,23.0,Computer,1,17.0,Debit Card,Female,3.0,4,Others,5,Single,11,1,15.707921714818266,1.0,2.0,3.0,312
0,10.0,Mobile Phone,1,10.0,COD,Male,2.0,4,Laptop & Accessory,4,Single,6,0,13.0,3.0,8.0,8.0,170
0,5.0,Computer,3,12.0,E wallet,Female,3.0,4,Mobile Phone,4,Married,3,0,12.0,1.0,3.0,3.0,153
1,1.0,Mobile Phone,3,11.0,E wallet,Male,3.0,5,Laptop & Accessory,1,Single,3,1,13.0,5.0,8.0,5.0,183
0,11.0,Computer,1,16.0,Credit Card,Male,3.0,4,Mobile Phone,1,Married,3,1,13.0,1.0,2.0,3.0,148
0,16.0,Computer,3,33.0,E wallet,Female,4.0,4,Grocery,4,Married,7,0,15.0,4.0,3.0080044676098288,9.0,260
1,1.0,Phone,1,10.0,Debit Card,Male,3.0,4,Mobile Phone,3,Single,3,0,14.0,2.0,2.0,1.0,139
0,9.0,Mobile Phone,3,23.0,E wallet,Male,4.0,4,Fashion,4,Married,2,0,16.0,4.0,7.0,10.0,205
0,10.0,Computer,1,25.0,Debit Card,Male,3.0,2,Mobile Phone,1,Married,6,0,19.0,2.0,2.0,1.0,162
0,25.0,Mobile Phone,1,9.0,Credit Card,Male,3.0,6,Laptop & Accessory,4,Married,7,0,19.0,1.0,2.0,3.0,180
0,15.0,Mobile Phone,3,9.0,Debit Card,Male,3.0,4,Grocery,4,Single,3,0,20.0,1.7510234462225531,2.0,5.0,285
0,1.0,Phone,3,17.0,Credit Card,Female,4.0,5,Mobile Phone,3,Single,3,0,13.0,1.0,2.0,1.0,137
0,2.0,Mobile Phone,1,23.0,Credit Card,Male,4.0,2,Laptop & Accessory,5,Single,2,0,20.0,1.0,2.0,8.0,182
0,5.0,Mobile Phone,3,14.0,Cash on Delivery,Male,4.0,2,Laptop & Accessory,1,Married,6,0,12.0,4.0,8.0,8.0,194
0,13.0,Mobile Phone,1,7.0,Credit Card,Male,3.0,2,Fashion,1,Married,2,0,18.0,2.0,4.0,4.543490512868683,221
0,10.0,Computer,1,31.0,Debit Card,Female,3.0,4,Laptop & Accessory,4,Married,9,0,16.0,2.0,2.0,9.0,182
0,6.0,Mobile Phone,3,14.0,Debit Card,Male,4.0,5,Laptop & Accessory,3,Married,3,0,15.0,4.0,5.0,9.0,180
0,12.0,Mobile Phone,1,32.0,Debit Card,Female,3.0,5,Fashion,4,Married,5,0,18.0,1.0,3.0080044676098288,2.0,246
0,31.0,Computer,1,7.0,Debit Card,Male,3.0,6,Laptop & Accessory,3,Married,4,1,14.0,2.0,2.0,3.0,182
0,5.0,Mobile Phone,1,12.0,COD,Male,3.0,4,Mobile Phone,1,Married,2,1,13.0,2.0,2.0,4.0,173
0,5.0,Mobile Phone,2,9.0,UPI,Male,4.0,5,Laptop & Accessory,5,Married,5,0,13.0,1.0,2.0,1.0,189
0,19.0,Computer,1,14.0,Debit Card,Male,4.0,4,Fashion,5,Married,3,0,19.0,3.0,10.0,12.0,177
0,5.0,Mobile Phone,1,9.0,Debit Card,Male,3.0,4,Mobile Phone,1,Married,2,1,19.0,3.0,3.0,3.0,152
0,7.0,Computer,1,12.0,Debit Card,Female,4.0,4,Fashion,4,Married,8,0,12.0,8.0,3.0080044676098288,9.0,244
0,1.0,Mobile Phone,1,17.0,Credit Card,Male,4.0,4,Grocery,5,Married,3,1,15.707921714818266,2.0,12.0,11.0,296
0,17.0,Computer,1,17.0,Debit Card,Female,3.0,4,Mobile Phone,1,Single,2,0,20.0,1.0,2.0,8.0,150
0,23.0,Mobile Phone,1,7.0,Cash on Delivery,Female,3.0,5,Grocery,3,Single,9,1,13.0,1.7510234462225531,2.0,8.0,265
1,16.0,Mobile Phone,1,15.0,Credit Card,Male,3.0,5,Laptop & Accessory,4,Married,4,0,16.0,8.0,8.0,8.0,174
0,1.0,Mobile Phone,1,12.0,Debit Card,Female,3.0,4,Mobile Phone,4,Single,3,1,13.0,1.0,2.0,3.0,150
0,6.0,Mobile Phone,3,15.0,COD,Female,4.0,5,Laptop & Accessory,4,Married,3,1,12.0,12.0,12.0,10.0,177
0,1.0,Mobile Phone,3,9.0,Debit Card,Male,4.0,4,Laptop & Accessory,3,Single,3,1,12.0,1.0,2.0,5.0,170
0,5.0,Mobile Phone,3,14.0,E wallet,Male,4.0,4,Laptop & Accessory,1,Married,6,0,13.0,1.0,2.0,8.0,200
0,6.0,Mobile Phone,1,9.0,Credit Card,Female,4.0,2,Laptop & Accessory,1,Single,9,0,17.0,1.0,2.0,8.0,176
1,1.0,Mobile Phone,1,9.0,Credit Card,Male,3.0,6,Mobile Phone,1,Married,7,1,14.0,2.0,3.0,3.0,160
0,4.0,Mobile Phone,1,35.0,Credit Card,Female,4.0,4,Laptop & Accessory,1,Married,3,0,14.0,2.0,2.0,10.0,183
0,5.0,Computer,1,14.0,Debit Card,Female,3.0,5,Fashion,3,Married,3,0,25.0,8.0,9.0,4.543490512868683,214
0,13.0,Computer,1,14.0,Credit Card,Male,3.0,5,Others,1,Married,3,0,15.707921714818266,7.0,14.0,4.0,318
1,3.0,Mobile Phone,3,10.0,Credit Card,Female,3.0,4,Laptop & Accessory,3,Married,6,1,19.0,2.0,2.0,1.0,177
0,7.0,Computer,3,17.0,E wallet,Male,3.0,5,Laptop & Accessory,1,Single,5,0,15.0,2.0,2.0,2.0,172
0,21.0,Mobile Phone,1,12.0,Debit Card,Male,3.0,4,Others,3,Married,6,0,15.707921714818266,2.0,2.0,2.0,308
0,17.0,Computer,1,17.0,Debit Card,Female,3.0,5,Laptop & Accessory,3,Married,3,0,12.0,2.0,2.0,1.0,178
0,1.0,Computer,3,7.0,E wallet,Male,4.0,4,Laptop & Accessory,4,Married,2,1,14.0,1.0,2.0,5.0,188
0,28.0,Computer,1,27.0,Debit Card,Female,3.0,4,Laptop & Accessory,3,Single,5,0,13.0,1.0,2.0,4.0,174
0,17.0,Mobile Phone,1,14.0,Debit Card,Female,3.0,4,Fashion,5,Married,10,0,17.0,2.0,2.0,4.543490512868683,225
0,19.0,Mobile Phone,1,15.0,UPI,Male,4.0,4,Laptop & Accessory,1,Married,11,0,15.0,9.0,10.0,9.0,162
0,14.0,Mobile Phone,3,7.0,Credit Card,Male,3.0,6,Laptop & Accessory,1,Married,4,1,23.0,2.0,2.0,3.0,200
1,1.0,Phone,1,15.0,UPI,Male,4.0,6,Mobile Phone,5,Married,3,1,12.0,1.0,2.0,8.0,146
0,3.0,Mobile Phone,1,16.0,UPI,Male,2.0,5,Mobile Phone,1,Single,2,0,18.0,2.0,3.0,3.0,165
0,4.0,Mobile Phone,3,12.0,E wallet,Female,2.0,5,Laptop & Accessory,3,Married,3,0,14.0,2.0,2.0,3.0,186
0,1.0,Mobile Phone,3,15.0,E wallet,Female,3.0,4,Laptop & Accessory,4,Married,3,0,19.0,1.0,2.0,8.0,187
0,11.0,Mobile Phone,1,12.0,Credit Card,Male,4.0,4,Laptop & Accessory,1,Married,9,0,17.0,2.0,2.0,5.0,188
0,12.0,Mobile Phone,1,22.0,Debit Card,Male,4.0,5,Fashion,1,Married,2,1,15.0,3.0,3.0080044676098288,10.0,240
0,5.0,Mobile Phone,1,14.0,Credit Card,Female,3.0,4,Fashion,1,Single,3,1,15.0,5.0,5.0,11.0,196
0,3.0,Mobile Phone,3,17.0,E wallet,Female,3.0,5,Laptop & Accessory,4,Married,3,1,15.0,2.0,2.0,8.0,208
0,9.0,Mobile Phone,1,12.0,Cash on Delivery,Male,4.0,4,Fashion,4,Single,2,0,14.0,2.0,2.0,14.0,206
0,1.0,Mobile Phone,1,33.0,Debit Card,Male,3.0,4,Mobile Phone,1,Married,3,0,13.0,1.0,2.0,3.0,154
0,15.0,Mobile Phone,1,13.0,Credit Card,Male,4.0,5,Laptop & Accessory,4,Single,8,1,16.0,2.0,2.0,3.0,185
0,21.0,Computer,3,11.0,Credit Card,Male,4.0,4,Laptop & Accessory,3,Single,5,0,20.0,1.0,2.0,1.0,155
0,16.0,Mobile Phone,1,30.0,Debit Card,Female,3.0,4,Grocery,1,Single,4,0,15.0,1.7510234462225531,2.0,1.0,285
0,3.0,Computer,3,9.0,Debit Card,Male,4.0,4,Laptop & Accessory,3,Married,3,0,15.0,2.0,2.0,3.0,171
0,16.0,Mobile Phone,2,9.0,COD,Male,3.0,4,Mobile Phone,3,Married,2,1,12.0,2.0,2.0,1.0,152
0,6.0,Phone,1,9.0,Credit Card,Female,4.0,4,Mobile Phone,4,Married,3,0,14.0,1.0,2.0,8.0,149
0,22.0,Mobile Phone,3,36.0,Credit Card,Female,4.0,4,Fashion,3,Married,5,0,22.0,1.0,3.0080044676098288,1.0,250
0,11.0,Mobile Phone,1,13.0,Credit Card,Male,3.0,2,Laptop & Accessory,5,Married,6,1,14.0,7.0,7.0,8.0,185
0,4.0,Computer,3,32.0,COD,Female,3.0,4,Laptop & Accessory,3,Married,9,1,13.0,3.0,3.0,3.0,172
0,1.0,Mobile Phone,3,7.0,Debit Card,Male,3.0,4,Laptop & Accessory,3,Married,3,0,18.0,1.0,8.0,8.0,178
0,16.0,Mobile Phone,1,9.0,UPI,Male,4.0,5,Laptop & Accessory,1,Single,5,0,24.0,2.0,2.0,1.0,193
1,1.0,Computer,3,7.0,COD,Female,4.0,5,Mobile Phone,4,Single,3,1,12.0,2.0,2.0,3.0,147
0,10.0,Computer,3,7.0,Credit Card,Female,3.0,4,Laptop & Accessory,1,Single,6,0,16.0,2.0,2.0,1.0,192
0,10.0,Computer,3,10.0,Credit Card,Male,3.0,5,Fashion,1,Married,6,0,12.0,1.0,2.0,4.543490512868683,222
0,31.0,Mobile Phone,1,7.0,Credit Card,Male,3.0,4,Laptop & Accessory,3,Married,4,0,12.0,1.0,2.0,3.0,193
0,14.0,Phone,1,17.0,Debit Card,Female,3.0,2,Mobile Phone,3,Married,5,1,14.0,1.0,2.0,8.0,147
0,1.0,Computer,3,16.0,Credit Card,Male,3.0,4,Mobile Phone,1,Single,3,0,25.0,3.0,3.0,3.0,151
1,1.0,Mobile Phone,3,12.0,E wallet,Female,3.0,4,Mobile Phone,3,Single,3,1,14.0,1.0,2.0,1.0,154
0,11.0,Mobile Phone,1,17.0,Credit Card,Female,4.0,4,Mobile Phone,5,Married,8,0,21.0,2.0,2.0,4.0,160
0,20.0,Computer,1,14.0,Credit Card,Female,2.0,4,Laptop & Accessory,3,Married,4,0,15.0,2.0,2.0,1.0,178
1,5.0,Computer,3,11.0,E wallet,Male,3.0,4,Laptop & Accessory,4,Single,3,0,19.0,5.0,8.0,4.543490512868683,219
0,24.0,Mobile Phone,1,17.0,Cash on Delivery,Male,4.0,5,Fashion,1,Single,8,0,16.0,2.0,2.0,4.543490512868683,230
1,4.0,Mobile Phone,3,29.0,E wallet,Male,4.0,5,Laptop & Accessory,3,Married,4,1,13.0,2.0,2.0,1.0,189
0,5.0,Mobile Phone,1,16.0,Debit Card,Male,3.0,5,Mobile Phone,4,Single,2,1,17.0,3.0,3.0,3.0,152
1,1.0,Mobile Phone,3,19.0,Debit Card,Female,3.0,2,Mobile Phone,4,Single,3,0,16.0,1.0,2.0,1.0,152
0,3.0,Phone,1,30.0,Debit Card,Male,3.0,4,Mobile Phone,1,Single,11,0,17.0,1.0,2.0,3.0,147
0,9.0,Mobile Phone,1,16.0,Debit Card,Male,4.0,5,Laptop & Accessory,4,Single,11,0,20.0,1.0,2.0,1.0,190
0,1.0,Mobile Phone,1,7.0,Credit Card,Male,3.0,4,Mobile Phone,4,Married,3,0,12.0,1.0,2.0,5.0,163
0,2.0,Mobile Phone,3,16.0,Debit Card,Male,4.0,4,Laptop & Accessory,1,Single,3,0,17.0,2.0,2.0,8.0,178
0,23.0,Mobile Phone,1,14.0,UPI,Male,3.0,5,Fashion,3,Single,10,0,25.0,2.0,3.0080044676098288,1.0,235
0,25.0,Mobile Phone,3,21.0,Debit Card,Female,3.0,4,Laptop & Accessory,1,Married,6,0,12.0,2.0,2.0,8.0,174
0,10.0,Mobile Phone,1,9.0,Debit Card,Female,4.0,4,Mobile Phone,3,Married,6,0,14.0,3.0,3.0,3.0,150
1,1.0,Computer,3,26.0,E wallet,Male,4.0,2,Laptop & Accessory,1,Single,10,1,14.0,1.0,2.0,5.0,178
0,29.0,Mobile Phone,1,9.0,Debit Card,Female,4.0,4,Grocery,1,Single,4,1,14.0,1.7510234462225531,2.0,3.0,292
0,1.0,Mobile Phone,3,17.0,E wallet,Female,4.0,4,Laptop & Accessory,3,Married,3,1,13.0,1.0,2.0,4.0,168
0,4.0,Mobile Phone,3,9.0,COD,Male,4.0,4,Mobile Phone,4,Married,3,0,19.0,2.0,2.0,1.0,150
1,1.0,Computer,1,10.0,COD,Male,4.0,4,Mobile Phone,5,Single,2,0,23.0,1.0,2.0,5.0,156
0,1.0,Phone,1,18.0,Credit Card,Female,3.0,4,Mobile Phone,4,Married,3,0,14.0,2.0,2.0,3.0,147
0,10.0,Mobile Phone,3,9.0,Credit Card,Male,4.0,5,Fashion,3,Married,3,0,14.0,9.0,10.0,1.0,201
1,1.0,Computer,1,11.0,COD,Male,3.0,4,Mobile Phone,1,Single,11,1,24.0,2.0,2.0,1.0,148
0,11.0,Mobile Phone,1,21.0,Debit Card,Female,4.0,4,Mobile Phone,5,Married,3,0,13.0,11.0,13.0,18.0,155
0,14.0,Mobile Phone,3,9.0,E wallet,Female,3.0,4,Laptop & Accessory,4,Married,9,0,13.0,1.0,2.0,4.0,182
0,16.0,Mobile Phone,1,7.0,Debit Card,Female,4.0,4,Mobile Phone,5,Married,5,0,17.0,1.0,2.0,3.0,151
0,11.0,Mobile Phone,1,17.0,Debit Card,Male,3.0,4,Laptop & Accessory,4,Single,4,1,13.0,1.0,2.0,2.0,167
0,17.0,Mobile Phone,1,19.0,Debit Card,Male,3.0,5,Grocery,4,Married,3,0,12.0,1.7510234462225531,4.0,10.0,268
0,14.0,Mobile Phone,1,9.0,Credit Card,Female,4.0,5,Laptop & Accessory,3,Married,8,0,23.0,2.0,2.0,1.0,159
0,28.0,Mobile Phone,1,12.0,Credit Card,Male,3.0,4,Others,5,Married,6,0,15.707921714818266,2.0,2.0,3.0,319
0,8.0,Computer,3,11.0,E wallet,Female,4.0,4,Laptop & Accessory,3,Married,11,0,16.0,1.0,2.0,3.0,190
0,5.0,Mobile Phone,1,14.0,Credit Card,Female,3.0,4,Laptop & Accessory,5,Married,3,0,13.0,4.0,4.0,13.0,168
0,17.0,Computer,1,28.0,Credit Card,Male,4.0,4,Mobile Phone,1,Married,9,0,21.0,2.0,2.0,3.0,148
0,17.0,Mobile Phone,1,15.0,UPI,Female,4.0,4,Laptop & Accessory,3,Married,6,1,15.0,2.0,2.0,3.0,170
0,1.0,Mobile Phone,3,11.0,Debit Card,Female,4.0,5,Laptop & Accessory,1,Single,3,1,12.0,1.0,2.0,4.0,170
0,11.0,Computer,1,32.0,Credit Card,Female,4.0,4,Laptop & Accessory,3,Married,5,1,16.0,5.0,11.0,8.0,169
0,5.0,Phone,1,7.0,Debit Card,Male,4.0,5,Mobile Phone,5,Married,3,0,13.0,4.0,4.0,3.0,147
0,13.0,Computer,1,7.0,Debit Card,Male,3.0,4,Others,3,Married,3,1,15.707921714818266,1.0,2.0,7.0,317
0,30.0,Computer,3,13.0,Debit Card,Female,3.0,2,Grocery,5,Married,11,0,12.0,7.0,3.0080044676098288,8.0,257
0,4.0,Mobile Phone,3,19.0,COD,Female,3.0,4,Laptop & Accessory,3,Single,2,0,12.0,4.0,5.0,5.0,191
0,15.0,Mobile Phone,3,7.0,E wallet,Male,3.0,2,Fashion,5,Married,3,0,17.0,2.0,2.0,8.0,209
0,2.0,Mobile Phone,1,24.0,Credit Card,Male,4.0,4,Laptop & Accessory,5,Married,3,0,13.0,1.0,2.0,9.0,171
1,1.0,Mobile Phone,1,10.0,Credit Card,Male,4.0,4,Mobile Phone,5,Married,7,0,14.0,2.0,2.0,3.0,165
0,26.0,Mobile Phone,1,10.0,Credit Card,Male,3.0,5,Fashion,3,Married,4,1,15.0,2.0,2.0,5.0,205
0,19.0,Mobile Phone,1,17.0,Debit Card,Male,4.0,4,Mobile Phone,1,Married,5,0,22.0,1.0,2.0,3.0,152
0,26.0,Mobile Phone,1,11.0,Debit Card,Female,2.0,4,Grocery,1,Married,4,0,14.0,1.7510234462225531,2.0,5.0,291
0,16.0,Computer,1,36.0,Debit Card,Female,4.0,4,Laptop & Accessory,3,Married,4,0,12.0,2.0,2.0,3.0,171
0,4.0,Mobile Phone,1,9.0,Debit Card,Female,3.0,6,Laptop & Accessory,1,Single,4,0,21.0,2.0,2.0,3.0,186
0,31.0,Mobile Phone,1,14.0,Debit Card,Female,3.0,4,Others,5,Married,7,0,15.707921714818266,2.0,12.0,11.0,321
0,20.0,Mobile Phone,1,25.0,Credit Card,Female,3.0,4,Laptop & Accessory,3,Married,4,0,15.0,2.0,2.0,9.0,173
0,16.0,Computer,1,35.0,COD,Female,3.0,5,Laptop & Accessory,1,Married,2,0,12.0,1.0,2.0,5.0,170
1,1.0,Mobile Phone,3,7.0,COD,Female,4.0,4,Mobile Phone,4,Single,3,1,17.0,1.0,2.0,5.0,157
1,1.0,Computer,3,13.0,E wallet,Female,3.0,6,Mobile Phone,3,Married,2,0,17.0,1.0,2.0,1.0,149
0,12.0,Computer,1,9.0,Debit Card,Male,3.0,4,Mobile Phone,1,Married,3,1,24.0,2.0,2.0,1.0,142
0,14.0,Mobile Phone,3,9.0,Debit Card,Female,4.0,4,Others,3,Married,2,0,15.707921714818266,2.0,2.0,13.0,305
0,1.0,Mobile Phone,1,30.0,Debit Card,Female,3.0,4,Mobile Phone,1,Married,3,0,23.0,1.0,2.0,3.0,154
0,4.0,Computer,1,10.0,Debit Card,Male,3.0,4,Mobile Phone,1,Married,6,0,16.0,2.0,2.0,5.0,146
0,3.0,Mobile Phone,1,10.0,Credit Card,Male,4.0,5,Fashion,3,Married,3,0,19.0,1.0,3.0080044676098288,8.0,244
1,1.0,Mobile Phone,1,32.0,COD,Female,4.0,5,Mobile Phone,4,Married,7,0,17.0,2.0,2.0,2.0,150
1,1.0,Mobile Phone,2,9.0,COD,Male,3.0,5,Mobile Phone,1,Single,3,0,13.0,1.0,2.0,1.0,151
0,4.0,Computer,3,29.0,UPI,Female,4.0,4,Fashion,5,Married,2,0,12.0,4.0,8.0,9.0,209
0,31.0,Mobile Phone,3,36.0,E wallet,Male,3.0,5,Grocery,1,Married,5,0,13.0,1.7510234462225531,2.0,1.0,266
0,24.0,Mobile Phone,1,36.0,Debit Card,Male,3.0,5,Grocery,3,Married,2,0,15.707921714818266,16.0,16.0,8.0,295
0,4.0,Computer,1,9.0,Credit Card,Female,3.0,4,Mobile Phone,1,Single,2,0,15.0,2.0,7.0,8.0,151
0,31.0,Computer,3,35.0,E wallet,Female,4.0,5,Fashion,5,Married,6,0,20.0,4.0,14.0,4.543490512868683,228
0,21.0,Mobile Phone,1,9.0,Credit Card,Female,4.0,4,Laptop & Accessory,1,Married,7,0,14.0,1.0,2.0,5.0,176
0,20.0,Mobile Phone,1,9.0,Debit Card,Male,3.0,4,Grocery,3,Married,8,0,15.707921714818266,2.0,2.0,2.0,304
0,9.0,Mobile Phone,1,29.0,Debit Card,Male,3.0,6,Mobile Phone,3,Single,2,0,16.0,2.0,5.0,4.0,167
0,28.0,Mobile Phone,1,6.0,Debit Card,Female,3.0,4,Laptop & Accessory,3,Single,9,0,12.0,1.0,2.0,1.0,163
0,8.0,Mobile Phone,1,9.0,Debit Card,Male,4.0,5,Mobile Phone,3,Married,5,0,13.0,4.0,6.0,8.0,153
0,6.0,Mobile Phone,3,17.0,E wallet,Female,4.0,5,Fashion,1,Married,4,1,20.0,1.0,2.0,4.543490512868683,216
0,5.0,Mobile Phone,1,16.0,Debit Card,Male,3.0,4,Fashion,4,Married,3,0,26.0,1.0,2.0,9.0,231
1,1.0,Mobile Phone,1,22.0,Credit Card,Male,3.0,4,Fashion,3,Married,9,1,13.0,1.7510234462225531,8.0,8.0,261
1,1.0,Mobile Phone,1,17.0,Credit Card,Male,3.0,6,Mobile Phone,1,Married,9,0,14.0,1.0,2.0,4.0,159
0,4.0,Mobile Phone,3,14.0,E wallet,Male,3.0,4,Mobile Phone,4,Single,2,0,15.0,1.0,2.0,3.0,155
0,9.0,Mobile Phone,1,23.0,Debit Card,Male,4.0,4,Fashion,3,Married,6,1,13.0,1.0,2.0,1.0,201
1,1.0,Computer,1,27.0,Debit Card,Male,4.0,4,Fashion,3,Married,5,0,13.0,2.0,2.0,4.543490512868683,223
1,1.0,Computer,2,30.0,UPI,Female,3.0,4,Fashion,5,Married,11,1,16.0,2.0,2.0,4.543490512868683,225
0,16.0,Computer,1,12.0,UPI,Male,4.0,4,Mobile Phone,3,Married,6,0,18.0,1.0,3.0,1.0,146
0,10.0,Computer,3,17.0,Credit Card,Male,3.0,4,Fashion,1,Single,3,0,15.0,9.0,10.0,4.543490512868683,225
1,1.0,Computer,1,11.0,COD,Male,4.0,5,Mobile Phone,3,Single,7,0,17.0,1.0,2.0,3.0,164
0,22.0,Mobile Phone,3,9.0,E wallet,Female,3.0,4,Laptop & Accessory,1,Married,4,0,15.0,7.0,7.0,8.0,166
0,29.0,Mobile Phone,3,25.0,Debit Card,Female,3.0,4,Grocery,4,Single,5,0,15.707921714818266,2.0,8.0,9.0,293
0,15.0,Computer,3,17.0,Debit Card,Male,3.0,4,Laptop & Accessory,1,Single,9,0,15.0,1.0,2.0,11.0,187
0,9.0,Mobile Phone,3,7.0,E wallet,Male,3.0,4,Laptop & Accessory,3,Married,11,0,12.0,1.0,7.0,10.0,172
0,14.0,Mobile Phone,1,13.0,Debit Card,Female,4.0,4,Grocery,3,Single,9,0,16.0,5.0,3.0080044676098288,14.0,257
0,13.0,Computer,1,15.0,Debit Card,Female,3.0,4,Mobile Phone,3,Married,3,0,12.0,2.0,2.0,8.0,163
0,5.0,Mobile Phone,3,9.0,Debit Card,Male,4.0,4,Laptop & Accessory,1,Single,6,1,14.0,2.0,2.0,6.0,191
0,16.0,Mobile Phone,1,31.0,Credit Card,Male,3.0,4,Fashion,5,Married,3,1,22.0,6.0,6.0,9.0,199
0,19.0,Mobile Phone,3,9.0,UPI,Male,4.0,4,Laptop & Accessory,4,Married,2,0,20.0,4.0,4.0,8.0,173
1,1.0,Computer,2,24.0,Debit Card,Female,3.0,4,Mobile Phone,3,Married,2,1,12.0,1.0,2.0,1.0,152
0,3.0,Mobile Phone,1,26.0,COD,Male,3.0,4,Laptop & Accessory,1,Married,6,0,13.0,2.0,2.0,3.0,168
0,7.0,Mobile Phone,1,7.0,Credit Card,Female,4.0,2,Grocery,3,Married,6,0,20.0,1.7510234462225531,2.0,6.0,287
0,5.0,Mobile Phone,3,14.0,Debit Card,Male,3.0,5,Fashion,1,Married,11,0,22.0,2.0,3.0080044676098288,2.0,241
1,1.0,Computer,3,12.0,E wallet,Male,4.0,4,Mobile Phone,4,Single,3,1,15.0,2.0,2.0,1.0,144
0,14.0,Computer,3,35.0,UPI,Male,3.0,6,Fashion,5,Married,5,0,16.0,1.0,3.0080044676098288,2.0,234
0,15.0,Computer,1,9.0,UPI,Female,4.0,5,Laptop & Accessory,3,Single,4,1,18.0,1.0,2.0,8.0,193
0,1.0,Mobile Phone,3,36.0,Credit Card,Male,3.0,4,Laptop & Accessory,3,Married,7,0,13.0,1.0,2.0,1.0,168
0,9.0,Mobile Phone,3,7.0,Credit Card,Female,4.0,4,Laptop & Accessory,3,Single,3,0,17.0,2.0,2.0,4.0,174
0,8.0,Mobile Phone,3,28.0,Debit Card,Male,4.0,2,Laptop & Accessory,1,Single,3,0,13.0,1.0,6.0,8.0,178
1,1.0,Phone,1,31.0,COD,Male,4.0,6,Mobile Phone,1,Single,3,1,19.0,1.0,2.0,1.0,148
0,11.0,Mobile Phone,1,7.0,Cash on Delivery,Female,3.0,4,Fashion,1,Single,6,0,18.0,2.0,2.0,3.0,200
0,20.0,Computer,1,25.0,Credit Card,Female,3.0,4,Fashion,3,Married,7,0,12.0,1.0,2.0,4.543490512868683,230
0,15.0,Mobile Phone,3,9.0,Debit Card,Female,4.0,4,Grocery,5,Married,9,0,17.0,1.7510234462225531,12.0,9.0,291
0,11.0,Computer,3,16.0,Credit Card,Male,4.0,4,Fashion,4,Married,3,0,14.0,2.0,8.0,4.543490512868683,213
0,26.0,Mobile Phone,1,13.0,COD,Male,4.0,4,Laptop & Accessory,5,Married,5,1,13.0,3.0,7.0,10.0,181
1,1.0,Computer,3,18.0,UPI,Male,3.0,2,Laptop & Accessory,3,Married,10,0,13.0,2.0,2.0,3.0,172
0,1.0,Computer,3,31.0,Credit Card,Male,3.0,4,Mobile Phone,1,Married,2,0,14.0,2.0,3.0,2.0,149
0,12.0,Mobile Phone,1,17.0,Credit Card,Female,4.0,4,Laptop & Accessory,3,Married,5,0,20.0,1.0,2.0,4.543490512868683,223
0,11.0,Mobile Phone,1,7.0,Debit Card,Female,4.0,4,Laptop & Accessory,4,Married,8,0,13.0,5.0,5.0,4.0,189
0,23.0,Mobile Phone,1,25.0,Debit Card,Male,3.0,5,Others,3,Married,3,1,15.707921714818266,2.0,2.0,10.0,320
0,1.0,Mobile Phone,1,30.0,Credit Card,Male,3.0,2,Mobile Phone,1,Married,3,1,12.0,1.0,2.0,5.0,152
0,1.0,Mobile Phone,3,35.0,E wallet,Male,4.0,4,Laptop & Accessory,4,Married,3,0,21.0,1.0,2.0,5.0,188
0,1.0,Phone,1,24.0,UPI,Male,4.0,5,Mobile Phone,4,Married,3,0,22.0,2.0,2.0,1.0,146
0,24.0,Computer,2,10.0,Credit Card,Male,4.0,4,Others,4,Married,3,0,15.707921714818266,2.0,11.0,8.0,307
0,1.0,Phone,3,20.0,Credit Card,Male,3.0,4,Mobile Phone,3,Married,3,0,12.0,2.0,2.0,7.0,146
1,1.0,Computer,1,14.0,Debit Card,Female,3.0,4,Mobile Phone,3,Married,3,1,17.0,1.0,2.0,3.0,154
1,1.0,Computer,3,19.0,Debit Card,Male,4.0,5,Mobile Phone,5,Married,3,0,19.0,2.0,2.0,1.0,145
0,8.0,Mobile Phone,1,7.0,Debit Card,Male,3.0,5,Mobile Phone,1,Married,3,1,14.0,2.0,2.0,4.0,161
1,1.0,Mobile Phone,3,20.0,Credit Card,Male,3.0,4,Laptop & Accessory,5,Married,4,0,18.0,1.0,2.0,3.0,167
0,9.0,Mobile Phone,1,32.0,UPI,Male,3.0,5,Laptop & Accessory,1,Single,6,0,15.0,2.0,2.0,3.0,162
0,5.0,Mobile Phone,3,13.0,Credit Card,Male,4.0,2,Laptop & Accessory,1,Married,6,0,23.0,6.0,6.0,8.0,180
0,1.0,Phone,1,13.0,Credit Card,Female,4.0,5,Mobile Phone,3,Married,2,0,13.0,1.0,2.0,4.0,147
0,11.0,Mobile Phone,3,9.0,E wallet,Male,4.0,4,Laptop & Accessory,3,Married,6,1,12.0,1.0,2.0,4.543490512868683,221
0,1.0,Mobile Phone,1,7.0,Debit Card,Female,3.0,5,Mobile Phone,4,Single,3,0,14.0,1.0,2.0,1.0,153
0,16.0,Mobile Phone,1,9.0,Debit Card,Female,3.0,4,Laptop & Accessory,1,Married,3,0,14.0,1.0,3.0,3.0,166
0,17.0,Mobile Phone,1,13.0,UPI,Male,3.0,5,Grocery,1,Married,6,1,15.0,1.7510234462225531,2.0,1.0,291
0,12.0,Mobile Phone,1,7.0,Debit Card,Female,3.0,4,Mobile Phone,5,Single,5,0,18.0,1.0,2.0,1.0,151
0,17.0,Computer,1,16.0,Credit Card,Male,4.0,4,Laptop & Accessory,3,Married,5,1,14.0,2.0,5.0,8.0,182
0,22.0,Mobile Phone,1,7.0,Debit Card,Female,3.0,5,Grocery,5,Married,9,0,12.0,1.7510234462225531,2.0,3.0,279
0,18.0,Mobile Phone,2,7.0,Debit Card,Female,3.0,5,Laptop & Accessory,3,Single,6,0,12.0,2.0,2.0,3.0,185
0,8.0,Mobile Phone,3,21.0,COD,Female,3.0,4,Mobile Phone,3,Married,3,1,19.0,2.0,2.0,7.0,151
1,1.0,Mobile Phone,3,9.0,E wallet,Male,3.0,4,Mobile Phone,5,Married,2,0,12.0,2.0,2.0,3.0,155
0,1.0,Mobile Phone,3,29.0,COD,Male,3.0,4,Mobile Phone,3,Single,3,0,12.0,1.0,2.0,3.0,159
0,18.0,Mobile Phone,1,10.0,UPI,Male,3.0,4,Others,1,Married,6,1,15.707921714818266,1.0,2.0,2.0,320
0,1.0,Mobile Phone,1,13.0,Credit Card,Male,4.0,4,Mobile Phone,3,Married,2,0,21.0,2.0,3.0,3.0,153
0,7.0,Mobile Phone,3,15.0,E wallet,Male,3.0,4,Laptop & Accessory,3,Married,2,0,13.0,1.0,2.0,3.0,196
0,6.0,Mobile Phone,1,16.0,Debit Card,Female,4.0,4,Laptop & Accessory,1,Married,3,1,13.0,2.0,2.0,6.0,188
0,4.0,Computer,1,10.0,Credit Card,Female,4.0,4,Mobile Phone,3,Married,3,0,21.0,2.0,2.0,1.0,146
0,27.0,Mobile Phone,3,7.0,Credit Card,Female,3.0,4,Laptop & Accessory,5,Single,9,0,21.0,5.0,9.0,11.0,209
0,8.0,Mobile Phone,1,7.0,Debit Card,Male,3.0,4,Mobile Phone,1,Married,3,0,13.0,2.0,9.0,9.0,152
1,9.0,Computer,3,33.0,Debit Card,Female,4.0,4,Laptop & Accessory,5,Married,4,0,15.0,1.0,2.0,1.0,168
0,1.0,Mobile Phone,1,13.0,Debit Card,Female,4.0,4,Mobile Phone,1,Married,3,1,14.0,1.0,2.0,3.0,81
0,11.0,Mobile Phone,1,10.0,UPI,Male,3.0,4,Fashion,3,Married,3,0,16.0,8.0,8.0,4.543490512868683,219
0,3.0,Mobile Phone,3,10.0,Credit Card,Female,4.0,4,Laptop & Accessory,3,Married,3,0,15.0,1.0,2.0,3.0,181
0,9.0,Mobile Phone,1,13.0,Debit Card,Male,3.0,6,Laptop & Accessory,1,Single,3,0,14.0,1.0,12.0,9.0,191
0,7.0,Computer,1,13.0,Debit Card,Male,2.0,4,Laptop & Accessory,1,Married,5,0,24.0,4.0,5.0,8.0,202
0,28.0,Mobile Phone,2,26.0,Credit Card,Male,3.0,4,Fashion,4,Married,4,0,16.0,3.0,3.0080044676098288,2.0,232
0,10.0,Mobile Phone,1,16.0,Credit Card,Male,3.0,5,Laptop & Accessory,4,Married,4,1,12.0,1.0,2.0,4.543490512868683,213
0,1.0,Phone,1,10.0,Credit Card,Male,3.0,5,Mobile Phone,1,Single,2,0,14.0,2.0,2.0,2.0,145
1,1.0,Phone,1,17.0,Credit Card,Male,3.0,4,Mobile,3,Single,3,1,12.0,2.0,2.0,2.0,135
1,1.0,Computer,1,10.0,Debit Card,Male,4.0,4,Mobile Phone,5,Single,3,1,12.0,6.0,10.0,8.0,158
0,9.0,Computer,1,10.0,Debit Card,Male,3.0,5,Mobile Phone,3,Married,3,0,19.0,2.0,2.0,1.0,138
0,1.0,Mobile Phone,1,11.0,Credit Card,Male,3.0,2,Mobile Phone,5,Married,4,0,17.0,1.0,2.0,3.0,153
0,1.0,Mobile Phone,3,15.0,Debit Card,Male,3.0,2,Laptop & Accessory,4,Married,2,0,23.0,2.0,2.0,3.0,174
0,12.0,Mobile Phone,3,14.0,E wallet,Female,3.0,5,Laptop & Accessory,1,Single,2,0,21.0,2.0,2.0,6.0,165
0,3.0,Computer,1,7.0,Debit Card,Male,4.0,6,Mobile Phone,1,Married,3,0,19.0,1.0,3.0,9.0,152
0,22.0,Mobile Phone,3,9.0,E wallet,Male,3.0,2,Laptop & Accessory,4,Married,5,0,13.0,1.0,3.0,3.0,206
0,1.0,Computer,3,10.0,Credit Card,Female,4.0,2,Laptop & Accessory,1,Married,3,1,21.0,2.0,2.0,5.0,171
0,11.0,Mobile Phone,1,17.0,Debit Card,Male,4.0,2,Mobile Phone,1,Single,5,0,18.0,2.0,2.0,1.0,172
0,24.0,Mobile Phone,1,35.0,Credit Card,Male,4.0,2,Mobile Phone,3,Married,3,1,12.0,1.0,4.0,9.0,157
0,8.0,Mobile Phone,1,16.0,Credit Card,Female,3.0,5,Fashion,4,Single,3,0,15.0,5.0,8.0,4.543490512868683,211
1,1.0,Mobile Phone,3,10.0,Debit Card,Female,4.0,4,Laptop & Accessory,3,Single,11,0,15.0,2.0,3.0,1.0,171
0,13.0,Mobile Phone,1,9.0,COD,Female,4.0,5,Laptop & Accessory,3,Single,3,0,12.0,2.0,12.0,11.0,171
0,6.0,Mobile Phone,3,17.0,E wallet,Male,3.0,4,Laptop & Accessory,1,Single,3,0,13.0,2.0,2.0,9.0,179
1,14.0,Computer,3,15.0,Cash on Delivery,Male,3.0,4,Laptop & Accessory,3,Married,5,1,15.0,1.0,2.0,4.0,193
0,12.0,Mobile Phone,1,7.0,Debit Card,Female,3.0,2,Laptop & Accessory,1,Single,2,0,14.0,1.0,2.0,9.0,201
0,1.0,Mobile Phone,1,7.0,Debit Card,Female,4.0,4,Fashion,5,Married,3,0,12.0,1.0,2.0,8.0,199
0,6.0,Mobile Phone,1,10.0,Debit Card,Female,3.0,4,Fashion,1,Single,5,0,16.0,7.0,3.0080044676098288,8.0,237
0,21.0,Mobile Phone,3,21.0,E wallet,Male,3.0,4,Laptop & Accessory,5,Single,4,0,13.0,2.0,2.0,8.0,175
0,14.0,Computer,3,12.0,Debit Card,Male,3.0,5,Fashion,5,Married,7,1,22.0,1.0,2.0,4.543490512868683,230
0,27.0,Mobile Phone,1,14.0,Debit Card,Male,3.0,2,Grocery,3,Married,5,0,20.0,1.7510234462225531,2.0,4.0,273
0,15.0,Mobile Phone,2,17.0,UPI,Male,4.0,5,Others,1,Married,5,0,15.707921714818266,4.0,13.0,7.0,316
0,31.0,Mobile Phone,3,23.0,E wallet,Male,3.0,4,Laptop & Accessory,5,Single,10,0,15.0,3.0,3.0,3.0,179
0,1.0,Computer,1,17.0,Debit Card,Male,3.0,4,Fashion,5,Married,3,0,22.0,1.0,2.0,4.543490512868683,213
0,15.0,Mobile Phone,2,7.0,UPI,Male,3.0,5,Others,3,Married,3,0,15.707921714818266,2.0,3.0,11.0,317
0,24.0,Mobile Phone,3,15.0,E wallet,Male,3.0,4,Mobile Phone,4,Married,9,0,16.0,1.0,3.0,3.0,164
1,1.0,Phone,1,7.0,Debit Card,Female,4.0,6,Mobile Phone,4,Single,9,1,14.0,2.0,4.0,8.0,147
0,10.0,Computer,1,15.0,Debit Card,Female,4.0,2,Fashion,5,Married,11,0,15.0,1.0,3.0080044676098288,6.0,242
0,12.0,Mobile Phone,1,7.0,Debit Card,Female,3.0,4,Fashion,3,Single,6,1,15.0,1.0,2.0,1.0,204
0,18.0,Computer,1,31.0,Credit Card,Male,3.0,6,Mobile Phone,3,Single,4,0,15.0,1.0,2.0,5.0,162
0,21.0,Computer,3,10.0,Credit Card,Female,3.0,4,Grocery,3,Married,11,1,13.0,1.7510234462225531,12.0,14.0,263
0,4.0,Mobile Phone,3,34.0,E wallet,Male,4.0,4,Laptop & Accessory,1,Married,9,0,24.0,3.0,8.0,8.0,178
0,3.0,Mobile Phone,3,17.0,Debit Card,Male,4.0,4,Mobile Phone,3,Single,3,0,12.0,2.0,2.0,1.0,151
1,6.0,Computer,1,26.0,Credit Card,Male,3.0,2,Mobile Phone,3,Married,8,1,13.0,1.0,3.0,3.0,153
0,17.0,Computer,3,22.0,Debit Card,Male,3.0,5,Laptop & Accessory,1,Married,5,0,19.0,2.0,3.0,3.0,193
0,8.0,Mobile Phone,1,15.0,Credit Card,Female,4.0,4,Laptop & Accessory,3,Single,5,0,12.0,1.0,5.0,4.0,186
0,1.0,Mobile Phone,1,16.0,Credit Card,Male,3.0,4,Mobile Phone,5,Married,3,0,15.0,2.0,2.0,3.0,150
0,13.0,Mobile Phone,2,10.0,UPI,Female,3.0,2,Laptop & Accessory,4,Married,11,0,16.0,1.0,4.0,7.0,189
0,30.0,Mobile Phone,1,16.0,Credit Card,Male,3.0,4,Grocery,1,Married,9,0,12.0,1.0,3.0080044676098288,2.0,236
0,14.0,Phone,1,9.0,Credit Card,Female,3.0,5,Mobile Phone,1,Single,2,1,21.0,1.0,3.0,4.0,148
0,1.0,Mobile Phone,1,14.0,Credit Card,Female,3.0,5,Laptop & Accessory,5,Single,10,0,20.0,2.0,2.0,8.0,193
0,3.0,Phone,3,17.0,E wallet,Male,3.0,4,Mobile Phone,4,Married,3,0,15.0,3.0,3.0,3.0,148
0,27.0,Phone,1,13.0,Debit Card,Male,3.0,4,Laptop & Accessory,1,Single,4,0,18.0,3.0,3.0,3.0,150
0,9.0,Computer,1,9.0,Debit Card,Female,4.0,4,Laptop & Accessory,5,Married,4,0,12.0,2.0,2.0,1.0,176
0,6.0,Computer,1,31.0,Debit Card,Male,4.0,4,Laptop & Accessory,1,Married,3,0,16.0,2.0,5.0,8.0,178
0,12.0,Mobile Phone,1,9.0,Credit Card,Male,4.0,4,Mobile Phone,3,Married,8,1,14.0,1.0,2.0,2.0,156
0,8.0,Mobile Phone,1,15.0,Debit Card,Female,3.0,4,Laptop & Accessory,5,Married,5,0,15.0,2.0,2.0,1.0,176
0,26.0,Mobile Phone,3,10.0,E wallet,Male,3.0,5,Grocery,5,Married,3,0,15.707921714818266,2.0,2.0,17.0,294
1,1.0,Mobile Phone,1,7.0,UPI,Male,4.0,4,Mobile Phone,1,Single,3,1,14.0,7.0,8.0,9.0,152
0,1.0,Mobile Phone,3,33.0,Credit Card,Female,3.0,4,Laptop & Accessory,1,Single,3,0,24.0,1.0,2.0,5.0,187
0,19.0,Mobile Phone,3,9.0,COD,Male,3.0,6,Laptop & Accessory,3,Single,2,0,14.0,2.0,4.0,2.0,191
0,1.0,Mobile Phone,1,17.0,Credit Card,Male,4.0,2,Mobile Phone,3,Single,3,0,19.0,1.0,2.0,3.0,160
1,11.0,Computer,3,34.0,Debit Card,Female,4.0,2,Laptop & Accessory,3,Single,6,1,13.0,1.0,2.0,4.0,189
0,8.0,Mobile Phone,3,9.0,UPI,Male,3.0,4,Laptop & Accessory,1,Single,3,0,23.0,1.0,2.0,5.0,188
1,19.0,Mobile Phone,1,9.0,Credit Card,Male,4.0,4,Others,5,Married,7,1,14.0,2.0,2.0,5.0,324
0,10.0,Computer,3,15.0,Debit Card,Male,4.0,5,Fashion,5,Single,3,0,16.0,1.0,2.0,10.0,201
0,26.0,Computer,1,26.0,Credit Card,Male,3.0,4,Mobile Phone,1,Married,2,0,19.0,2.0,2.0,3.0,168
0,1.0,Computer,1,7.0,Debit Card,Female,4.0,6,Mobile Phone,1,Married,5,0,15.0,3.0,3.0,1.0,169
0,3.0,Mobile Phone,1,34.0,Credit Card,Female,4.0,4,Laptop & Accessory,3,Married,6,0,13.0,1.0,2.0,2.0,168
1,1.0,Mobile Phone,3,15.0,COD,Male,3.0,5,Laptop & Accessory,5,Single,8,0,18.0,1.0,2.0,3.0,178
0,8.0,Mobile Phone,1,7.0,Debit Card,Female,4.0,2,Mobile Phone,1,Single,4,0,17.0,2.0,2.0,4.0,158
0,28.0,Mobile Phone,1,26.0,Credit Card,Female,4.0,4,Laptop & Accessory,5,Married,11,1,12.0,1.0,2.0,5.0,180
0,1.0,Computer,3,15.0,E wallet,Male,3.0,4,Laptop & Accessory,1,Married,2,0,20.0,2.0,2.0,2.0,168
0,11.0,Mobile Phone,1,17.0,Debit Card,Female,3.0,4,Mobile Phone,5,Married,2,1,14.0,5.0,5.0,4.0,153
0,12.0,Computer,1,9.0,Debit Card,Female,4.0,2,Laptop & Accessory,5,Single,8,1,13.0,1.0,5.0,13.0,185
0,8.0,Mobile Phone,1,9.0,Credit Card,Female,3.0,5,Mobile Phone,5,Single,3,0,12.0,2.0,2.0,4.0,169
0,9.0,Mobile Phone,3,15.0,Debit Card,Female,4.0,4,Mobile Phone,1,Married,3,0,17.0,2.0,2.0,3.0,151
0,4.0,Mobile Phone,1,7.0,Debit Card,Male,3.0,6,Mobile Phone,3,Married,5,0,22.0,2.0,2.0,3.0,163
0,14.0,Computer,1,9.0,Credit Card,Female,3.0,2,Laptop & Accessory,4,Married,3,0,25.0,1.0,4.0,8.0,167
0,8.0,Mobile Phone,3,15.0,Debit Card,Female,4.0,4,Laptop & Accessory,5,Married,7,0,18.0,2.0,2.0,3.0,190
0,16.0,Computer,1,15.0,Debit Card,Male,4.0,4,Others,1,Married,3,0,15.707921714818266,6.0,15.0,10.0,309
1,1.0,Phone,1,13.0,Debit Card,Male,4.0,2,Mobile Phone,5,Married,3,1,22.0,1.0,2.0,1.0,141
0,1.0,Computer,1,16.0,Debit Card,Male,3.0,5,Mobile Phone,4,Married,3,0,12.0,1.0,2.0,1.0,152
0,26.0,Mobile Phone,1,18.0,Debit Card,Female,3.0,4,Laptop & Accessory,3,Married,10,0,21.0,2.0,2.0,5.0,156
0,24.0,Mobile Phone,1,9.0,Credit Card,Male,4.0,4,Grocery,3,Married,7,0,15.707921714818266,1.0,2.0,4.0,301
1,1.0,Phone,1,7.0,Debit Card,Female,3.0,5,Mobile Phone,5,Married,3,1,12.0,1.0,2.0,1.0,148
0,7.0,Mobile Phone,1,14.0,Credit Card,Male,3.0,4,Fashion,3,Married,2,0,12.0,2.0,3.0080044676098288,8.0,242
1,1.0,Mobile Phone,3,23.0,E wallet,Female,4.0,4,Laptop & Accessory,5,Single,7,0,16.0,2.0,2.0,3.0,178
0,21.0,Mobile Phone,1,9.0,UPI,Female,3.0,4,Grocery,1,Married,3,1,15.707921714818266,4.0,4.0,1.0,293
0,10.0,Mobile Phone,1,7.0,UPI,Female,3.0,4,Laptop & Accessory,4,Married,2,0,16.0,2.0,2.0,6.0,177
0,3.0,Mobile Phone,1,30.0,Debit Card,Male,3.0,2,Mobile Phone,3,Married,3,0,25.0,2.0,2.0,8.0,152
1,21.0,Mobile Phone,1,9.0,Debit Card,Male,3.0,4,Others,4,Single,9,1,15.707921714818266,8.0,14.0,9.0,317
0,9.0,Mobile Phone,1,7.0,Debit Card,Female,3.0,2,Mobile Phone,3,Single,5,0,14.0,3.0,3.0,3.0,150
0,16.0,Mobile Phone,1,7.0,Debit Card,Female,3.0,5,Laptop & Accessory,1,Married,11,1,14.0,1.0,2.0,3.0,186
1,1.0,Mobile Phone,1,9.0,Credit Card,Male,3.0,4,Mobile Phone,3,Single,8,0,18.0,3.0,3.0,2.0,169
0,10.0,Phone,2,20.0,UPI,Male,3.0,4,Mobile Phone,4,Married,6,0,14.0,2.0,2.0,5.0,146
0,6.0,Mobile Phone,1,11.0,Debit Card,Female,4.0,5,Laptop & Accessory,3,Married,3,0,13.0,6.0,7.0,9.0,187
0,14.0,Computer,1,23.0,Credit Card,Male,3.0,5,Laptop & Accessory,3,Single,8,0,15.0,1.0,2.0,1.0,176
0,4.0,Mobile Phone,1,9.0,Credit Card,Female,3.0,5,Laptop & Accessory,1,Single,7,1,25.0,2.0,2.0,1.0,194
0,19.0,Phone,1,9.0,Debit Card,Female,4.0,5,Mobile Phone,3,Single,3,0,15.0,2.0,2.0,1.0,148
0,16.0,Mobile Phone,1,36.0,Debit Card,Male,4.0,4,Laptop & Accessory,4,Married,3,0,14.0,6.0,8.0,9.0,169
0,12.0,Computer,1,19.0,Debit Card,Male,1.0,5,Laptop & Accessory,5,Married,4,0,16.0,2.0,2.0,3.0,188
0,8.0,Computer,1,23.0,Debit Card,Female,4.0,5,Mobile Phone,1,Single,3,0,17.0,2.0,2.0,4.0,151
1,13.0,Mobile Phone,3,18.0,E wallet,Female,3.0,4,Fashion,1,Married,3,0,19.0,1.0,8.0,8.0,202
1,19.0,Mobile Phone,3,9.0,Credit Card,Male,3.0,4,Laptop & Accessory,1,Single,6,0,17.0,2.0,8.0,4.0,177
0,17.0,Mobile Phone,1,21.0,Debit Card,Male,4.0,4,Grocery,5,Married,8,0,15.707921714818266,2.0,2.0,1.0,297
0,1.0,Mobile Phone,1,12.0,Cash on Delivery,Male,3.0,5,Fashion,1,Married,3,1,17.0,2.0,3.0080044676098288,9.0,253
0,9.0,Mobile Phone,1,14.0,UPI,Male,3.0,4,Fashion,3,Single,5,0,22.0,1.0,2.0,4.543490512868683,227
0,2.0,Mobile Phone,3,9.0,E wallet,Female,3.0,4,Laptop & Accessory,4,Married,3,1,21.0,7.0,8.0,6.0,173
0,8.0,Mobile Phone,2,10.0,UPI,Male,3.0,4,Mobile Phone,1,Married,2,0,20.0,2.0,2.0,3.0,162
1,1.0,Computer,1,12.0,Credit Card,Female,3.0,5,Mobile Phone,3,Married,3,1,15.0,1.0,2.0,8.0,149
0,1.0,Computer,1,10.0,Credit Card,Male,3.0,4,Mobile Phone,1,Married,3,0,12.0,1.0,2.0,1.0,142
0,25.0,Mobile Phone,3,33.0,E wallet,Female,4.0,4,Grocery,3,Married,4,0,15.0,1.7510234462225531,5.0,18.0,288
0,18.0,Mobile Phone,1,11.0,Credit Card,Male,3.0,4,Laptop & Accessory,4,Single,11,0,13.0,2.0,3.0,4.0,184
0,1.0,Mobile Phone,1,9.0,Credit Card,Male,4.0,2,Mobile Phone,5,Single,9,0,14.0,1.0,2.0,2.0,159
0,7.0,Mobile Phone,3,7.0,Credit Card,Male,3.0,2,Laptop & Accessory,5,Married,3,0,23.0,1.0,2.0,9.0,165
0,9.0,Mobile Phone,1,34.0,Credit Card,Female,3.0,5,Mobile Phone,5,Single,3,0,12.0,1.0,2.0,2.0,151
0,10.0,Mobile Phone,3,7.0,Debit Card,Male,3.0,4,Laptop & Accessory,1,Married,3,1,15.0,4.0,5.0,12.0,187
0,6.0,Mobile Phone,3,20.0,Debit Card,Male,4.0,4,Laptop & Accessory,1,Married,4,0,12.0,1.0,2.0,4.0,169
0,4.0,Computer,1,12.0,Debit Card,Male,4.0,5,Mobile Phone,1,Married,11,0,13.0,1.0,2.0,4.0,163
0,27.0,Mobile Phone,3,14.0,E wallet,Female,4.0,5,Fashion,1,Married,9,1,19.0,1.0,3.0080044676098288,5.0,234
0,19.0,Mobile Phone,3,16.0,E wallet,Male,4.0,4,Fashion,5,Married,6,1,13.0,1.0,3.0080044676098288,3.0,233
0,6.0,Mobile Phone,1,15.0,Credit Card,Female,4.0,2,Laptop & Accessory,3,Married,7,0,13.0,2.0,2.0,4.0,177
0,26.0,Computer,1,32.0,Credit Card,Female,3.0,5,Grocery,1,Married,5,0,23.0,1.7510234462225531,2.0,1.0,263
0,11.0,Mobile Phone,3,23.0,E wallet,Male,4.0,5,Laptop & Accessory,3,Married,6,0,20.0,2.0,2.0,1.0,188
0,2.0,Mobile Phone,2,15.0,Credit Card,Male,4.0,5,Mobile Phone,1,Married,3,0,14.0,2.0,2.0,5.0,174
0,1.0,Mobile Phone,1,7.0,Debit Card,Male,3.0,5,Laptop & Accessory,1,Married,8,0,23.0,3.0,3.0,3.0,173
0,18.0,Mobile Phone,1,15.0,Debit Card,Male,4.0,2,Mobile Phone,1,Married,4,1,25.0,2.0,2.0,3.0,153
0,16.0,Computer,1,9.0,Credit Card,Male,3.0,4,Mobile Phone,1,Single,7,1,15.0,2.0,3.0,3.0,150
0,10.0,Phone,2,15.0,Debit Card,Male,4.0,5,Mobile Phone,5,Married,2,0,22.0,1.0,2.0,4.0,148
0,1.0,Mobile Phone,3,10.0,UPI,Male,4.0,4,Laptop & Accessory,5,Married,3,1,19.0,1.0,2.0,4.0,167
0,9.0,Mobile Phone,1,16.0,Debit Card,Female,4.0,5,Fashion,3,Married,3,1,21.0,4.0,3.0080044676098288,16.0,232
1,1.0,Computer,1,32.0,Debit Card,Female,4.0,4,Mobile Phone,4,Married,3,1,20.0,7.0,8.0,9.0,145
0,6.0,Computer,1,7.0,Debit Card,Male,4.0,4,Mobile Phone,1,Married,2,0,13.0,2.0,2.0,3.0,148
0,1.0,Mobile Phone,3,11.0,E wallet,Male,3.0,5,Laptop & Accessory,5,Married,3,0,13.0,2.0,2.0,4.0,168
0,23.0,Mobile Phone,1,7.0,COD,Female,3.0,4,Mobile Phone,5,Married,4,0,17.0,1.0,2.0,3.0,161
0,1.0,Computer,1,11.0,Debit Card,Male,3.0,5,Mobile Phone,1,Married,2,0,18.0,1.0,4.0,5.0,157
0,6.0,Computer,3,12.0,Debit Card,Male,3.0,4,Laptop & Accessory,4,Married,3,0,15.0,3.0,6.0,4.0,190
0,12.0,Mobile Phone,3,16.0,E wallet,Male,4.0,5,Mobile Phone,4,Married,2,0,20.0,1.0,2.0,3.0,154
0,16.0,Mobile Phone,1,10.0,Debit Card,Female,4.0,2,Laptop & Accessory,1,Married,4,1,14.0,2.0,2.0,4.0,177
0,5.0,Phone,1,18.0,Debit Card,Male,3.0,4,Mobile Phone,1,Married,5,1,20.0,1.0,2.0,3.0,149
1,1.0,Mobile Phone,3,7.0,Credit Card,Female,3.0,5,Mobile Phone,3,Married,8,1,20.0,2.0,2.0,3.0,153
0,27.0,Mobile Phone,3,15.0,E wallet,Male,4.0,4,Grocery,1,Married,7,0,15.0,3.0,3.0080044676098288,3.0,243
0,9.0,Mobile Phone,1,32.0,Cash on Delivery,Male,4.0,5,Fashion,4,Married,5,0,17.0,3.0,3.0080044676098288,9.0,234
0,11.0,Computer,3,28.0,Credit Card,Female,3.0,4,Mobile Phone,1,Married,7,0,16.0,2.0,2.0,1.0,155
0,27.0,Mobile Phone,1,30.0,Debit Card,Female,4.0,4,Grocery,1,Single,8,0,19.0,1.7510234462225531,4.0,9.0,268
0,17.0,Computer,1,7.0,Debit Card,Female,3.0,4,Laptop & Accessory,1,Married,6,0,14.0,2.0,3.0,3.0,181
0,21.0,Mobile Phone,3,9.0,E wallet,Female,3.0,4,Laptop & Accessory,1,Married,2,1,23.0,4.0,8.0,8.0,170
0,11.0,Computer,3,26.0,Credit Card,Male,3.0,4,Fashion,4,Single,3,1,14.0,1.0,2.0,10.0,201
0,24.0,Computer,1,9.0,Debit Card,Male,4.0,4,Grocery,5,Married,3,0,15.707921714818266,14.0,15.0,8.0,304
0,13.0,Mobile Phone,2,9.0,Debit Card,Female,3.0,5,Laptop & Accessory,1,Married,10,0,12.0,2.0,2.0,5.0,177
0,7.0,Phone,2,10.0,UPI,Male,3.0,4,Mobile Phone,4,Married,5,1,12.0,1.0,2.0,4.0,148
1,1.0,Mobile Phone,1,32.0,Debit Card,Male,3.0,4,Mobile Phone,1,Single,3,1,25.0,1.0,2.0,2.0,153
0,3.0,Mobile Phone,1,14.0,Credit Card,Female,4.0,5,Mobile Phone,1,Married,8,0,15.0,2.0,2.0,4.0,150
0,18.0,Mobile Phone,1,16.0,Debit Card,Male,4.0,4,Mobile Phone,5,Married,3,1,14.0,6.0,8.0,2.0,151
0,2.0,Mobile Phone,3,12.0,Credit Card,Male,4.0,4,Laptop & Accessory,1,Single,3,0,15.0,1.0,2.0,3.0,174
1,21.0,Computer,1,9.0,Debit Card,Male,3.0,5,Mobile Phone,1,Married,11,1,15.0,2.0,2.0,1.0,149
0,17.0,Mobile Phone,1,15.0,Debit Card,Female,3.0,4,Laptop & Accessory,4,Married,6,0,22.0,2.0,2.0,1.0,173
1,1.0,Phone,3,9.0,Credit Card,Female,3.0,5,Mobile Phone,3,Single,3,0,14.0,2.0,2.0,3.0,145
1,1.0,Mobile Phone,1,25.0,UPI,Female,4.0,4,Mobile Phone,1,Single,3,0,20.0,2.0,2.0,1.0,152
0,10.0,Mobile Phone,1,21.0,Debit Card,Male,4.0,4,Laptop & Accessory,1,Married,2,1,18.0,3.0,5.0,12.0,191
0,21.0,Mobile Phone,3,9.0,Debit Card,Female,4.0,5,Mobile Phone,1,Single,3,1,19.0,1.0,2.0,3.0,158
1,1.0,Mobile Phone,1,10.0,Debit Card,Female,3.0,4,Laptop & Accessory,3,Married,2,1,20.0,2.0,2.0,3.0,167
1,5.0,Mobile Phone,1,9.0,Debit Card,Female,3.0,6,Mobile Phone,1,Married,6,1,14.0,1.0,2.0,1.0,153
0,2.0,Phone,1,16.0,Credit Card,Female,4.0,4,Mobile Phone,3,Married,7,0,19.0,1.0,3.0,3.0,149
1,3.0,Phone,1,13.0,Credit Card,Male,4.0,4,Mobile Phone,5,Married,9,1,22.0,2.0,3.0,3.0,149
0,1.0,Phone,1,11.0,Debit Card,Female,4.0,4,Mobile Phone,3,Single,3,0,20.0,1.0,2.0,1.0,148
0,8.0,Phone,1,17.0,Debit Card,Male,3.0,4,Mobile Phone,4,Married,3,0,15.0,2.0,2.0,1.0,145
0,16.0,Mobile Phone,3,21.0,Credit Card,Female,4.0,5,Laptop & Accessory,3,Single,9,0,18.0,2.0,2.0,4.0,187
0,7.0,Mobile Phone,1,7.0,UPI,Male,4.0,5,Mobile Phone,5,Single,5,1,12.0,2.0,2.0,3.0,153
0,31.0,Mobile Phone,1,12.0,Cash on Delivery,Female,3.0,5,Fashion,4,Married,4,1,14.0,2.0,2.0,4.543490512868683,231
0,5.0,Phone,3,14.0,Debit Card,Male,3.0,5,Mobile Phone,3,Married,5,0,16.0,3.0,6.0,3.0,148
0,9.0,Mobile Phone,1,28.0,Debit Card,Female,3.0,4,Laptop & Accessory,1,Married,3,1,26.0,1.0,2.0,8.0,165
0,23.0,Mobile Phone,1,15.0,UPI,Female,3.0,4,Fashion,4,Married,6,0,12.0,1.0,2.0,8.0,199
0,22.0,Phone,1,27.0,Credit Card,Male,3.0,4,Mobile Phone,3,Married,6,0,18.0,2.0,2.0,1.0,148
0,5.0,Computer,3,27.0,E wallet,Female,3.0,4,Laptop & Accessory,3,Married,3,0,14.0,2.0,2.0,1.0,194
0,10.0,Mobile Phone,1,14.0,UPI,Male,4.0,4,Mobile Phone,1,Single,4,0,19.0,2.0,2.0,2.0,172
0,12.0,Mobile Phone,1,7.0,Cash on Delivery,Female,4.0,4,Fashion,5,Married,3,0,14.0,5.0,6.0,12.0,261
0,6.0,Computer,1,7.0,Debit Card,Female,4.0,5,Mobile Phone,4,Married,8,0,21.0,1.0,2.0,3.0,148
1,1.0,Phone,3,26.0,E wallet,Male,3.0,5,Mobile Phone,4,Married,3,1,19.0,1.0,2.0,1.0,149
0,14.0,Mobile Phone,3,17.0,E wallet,Male,4.0,5,Fashion,4,Married,4,0,13.0,1.0,2.0,4.543490512868683,222
0,1.0,Computer,3,7.0,Credit Card,Male,3.0,5,Laptop & Accessory,5,Single,3,0,13.0,1.0,2.0,8.0,168
0,15.0,Mobile Phone,1,13.0,Credit Card,Male,3.0,4,Mobile Phone,5,Single,4,1,14.0,2.0,3.0,18.0,172
0,10.0,Mobile Phone,1,9.0,Credit Card,Male,4.0,4,Mobile Phone,3,Single,6,0,22.0,2.0,4.0,10.0,150
1,1.0,Phone,3,28.0,UPI,Male,3.0,5,Mobile Phone,4,Single,3,1,14.0,2.0,2.0,1.0,146
1,1.0,Mobile Phone,1,11.0,COD,Male,3.0,4,Mobile Phone,5,Single,3,0,20.0,2.0,2.0,1.0,155
0,5.0,Mobile Phone,1,19.0,Credit Card,Female,3.0,4,Laptop & Accessory,1,Married,2,1,12.0,7.0,9.0,6.0,184
0,14.0,Computer,1,16.0,Credit Card,Male,3.0,4,Mobile Phone,4,Married,10,1,15.0,1.0,2.0,1.0,161
0,6.0,Mobile Phone,1,10.0,Credit Card,Female,4.0,4,Laptop & Accessory,5,Married,3,0,13.0,2.0,7.0,4.0,192
1,1.0,Mobile Phone,3,10.0,Debit Card,Male,3.0,5,Fashion,1,Married,3,1,12.0,4.0,4.0,4.543490512868683,228
0,7.0,Mobile Phone,1,7.0,Debit Card,Female,3.0,5,Laptop & Accessory,1,Single,2,0,15.0,2.0,2.0,5.0,194
1,1.0,Mobile Phone,3,7.0,Debit Card,Male,3.0,5,Fashion,3,Married,7,0,12.0,6.0,12.0,4.543490512868683,231
0,19.0,Computer,1,11.0,Debit Card,Male,3.0,4,Laptop & Accessory,4,Married,3,0,13.0,2.0,2.0,9.0,169
0,3.0,Computer,3,27.0,COD,Female,3.0,4,Mobile Phone,1,Married,3,0,16.0,1.0,2.0,3.0,147
0,9.0,Mobile Phone,3,25.0,Credit Card,Female,3.0,4,Laptop & Accessory,3,Married,3,0,17.0,2.0,2.0,1.0,171
0,26.0,Mobile Phone,1,7.0,Debit Card,Male,4.0,4,Grocery,1,Married,4,0,15.707921714818266,4.0,8.0,9.0,296
1,21.0,Mobile Phone,1,9.0,COD,Male,3.0,4,Mobile Phone,3,Single,6,0,25.0,1.0,2.0,1.0,150
0,27.0,Mobile Phone,3,9.0,Credit Card,Male,3.0,4,Grocery,3,Married,8,0,14.0,1.7510234462225531,16.0,3.0,274
0,4.0,Mobile Phone,3,15.0,UPI,Male,4.0,4,Fashion,3,Married,7,0,12.0,3.0,8.0,8.0,198
0,12.0,Computer,3,17.0,COD,Female,3.0,4,Laptop & Accessory,1,Single,3,1,14.0,2.0,2.0,4.0,182
0,9.0,Mobile Phone,3,10.0,Debit Card,Male,4.0,4,Fashion,1,Married,8,0,14.0,1.0,2.0,9.0,203
0,13.0,Mobile Phone,3,9.0,Debit Card,Male,3.0,2,Fashion,3,Single,2,0,19.0,1.0,2.0,8.0,204
1,4.0,Computer,3,31.0,Debit Card,Female,4.0,2,Grocery,4,Single,6,1,17.0,2.0,3.0080044676098288,1.0,257
0,21.0,Computer,1,23.0,Credit Card,Male,4.0,2,Laptop & Accessory,3,Married,3,1,20.0,2.0,3.0,8.0,176
0,10.0,Computer,3,15.0,COD,Male,3.0,4,Laptop & Accessory,1,Married,6,0,14.0,2.0,2.0,8.0,176
1,1.0,Computer,1,16.0,Credit Card,Male,3.0,5,Mobile Phone,5,Single,2,1,23.0,1.0,2.0,3.0,148
0,7.0,Computer,3,24.0,Debit Card,Male,3.0,4,Grocery,3,Single,3,0,15.707921714818266,6.0,7.0,1.0,299
1,1.0,Phone,1,17.0,Debit Card,Female,4.0,5,Mobile Phone,5,Single,8,1,21.0,2.0,2.0,1.0,149
0,7.0,Mobile Phone,1,20.0,Debit Card,Female,3.0,4,Mobile Phone,1,Single,5,0,19.0,2.0,2.0,3.0,160
0,19.0,Phone,1,7.0,Credit Card,Female,4.0,4,Mobile Phone,1,Married,5,0,15.0,2.0,2.0,3.0,148
0,24.0,Mobile Phone,1,7.0,Credit Card,Male,4.0,4,Grocery,1,Married,11,0,15.707921714818266,1.0,2.0,4.0,299
0,7.0,Computer,1,7.0,UPI,Female,3.0,2,Laptop & Accessory,4,Married,3,1,14.0,2.0,2.0,3.0,180
0,15.0,Computer,1,16.0,Credit Card,Male,4.0,4,Others,3,Married,4,0,15.707921714818266,1.0,2.0,12.0,319
0,1.0,Mobile Phone,1,23.0,COD,Female,3.0,4,Mobile Phone,4,Married,11,0,15.0,3.0,3.0,3.0,153
0,19.0,Computer,1,30.0,Debit Card,Male,3.0,4,Laptop & Accessory,5,Married,3,1,16.0,2.0,2.0,9.0,161
0,21.0,Mobile Phone,3,11.0,Debit Card,Female,3.0,4,Laptop & Accessory,1,Single,3,1,18.0,2.0,2.0,8.0,167
1,1.0,Phone,1,29.0,Debit Card,Female,3.0,4,Mobile Phone,3,Married,6,1,12.0,1.0,2.0,2.0,146
0,24.0,Mobile Phone,1,31.0,Debit Card,Male,4.0,4,Grocery,3,Married,5,1,19.0,1.7510234462225531,2.0,6.0,265
0,12.0,Computer,1,17.0,Credit Card,Male,4.0,4,Mobile Phone,3,Married,2,0,18.0,1.0,2.0,3.0,152
0,20.0,Mobile Phone,1,14.0,Credit Card,Male,4.0,4,Fashion,3,Married,8,0,14.0,2.0,3.0080044676098288,8.0,233
0,1.0,Mobile Phone,1,24.0,Credit Card,Female,3.0,5,Laptop & Accessory,3,Married,3,0,16.0,1.0,4.0,3.0,169
1,1.0,Mobile Phone,1,21.0,UPI,Male,3.0,5,Mobile Phone,4,Married,3,1,25.0,2.0,2.0,3.0,162
0,5.0,Computer,1,7.0,Debit Card,Female,4.0,4,Laptop & Accessory,5,Married,3,0,13.0,2.0,2.0,4.0,166
0,1.0,Computer,1,12.0,Debit Card,Male,4.0,4,Mobile Phone,1,Single,3,0,16.0,1.0,2.0,1.0,136
0,28.0,Mobile Phone,1,24.0,Cash on Delivery,Female,3.0,4,Fashion,3,Married,10,0,12.0,1.0,3.0080044676098288,9.0,232
0,9.0,Mobile Phone,1,32.0,Credit Card,Female,3.0,4,Fashion,3,Married,3,1,12.0,1.0,11.0,4.543490512868683,229
0,4.0,Mobile Phone,1,15.0,Debit Card,Female,4.0,2,Fashion,5,Married,2,1,13.0,1.0,3.0080044676098288,8.0,239
1,1.0,Mobile Phone,1,18.0,Credit Card,Female,4.0,5,Mobile Phone,5,Single,3,1,16.0,2.0,2.0,1.0,151
1,1.0,Computer,1,12.0,Credit Card,Female,3.0,4,Mobile Phone,4,Single,2,0,18.0,1.0,2.0,3.0,149
0,1.0,Mobile Phone,1,9.0,Credit Card,Male,3.0,2,Laptop & Accessory,1,Married,3,0,13.0,2.0,2.0,4.0,180
0,1.0,Mobile Phone,1,15.0,Debit Card,Male,4.0,6,Mobile Phone,5,Married,3,0,16.0,1.0,2.0,2.0,150
0,22.0,Mobile Phone,1,13.0,Debit Card,Male,4.0,5,Laptop & Accessory,3,Single,4,0,14.0,1.0,3.0,3.0,167
0,22.0,Mobile Phone,1,11.0,Debit Card,Male,4.0,5,Fashion,3,Single,9,0,15.0,2.0,3.0080044676098288,9.0,235
0,15.0,Mobile Phone,1,14.0,Credit Card,Female,3.0,4,Laptop & Accessory,3,Single,8,0,15.0,3.0,3.0,2.0,175
0,13.0,Mobile Phone,1,7.0,Debit Card,Female,4.0,5,Grocery,1,Married,3,0,17.0,10.0,3.0080044676098288,9.0,252
0,1.0,Mobile Phone,1,9.0,Debit Card,Female,3.0,4,Laptop & Accessory,1,Married,2,0,19.0,3.0,3.0,3.0,167
0,9.0,Mobile Phone,1,17.0,UPI,Male,3.0,4,Mobile Phone,1,Married,3,0,21.0,1.0,2.0,3.0,164
0,1.0,Mobile Phone,3,12.0,E wallet,Male,3.0,4,Others,3,Married,8,0,15.707921714818266,1.0,2.0,1.0,308
0,24.0,Phone,1,16.0,Debit Card,Male,4.0,4,Mobile Phone,1,Married,6,0,19.0,2.0,2.0,1.0,149
0,31.0,Mobile Phone,1,9.0,Debit Card,Female,4.0,5,Grocery,1,Single,5,1,14.0,1.7510234462225531,5.0,4.0,262
1,1.0,Mobile Phone,1,18.0,Credit Card,Female,4.0,6,Laptop & Accessory,4,Married,7,0,16.0,2.0,2.0,1.0,173
0,29.0,Computer,1,25.0,Credit Card,Male,4.0,4,Laptop & Accessory,4,Married,5,1,15.0,3.0,7.0,8.0,189
0,15.0,Computer,1,14.0,Debit Card,Female,3.0,6,Others,3,Married,3,0,23.0,6.0,6.0,11.0,325
0,12.0,Mobile Phone,3,10.0,Debit Card,Male,3.0,4,Laptop & Accessory,1,Single,10,1,13.0,2.0,2.0,1.0,194
1,1.0,Computer,3,36.0,Credit Card,Male,4.0,6,Laptop & Accessory,5,Single,10,0,19.0,2.0,3.0,3.0,175
1,16.0,Mobile Phone,3,9.0,E wallet,Female,3.0,6,Others,1,Married,3,0,16.0,4.0,7.0,10.0,323
0,18.0,Mobile Phone,3,35.0,Credit Card,Female,3.0,2,Grocery,1,Married,5,1,19.0,5.0,3.0080044676098288,12.0,258
0,24.0,Computer,3,7.0,Debit Card,Female,4.0,4,Laptop & Accessory,3,Married,2,0,13.0,1.0,2.0,14.0,188
1,1.0,Mobile Phone,1,23.0,Debit Card,Female,3.0,2,Mobile Phone,5,Single,3,0,17.0,4.0,16.0,15.0,152
0,13.0,Computer,1,29.0,Credit Card,Female,3.0,4,Fashion,5,Single,3,1,14.0,2.0,3.0080044676098288,9.0,234
0,7.0,Computer,3,15.0,Debit Card,Female,3.0,5,Mobile Phone,1,Single,2,0,20.0,1.0,3.0,3.0,148
0,19.0,Mobile Phone,3,18.0,Debit Card,Female,3.0,4,Grocery,1,Married,5,0,15.707921714818266,1.0,2.0,2.0,302
0,6.0,Computer,1,36.0,Credit Card,Female,4.0,4,Mobile Phone,3,Single,11,0,13.0,7.0,8.0,8.0,165
0,8.0,Mobile Phone,3,7.0,E wallet,Male,4.0,2,Laptop & Accessory,1,Married,2,0,12.0,1.0,2.0,4.543490512868683,222
0,31.0,Mobile Phone,3,7.0,Cash on Delivery,Male,4.0,4,Fashion,1,Married,5,1,15.0,2.0,3.0080044676098288,5.0,244
0,19.0,Phone,2,31.0,Credit Card,Male,3.0,4,Mobile Phone,4,Single,3,0,17.0,1.0,2.0,5.0,147
0,27.0,Computer,3,9.0,E wallet,Female,3.0,5,Fashion,4,Married,4,0,13.0,6.0,7.0,13.0,200
1,1.0,Mobile Phone,1,22.0,UPI,Male,3.0,4,Laptop & Accessory,3,Married,9,0,15.0,1.0,2.0,1.0,173
1,1.0,Computer,1,9.0,Debit Card,Male,3.0,4,Mobile Phone,5,Married,8,1,15.0,1.0,2.0,3.0,145
0,8.0,Phone,3,17.0,Debit Card,Female,3.0,4,Mobile Phone,3,Married,3,1,20.0,1.0,2.0,1.0,147
0,2.0,Phone,3,17.0,Credit Card,Male,4.0,4,Mobile Phone,4,Married,3,0,23.0,1.0,2.0,1.0,136
0,12.0,Computer,1,10.0,UPI,Male,3.0,4,Mobile Phone,3,Married,5,0,17.0,3.0,3.0,3.0,153
0,24.0,Mobile Phone,1,9.0,Credit Card,Male,4.0,4,Others,3,Married,4,1,15.707921714818266,5.0,8.0,8.0,317
0,11.0,Mobile Phone,1,10.0,UPI,Female,3.0,4,Laptop & Accessory,4,Single,5,0,16.0,2.0,2.0,2.0,166
0,14.0,Mobile Phone,3,33.0,E wallet,Male,4.0,4,Laptop & Accessory,5,Married,3,0,15.0,4.0,8.0,6.0,209
0,1.0,Computer,1,7.0,Credit Card,Female,4.0,5,Mobile Phone,3,Married,3,0,14.0,1.0,2.0,4.0,145
0,20.0,Mobile Phone,1,7.0,Credit Card,Male,3.0,4,Others,1,Married,11,0,15.707921714818266,2.0,3.0,3.0,321
0,28.0,Mobile Phone,3,9.0,Debit Card,Female,3.0,5,Fashion,3,Married,8,0,12.0,7.0,3.0080044676098288,1.0,232
0,30.0,Computer,1,16.0,Credit Card,Female,4.0,4,Mobile Phone,3,Married,4,0,20.0,2.0,2.0,4.0,154
0,10.0,Mobile Phone,1,19.0,Credit Card,Female,3.0,5,Fashion,1,Single,2,0,12.0,6.0,8.0,4.543490512868683,214
0,29.0,Computer,1,9.0,Credit Card,Male,3.0,5,Grocery,5,Single,9,0,15.707921714818266,3.0,7.0,3.0,293
0,17.0,Mobile Phone,3,32.0,Credit Card,Male,4.0,5,Fashion,1,Married,7,0,14.0,2.0,3.0080044676098288,1.0,233
1,1.0,Computer,3,16.0,E wallet,Female,3.0,4,Mobile Phone,1,Single,3,1,15.0,2.0,2.0,3.0,148
1,1.0,Phone,1,17.0,Debit Card,Female,3.0,5,Mobile Phone,5,Single,3,0,14.0,1.0,2.0,1.0,139
0,20.0,Mobile Phone,1,15.0,Debit Card,Female,4.0,5,Laptop & Accessory,5,Married,10,1,24.0,2.0,2.0,8.0,171
1,15.0,Mobile Phone,1,11.0,Debit Card,Male,3.0,4,Mobile Phone,3,Married,11,1,13.0,1.0,3.0,8.0,150
1,1.0,Computer,1,31.0,Cash on Delivery,Male,4.0,5,Fashion,5,Single,3,0,13.0,2.0,2.0,4.543490512868683,212
0,1.0,Mobile Phone,1,7.0,Credit Card,Male,3.0,5,Mobile Phone,5,Married,3,0,17.0,2.0,2.0,4.0,165
0,4.0,Mobile Phone,1,27.0,UPI,Male,3.0,4,Laptop & Accessory,5,Married,2,0,16.0,1.0,2.0,4.543490512868683,225
0,15.0,Mobile Phone,1,14.0,COD,Female,3.0,2,Mobile Phone,3,Married,3,0,14.0,1.0,2.0,9.0,159
0,12.0,Mobile Phone,1,24.0,Debit Card,Female,4.0,5,Fashion,3,Married,2,0,19.0,2.0,2.0,4.543490512868683,213
0,14.0,Mobile Phone,1,27.0,Cash on Delivery,Male,4.0,4,Fashion,1,Married,6,0,21.0,4.0,12.0,4.543490512868683,228
0,1.0,Computer,1,15.0,Debit Card,Male,3.0,6,Mobile Phone,3,Married,3,0,20.0,2.0,2.0,3.0,171
0,29.0,Computer,1,9.0,Debit Card,Male,4.0,4,Fashion,4,Married,5,0,19.0,1.0,3.0080044676098288,3.0,235
0,2.0,Mobile Phone,1,17.0,UPI,Female,3.0,4,Laptop & Accessory,3,Single,5,0,14.0,1.0,2.0,8.0,162
1,8.0,Mobile Phone,2,7.0,Credit Card,Male,4.0,5,Fashion,5,Married,11,0,15.0,3.0,4.0,4.543490512868683,230
0,7.0,Mobile Phone,1,12.0,Debit Card,Male,3.0,5,Fashion,1,Married,6,0,16.0,2.0,2.0,3.0,196
1,1.0,Mobile Phone,3,11.0,Cash on Delivery,Male,3.0,4,Fashion,5,Single,2,1,23.0,3.0,5.0,4.543490512868683,221
1,1.0,Computer,1,36.0,Credit Card,Female,3.0,5,Laptop & Accessory,3,Single,3,0,23.0,3.0,4.0,9.0,170
0,2.0,Phone,1,22.0,Debit Card,Male,3.0,4,Mobile Phone,3,Married,3,0,17.0,1.0,3.0,3.0,147
0,8.0,Computer,1,10.0,Debit Card,Male,3.0,4,Laptop & Accessory,1,Single,2,0,18.0,2.0,2.0,5.0,203
0,11.0,Mobile Phone,3,17.0,Debit Card,Female,3.0,5,Laptop & Accessory,1,Married,4,1,15.0,2.0,2.0,1.0,192
1,1.0,Mobile Phone,1,11.0,COD,Male,3.0,4,Mobile Phone,1,Married,3,1,16.0,5.0,6.0,7.0,162
1,1.0,Phone,1,28.0,Credit Card,Male,3.0,4,Mobile Phone,3,Married,3,0,21.0,2.0,2.0,1.0,149
1,1.0,Phone,1,32.0,Credit Card,Male,3.0,5,Mobile Phone,4,Single,6,1,21.0,2.0,3.0,3.0,148
0,16.0,Mobile Phone,1,9.0,Credit Card,Male,3.0,4,Grocery,5,Married,2,0,15.707921714818266,6.0,14.0,8.0,302
1,1.0,Computer,1,7.0,Credit Card,Male,3.0,5,Mobile Phone,4,Married,3,0,16.0,2.0,2.0,1.0,151
1,14.0,Computer,3,7.0,UPI,Male,3.0,4,Laptop & Accessory,3,Single,5,1,15.0,2.0,2.0,1.0,172
0,7.0,Computer,3,14.0,Debit Card,Female,2.0,4,Laptop & Accessory,4,Married,2,0,18.0,1.0,2.0,3.0,168
0,8.0,Computer,1,10.0,Debit Card,Male,3.0,5,Mobile Phone,1,Married,5,0,18.0,1.0,2.0,1.0,155
0,22.0,Computer,1,7.0,Credit Card,Male,3.0,2,Grocery,1,Single,4,0,15.707921714818266,1.0,3.0,2.0,294
0,19.0,Computer,3,16.0,Debit Card,Female,4.0,5,Laptop & Accessory,3,Married,3,0,14.0,5.0,5.0,13.0,181
0,26.0,Mobile Phone,1,6.0,Debit Card,Male,3.0,4,Fashion,4,Single,9,0,20.0,3.0,5.0,4.543490512868683,229
0,12.0,Mobile Phone,3,17.0,E wallet,Male,4.0,5,Fashion,3,Married,2,1,15.0,2.0,3.0,4.543490512868683,212
0,3.0,Mobile Phone,1,35.0,Debit Card,Female,4.0,4,Mobile Phone,1,Married,6,0,23.0,2.0,2.0,8.0,150
0,2.0,Mobile Phone,1,10.0,Credit Card,Female,4.0,4,Fashion,4,Married,2,0,18.0,1.0,2.0,8.0,202
0,20.0,Mobile Phone,3,10.0,E wallet,Male,3.0,4,Grocery,3,Married,5,0,15.707921714818266,5.0,5.0,10.0,300
0,12.0,Mobile Phone,3,9.0,E wallet,Male,3.0,4,Fashion,4,Single,9,0,17.0,2.0,2.0,1.0,199
0,17.0,Computer,1,34.0,Debit Card,Female,3.0,4,Fashion,5,Married,10,0,12.0,2.0,3.0080044676098288,2.0,233
1,3.0,Computer,1,9.0,Debit Card,Male,3.0,4,Grocery,1,Married,9,0,12.0,11.0,3.0080044676098288,6.0,247
0,14.0,Mobile Phone,1,21.0,Credit Card,Male,3.0,5,Others,3,Single,3,0,15.707921714818266,4.0,5.0,10.0,321
0,1.0,Phone,1,7.0,COD,Female,4.0,5,Mobile Phone,4,Single,3,1,12.0,2.0,3.0,3.0,146
0,13.0,Computer,1,16.0,Debit Card,Male,4.0,4,Laptop & Accessory,4,Single,11,0,16.0,2.0,2.0,4.0,193
0,10.0,Computer,1,25.0,Debit Card,Male,4.0,4,Laptop & Accessory,1,Single,4,0,21.0,1.0,2.0,10.0,203
0,5.0,Computer,3,27.0,Debit Card,Male,4.0,2,Mobile Phone,1,Married,2,0,13.0,3.0,3.0,3.0,153
0,2.0,Mobile Phone,1,9.0,Debit Card,Male,4.0,5,Mobile Phone,4,Married,2,0,18.0,1.0,2.0,5.0,157
0,9.0,Computer,3,18.0,E wallet,Male,3.0,4,Laptop & Accessory,1,Married,3,0,12.0,2.0,2.0,3.0,175
0,23.0,Mobile Phone,3,15.0,Cash on Delivery,Male,3.0,5,Grocery,4,Married,8,0,18.0,2.0,3.0080044676098288,4.0,256
0,8.0,Computer,1,9.0,Debit Card,Male,4.0,4,Laptop & Accessory,3,Single,4,0,12.0,2.0,2.0,3.0,165
0,3.0,Computer,1,17.0,Debit Card,Female,4.0,4,Mobile Phone,4,Married,2,0,15.0,1.0,2.0,2.0,158
0,16.0,Mobile Phone,1,36.0,Credit Card,Male,3.0,6,Laptop & Accessory,1,Single,6,0,20.0,2.0,2.0,1.0,168
0,3.0,Mobile Phone,1,15.0,Credit Card,Male,4.0,5,Laptop & Accessory,1,Married,3,1,16.0,2.0,2.0,3.0,176
0,12.0,Mobile Phone,2,7.0,UPI,Male,3.0,2,Mobile Phone,3,Married,3,0,14.0,4.0,6.0,1.0,153
0,2.0,Computer,1,13.0,Debit Card,Male,3.0,5,Mobile Phone,3,Married,3,1,15.0,2.0,2.0,3.0,152
1,1.0,Computer,1,15.0,Credit Card,Male,4.0,4,Mobile Phone,3,Single,3,0,13.0,2.0,2.0,1.0,144
1,1.0,Mobile Phone,3,16.0,E wallet,Female,4.0,4,Laptop & Accessory,5,Single,5,1,18.0,1.0,2.0,4.0,207
0,15.0,Mobile Phone,1,19.0,Debit Card,Male,3.0,4,Mobile Phone,1,Married,5,1,12.0,2.0,2.0,1.0,173
1,1.0,Computer,1,22.0,Credit Card,Male,4.0,4,Mobile Phone,3,Married,3,0,13.0,2.0,3.0,3.0,151
0,11.0,Mobile Phone,1,32.0,Credit Card,Female,3.0,5,Laptop & Accessory,1,Married,9,0,14.0,2.0,2.0,4.0,182
0,1.0,Mobile Phone,1,13.0,Debit Card,Male,3.0,5,Mobile Phone,3,Married,3,0,14.0,2.0,3.0,3.0,150
0,8.0,Mobile Phone,3,16.0,Debit Card,Female,4.0,4,Laptop & Accessory,3,Married,3,0,21.0,1.0,2.0,4.0,182
0,9.0,Mobile Phone,2,15.0,COD,Male,4.0,4,Mobile Phone,3,Single,3,0,18.0,1.0,2.0,5.0,168
1,1.0,Mobile Phone,3,30.0,Debit Card,Female,3.0,5,Fashion,5,Married,3,0,14.0,2.0,4.0,11.0,198
0,14.0,Computer,1,16.0,Credit Card,Female,3.0,4,Fashion,3,Single,11,0,18.0,2.0,3.0080044676098288,14.0,260
1,6.0,Computer,3,19.0,Debit Card,Male,3.0,4,Grocery,5,Single,2,1,13.0,1.7510234462225531,14.0,15.0,263
0,16.0,Mobile Phone,3,11.0,E wallet,Male,3.0,4,Laptop & Accessory,5,Single,9,0,14.0,2.0,2.0,6.0,177
0,9.0,Phone,1,7.0,Credit Card,Male,3.0,5,Mobile Phone,3,Married,8,0,13.0,2.0,2.0,8.0,148
0,1.0,Mobile Phone,1,31.0,Credit Card,Male,3.0,4,Mobile Phone,4,Single,10,0,23.0,1.0,2.0,3.0,161
1,1.0,Mobile Phone,1,19.0,Debit Card,Female,4.0,4,Mobile Phone,1,Married,3,1,12.0,2.0,2.0,1.0,150
0,1.0,Mobile Phone,1,10.0,Credit Card,Male,3.0,2,Mobile Phone,1,Married,3,0,23.0,2.0,2.0,8.0,169
0,4.0,Mobile Phone,3,17.0,E wallet,Male,4.0,5,Laptop & Accessory,3,Married,3,0,19.0,1.0,2.0,5.0,191
0,14.0,Computer,1,33.0,Credit Card,Female,4.0,5,Laptop & Accessory,1,Married,5,1,14.0,1.0,2.0,1.0,169
0,9.0,Mobile Phone,1,9.0,Debit Card,Male,3.0,5,Fashion,4,Married,4,0,19.0,3.0,7.0,4.543490512868683,228
0,8.0,Computer,1,8.0,Credit Card,Male,4.0,5,Laptop & Accessory,5,Single,2,0,21.0,1.0,5.0,10.0,178
0,9.0,Computer,1,11.0,UPI,Male,3.0,5,Mobile Phone,1,Married,3,0,14.0,2.0,3.0,3.0,149
1,7.0,Mobile Phone,3,16.0,E wallet,Female,3.0,6,Laptop & Accessory,3,Single,10,0,14.0,1.0,2.0,4.0,178
0,6.0,Computer,3,9.0,Debit Card,Female,4.0,4,Mobile Phone,5,Married,3,0,13.0,2.0,2.0,1.0,153
0,30.0,Mobile Phone,1,11.0,Cash on Delivery,Female,4.0,4,Others,5,Married,6,0,14.0,5.0,5.0,3.0,324
0,3.0,Mobile Phone,1,13.0,Credit Card,Female,3.0,4,Mobile Phone,1,Married,3,0,14.0,1.0,2.0,9.0,156
0,1.0,Mobile Phone,1,16.0,Debit Card,Male,3.0,4,Mobile Phone,5,Single,3,0,26.0,1.0,2.0,1.0,151
0,19.0,Mobile Phone,1,14.0,Credit Card,Female,3.0,4,Mobile Phone,3,Married,6,1,20.0,1.0,2.0,3.0,170
0,11.0,Mobile Phone,1,8.0,Debit Card,Female,3.0,5,Laptop & Accessory,1,Married,3,0,14.0,1.0,4.0,12.0,190
0,1.0,Mobile Phone,1,6.0,Debit Card,Male,3.0,5,Mobile Phone,3,Single,3,0,13.0,1.0,2.0,3.0,155
1,8.0,Mobile Phone,1,17.0,Debit Card,Male,4.0,4,Mobile Phone,3,Single,3,1,12.0,2.0,2.0,3.0,154
0,27.0,Mobile Phone,1,14.0,Credit Card,Female,3.0,4,Others,3,Married,5,0,15.707921714818266,4.0,5.0,8.0,311
0,3.0,Phone,1,22.0,Debit Card,Female,4.0,6,Mobile Phone,1,Married,2,1,19.0,2.0,2.0,4.0,147
1,1.0,Computer,1,10.0,Debit Card,Male,3.0,5,Mobile Phone,1,Married,2,1,12.0,1.0,2.0,1.0,154
0,20.0,Mobile Phone,3,9.0,E wallet,Female,4.0,4,Grocery,5,Married,10,0,15.707921714818266,7.0,16.0,10.0,295
0,18.0,Computer,1,24.0,Debit Card,Male,4.0,6,Mobile Phone,3,Single,4,0,14.0,2.0,2.0,1.0,148
0,7.0,Mobile Phone,2,9.0,UPI,Male,4.0,4,Mobile Phone,3,Married,3,0,14.0,2.0,2.0,5.0,161
1,5.0,Computer,1,12.0,Debit Card,Male,4.0,5,Mobile Phone,5,Married,8,0,18.0,1.0,2.0,1.0,146
0,4.0,Mobile Phone,3,36.0,Debit Card,Male,4.0,4,Laptop & Accessory,5,Married,10,0,20.0,2.0,2.0,4.0,166
0,14.0,Computer,3,9.0,Credit Card,Male,4.0,4,Laptop & Accessory,4,Married,7,0,13.0,2.0,2.0,1.0,168
0,24.0,Computer,1,9.0,Credit Card,Female,2.0,4,Grocery,5,Married,4,0,15.707921714818266,1.0,3.0,3.0,304
0,2.0,Mobile Phone,1,26.0,Credit Card,Male,4.0,5,Mobile Phone,5,Married,3,0,13.0,2.0,4.0,4.0,157
0,20.0,Mobile Phone,1,22.0,Debit Card,Male,3.0,4,Others,4,Married,7,0,15.707921714818266,2.0,2.0,4.0,316
0,9.0,Mobile Phone,3,24.0,Debit Card,Male,4.0,4,Laptop & Accessory,5,Married,5,1,16.0,1.0,2.0,4.543490512868683,215
1,1.0,Phone,1,24.0,Debit Card,Female,4.0,4,Mobile Phone,4,Married,3,0,14.0,2.0,2.0,1.0,147
0,7.0,Computer,3,32.0,Credit Card,Female,3.0,4,Laptop & Accessory,3,Married,3,0,13.0,1.0,2.0,2.0,170
0,10.0,Mobile Phone,1,13.0,Debit Card,Male,3.0,6,Mobile Phone,3,Married,3,0,15.0,2.0,2.0,8.0,152
0,4.0,Mobile Phone,1,14.0,Debit Card,Male,3.0,4,Laptop & Accessory,3,Married,3,0,14.0,5.0,9.0,10.0,160
0,18.0,Mobile Phone,1,36.0,UPI,Male,3.0,4,Laptop & Accessory,1,Single,3,0,26.0,7.0,14.0,18.0,170
0,1.0,Mobile Phone,3,28.0,E wallet,Male,3.0,2,Mobile Phone,1,Single,3,0,18.0,3.0,3.0,3.0,152
0,20.0,Mobile Phone,1,9.0,Cash on Delivery,Male,3.0,4,Laptop & Accessory,1,Married,4,0,12.0,1.0,2.0,5.0,199
0,16.0,Computer,2,9.0,Credit Card,Male,4.0,2,Laptop & Accessory,5,Married,9,0,17.0,2.0,2.0,4.0,188
0,31.0,Mobile Phone,3,14.0,E wallet,Male,3.0,2,Laptop & Accessory,1,Married,2,1,19.0,1.0,2.0,10.0,177
0,6.0,Computer,1,20.0,UPI,Female,4.0,5,Mobile Phone,4,Married,3,0,21.0,3.0,3.0,3.0,159
0,6.0,Computer,1,9.0,Debit Card,Female,3.0,4,Laptop & Accessory,3,Single,6,1,15.0,2.0,2.0,8.0,175
0,10.0,Mobile Phone,1,8.0,Cash on Delivery,Female,4.0,6,Fashion,5,Married,4,1,22.0,8.0,8.0,4.543490512868683,228
0,7.0,Mobile Phone,1,16.0,Credit Card,Male,3.0,4,Mobile Phone,1,Married,2,0,14.0,1.0,5.0,11.0,153
0,14.0,Mobile Phone,3,17.0,Cash on Delivery,Female,3.0,5,Laptop & Accessory,4,Married,9,0,13.0,2.0,2.0,4.0,194
0,1.0,Mobile Phone,3,17.0,Debit Card,Male,3.0,4,Laptop & Accessory,1,Single,2,0,15.0,2.0,2.0,2.0,175
0,4.0,Mobile Phone,1,8.0,Credit Card,Male,4.0,4,Mobile Phone,4,Married,2,1,22.0,4.0,6.0,8.0,161
0,16.0,Computer,1,33.0,Credit Card,Female,3.0,4,Fashion,5,Married,5,1,18.0,1.0,3.0080044676098288,1.0,257
0,9.0,Computer,3,15.0,E wallet,Female,4.0,5,Fashion,1,Married,6,1,12.0,4.0,5.0,4.543490512868683,229
0,1.0,Phone,1,21.0,Debit Card,Male,3.0,4,Mobile Phone,5,Married,3,1,15.0,6.0,7.0,9.0,147
0,28.0,Computer,1,8.0,Debit Card,Female,3.0,4,Fashion,3,Married,9,0,18.0,1.0,2.0,4.543490512868683,230
0,18.0,Phone,1,9.0,Debit Card,Female,4.0,2,Mobile Phone,1,Married,3,0,14.0,2.0,8.0,8.0,145
1,1.0,Computer,1,17.0,Credit Card,Female,4.0,5,Mobile Phone,4,Single,3,1,26.0,1.0,2.0,1.0,144
0,3.0,Mobile Phone,1,8.0,Debit Card,Female,4.0,4,Mobile Phone,1,Married,3,0,16.0,2.0,2.0,3.0,163
0,28.0,Mobile Phone,1,10.0,Debit Card,Male,3.0,4,Grocery,1,Married,5,0,15.707921714818266,1.0,2.0,10.0,303
0,5.0,Mobile Phone,1,18.0,Credit Card,Male,4.0,4,Laptop & Accessory,5,Married,3,1,13.0,2.0,2.0,2.0,193
0,5.0,Mobile Phone,1,31.0,Credit Card,Female,4.0,5,Laptop & Accessory,5,Single,3,0,20.0,2.0,2.0,9.0,193
0,31.0,Mobile Phone,3,10.0,Debit Card,Female,3.0,5,Laptop & Accessory,1,Single,7,0,18.0,1.0,2.0,6.0,177
0,17.0,Mobile Phone,1,10.0,Debit Card,Male,4.0,6,Others,1,Married,5,0,15.707921714818266,2.0,2.0,8.0,322
0,23.0,Mobile Phone,1,11.0,Credit Card,Male,3.0,5,Others,3,Married,4,0,15.707921714818266,1.0,2.0,1.0,312
0,10.0,Computer,1,10.0,COD,Male,3.0,4,Mobile Phone,4,Married,3,0,13.0,1.0,2.0,8.0,162
0,22.0,Mobile Phone,1,9.0,COD,Male,4.0,2,Mobile Phone,4,Single,7,0,12.0,1.0,2.0,1.0,151
0,1.0,Mobile Phone,1,11.0,Debit Card,Male,4.0,4,Mobile Phone,3,Married,3,0,12.0,2.0,2.0,4.0,150
0,3.0,Mobile Phone,1,14.0,Debit Card,Male,3.0,4,Laptop & Accessory,1,Married,3,1,12.0,2.0,2.0,1.0,191
0,22.0,Mobile Phone,1,8.0,Debit Card,Male,4.0,5,Others,1,Single,8,0,15.707921714818266,2.0,2.0,1.0,308
0,3.0,Mobile Phone,1,8.0,Debit Card,Female,3.0,5,Grocery,1,Married,5,0,15.0,1.7510234462225531,2.0,8.0,286
0,8.0,Mobile Phone,1,27.0,COD,Female,3.0,2,Mobile Phone,3,Married,2,0,18.0,2.0,2.0,1.0,151
0,18.0,Mobile Phone,3,12.0,E wallet,Male,3.0,4,Others,4,Married,9,0,15.707921714818266,2.0,4.0,11.0,307
0,7.0,Mobile Phone,3,17.0,E wallet,Male,3.0,2,Fashion,3,Married,2,1,15.0,1.0,2.0,9.0,209
0,1.0,Mobile Phone,1,32.0,Debit Card,Female,3.0,2,Mobile Phone,1,Single,3,1,13.0,1.0,2.0,2.0,155
0,1.0,Phone,1,8.0,Debit Card,Male,3.0,4,Mobile Phone,3,Married,3,0,23.0,2.0,2.0,2.0,137
1,1.0,Computer,3,31.0,Debit Card,Male,4.0,6,Mobile Phone,1,Single,3,1,15.0,2.0,2.0,1.0,136
0,1.0,Mobile Phone,1,11.0,Debit Card,Male,3.0,4,Mobile Phone,1,Single,3,1,21.0,3.0,3.0,3.0,154
1,9.0,Mobile Phone,3,9.0,E wallet,Female,4.0,6,Others,4,Single,4,1,15.707921714818266,2.0,2.0,12.0,313
0,29.0,Computer,1,15.0,Credit Card,Male,3.0,5,Grocery,4,Married,3,1,16.0,3.0,16.0,1.0,261
1,1.0,Computer,1,17.0,Debit Card,Female,3.0,5,Mobile Phone,3,Single,3,0,21.0,2.0,3.0,3.0,151
0,20.0,Mobile Phone,3,11.0,E wallet,Female,3.0,5,Others,4,Married,4,0,15.707921714818266,2.0,2.0,9.0,313
0,8.0,Mobile Phone,3,9.0,E wallet,Female,3.0,4,Laptop & Accessory,5,Single,2,1,13.0,2.0,2.0,3.0,170
0,25.0,Computer,3,16.0,Debit Card,Male,3.0,4,Others,4,Married,6,1,25.0,7.0,12.0,11.0,323
0,31.0,Mobile Phone,1,25.0,Credit Card,Male,4.0,4,Fashion,1,Single,8,0,13.0,4.0,6.0,4.543490512868683,230
0,8.0,Computer,1,26.0,Credit Card,Female,3.0,4,Laptop & Accessory,4,Married,6,0,14.0,1.0,6.0,11.0,169
0,2.0,Computer,1,8.0,Credit Card,Male,3.0,4,Mobile Phone,3,Single,2,1,12.0,2.0,2.0,3.0,147
0,18.0,Mobile Phone,1,11.0,Debit Card,Male,4.0,2,Others,5,Married,3,0,15.707921714818266,3.0,15.0,14.0,317
0,8.0,Computer,2,18.0,Debit Card,Male,3.0,5,Laptop & Accessory,4,Married,6,0,12.0,1.0,2.0,9.0,170
0,9.0,Mobile Phone,1,13.0,Debit Card,Male,4.0,4,Mobile Phone,3,Married,2,1,15.0,2.0,3.0,3.0,160
0,16.0,Phone,1,14.0,Credit Card,Female,4.0,2,Laptop & Accessory,4,Married,8,1,17.0,1.0,2.0,1.0,149
0,17.0,Mobile Phone,3,11.0,E wallet,Female,3.0,5,Fashion,1,Single,5,0,15.0,11.0,16.0,4.543490512868683,227
0,10.0,Mobile Phone,1,9.0,Debit Card,Female,3.0,4,Laptop & Accessory,4,Single,11,1,12.0,5.0,6.0,13.0,179
1,8.0,Mobile Phone,1,22.0,Credit Card,Female,4.0,4,Fashion,1,Married,3,0,12.0,1.0,2.0,6.0,205
0,2.0,Computer,1,9.0,Debit Card,Male,3.0,5,Mobile Phone,1,Married,3,1,13.0,1.0,3.0,3.0,164
0,25.0,Computer,1,13.0,Credit Card,Female,3.0,5,Mobile Phone,3,Single,2,0,15.0,4.0,8.0,8.0,153
0,4.0,Computer,1,16.0,Credit Card,Female,4.0,4,Laptop & Accessory,3,Single,9,1,19.0,1.0,2.0,8.0,172
1,1.0,Mobile Phone,1,14.0,COD,Female,3.0,4,Mobile Phone,3,Married,5,1,14.0,5.0,8.0,8.0,158
0,2.0,Phone,1,8.0,COD,Male,3.0,4,Mobile Phone,5,Single,4,0,12.0,2.0,2.0,3.0,146
0,1.0,Phone,1,8.0,Credit Card,Female,3.0,4,Mobile Phone,4,Single,3,0,19.0,2.0,3.0,2.0,146
0,6.0,Mobile Phone,3,15.0,Credit Card,Male,3.0,2,Laptop & Accessory,1,Married,3,0,16.0,1.0,2.0,9.0,187
0,19.0,Computer,1,32.0,Credit Card,Female,3.0,4,Others,4,Single,5,0,15.707921714818266,1.0,2.0,1.0,306
0,13.0,Mobile Phone,1,20.0,Credit Card,Female,4.0,5,Grocery,4,Married,8,1,15.707921714818266,11.0,16.0,3.0,296
0,31.0,Phone,1,30.0,Debit Card,Male,3.0,4,Mobile Phone,3,Married,3,0,13.0,2.0,3.0,3.0,149
1,1.0,Mobile Phone,1,14.0,Debit Card,Male,4.0,4,Laptop & Accessory,3,Married,3,0,19.0,1.0,2.0,2.0,174
1,3.0,Mobile Phone,1,30.0,Credit Card,Male,4.0,4,Mobile Phone,5,Single,2,0,14.0,1.0,2.0,4.0,164
0,4.0,Mobile Phone,1,13.0,COD,Female,3.0,5,Laptop & Accessory,1,Married,2,0,13.0,6.0,7.0,8.0,171
0,10.0,Mobile Phone,1,17.0,Cash on Delivery,Female,4.0,4,Fashion,3,Married,5,0,13.0,2.0,2.0,8.0,196
0,20.0,Mobile Phone,2,8.0,Debit Card,Female,3.0,4,Mobile Phone,5,Single,8,0,13.0,3.0,6.0,8.0,159
0,2.0,Computer,1,8.0,Debit Card,Female,3.0,6,Laptop & Accessory,1,Married,2,0,12.0,8.0,8.0,6.0,192
0,24.0,Mobile Phone,1,35.0,Debit Card,Female,3.0,4,Grocery,5,Married,6,1,15.707921714818266,1.0,2.0,3.0,294
1,4.0,Mobile Phone,3,32.0,E wallet,Male,3.0,5,Fashion,4,Single,4,1,13.0,2.0,2.0,4.543490512868683,216
1,16.0,Mobile Phone,3,12.0,Debit Card,Male,4.0,4,Fashion,4,Single,11,1,20.0,8.0,8.0,4.543490512868683,209
0,4.0,Mobile Phone,1,24.0,Credit Card,Female,4.0,4,Fashion,5,Married,3,1,24.0,2.0,3.0080044676098288,9.0,244
0,13.0,Mobile Phone,1,25.0,Debit Card,Male,3.0,4,Laptop & Accessory,3,Single,2,0,12.0,2.0,2.0,8.0,170
0,5.0,Computer,3,9.0,Debit Card,Female,3.0,4,Fashion,3,Married,3,1,20.0,9.0,10.0,4.543490512868683,224
0,15.0,Computer,3,17.0,Credit Card,Male,3.0,6,Laptop & Accessory,4,Single,3,0,14.0,4.0,12.0,10.0,187
1,1.0,Computer,3,8.0,Debit Card,Female,3.0,4,Mobile Phone,4,Single,3,1,12.0,3.0,3.0,3.0,148
1,8.0,Phone,1,10.0,Debit Card,Male,3.0,4,Mobile Phone,5,Married,6,0,13.0,2.0,2.0,3.0,149
0,16.0,Computer,1,9.0,Debit Card,Male,3.0,4,Grocery,3,Married,2,1,15.707921714818266,1.0,3.0,11.0,304
0,29.0,Mobile Phone,1,9.0,Credit Card,Female,3.0,6,Others,3,Married,6,0,15.707921714818266,5.0,10.0,12.0,317
0,30.0,Mobile Phone,2,15.0,Debit Card,Male,4.0,4,Others,4,Single,8,0,15.707921714818266,3.0,8.0,8.0,322
0,14.0,Computer,1,23.0,Debit Card,Male,4.0,4,Mobile Phone,3,Married,11,0,17.0,2.0,2.0,1.0,160
0,8.0,Mobile Phone,1,16.0,Debit Card,Male,3.0,4,Fashion,1,Married,2,0,12.0,1.0,2.0,4.543490512868683,210
0,14.0,Mobile Phone,1,9.0,Debit Card,Male,4.0,4,Laptop & Accessory,1,Single,3,0,14.0,4.0,9.0,9.0,172
0,15.0,Computer,3,8.0,E wallet,Female,4.0,4,Laptop & Accessory,5,Married,2,0,18.0,1.0,2.0,8.0,166
0,9.0,Computer,1,11.0,Debit Card,Male,3.0,4,Laptop & Accessory,3,Single,3,1,12.0,2.0,2.0,2.0,167
0,25.0,Mobile Phone,2,12.0,Debit Card,Male,3.0,4,Grocery,4,Married,3,1,12.0,1.7510234462225531,2.0,11.0,265
0,12.0,Mobile Phone,3,9.0,Debit Card,Female,3.0,4,Laptop & Accessory,5,Married,5,0,16.0,1.0,2.0,8.0,194
0,8.0,Mobile Phone,3,22.0,Credit Card,Female,4.0,4,Laptop & Accessory,5,Single,3,0,13.0,5.0,10.0,7.0,186
0,1.0,Mobile Phone,1,26.0,Credit Card,Male,4.0,4,Mobile Phone,1,Married,5,0,12.0,1.0,2.0,3.0,162
1,21.0,Mobile Phone,1,14.0,Credit Card,Female,3.0,5,Fashion,5,Married,9,1,15.0,2.0,6.0,4.543490512868683,225
0,14.0,Phone,1,8.0,Debit Card,Male,3.0,4,Mobile Phone,4,Married,5,0,23.0,2.0,2.0,4.0,149
0,10.0,Computer,3,14.0,E wallet,Female,3.0,2,Laptop & Accessory,5,Married,4,0,17.0,6.0,7.0,14.0,171
0,22.0,Mobile Phone,1,11.0,Debit Card,Male,3.0,4,Fashion,1,Single,3,0,12.0,2.0,2.0,9.0,204
0,1.0,Mobile Phone,3,18.0,Credit Card,Female,4.0,2,Mobile Phone,1,Married,10,0,15.0,1.0,2.0,1.0,150
0,25.0,Mobile Phone,1,18.0,Cash on Delivery,Female,3.0,5,Grocery,4,Single,5,0,17.0,1.0,3.0080044676098288,4.0,256
0,1.0,Computer,1,8.0,Debit Card,Female,4.0,4,Mobile Phone,1,Single,3,0,16.0,2.0,2.0,1.0,141
0,9.0,Mobile Phone,1,8.0,Credit Card,Female,3.0,5,Laptop & Accessory,1,Married,2,0,13.0,1.0,2.0,1.0,179
0,1.0,Computer,3,9.0,Debit Card,Male,3.0,6,Laptop & Accessory,1,Single,5,0,21.0,1.0,2.0,1.0,176
1,19.0,Mobile Phone,3,20.0,E wallet,Male,3.0,2,Grocery,3,Single,8,1,18.0,1.7510234462225531,4.0,9.0,262
0,30.0,Mobile Phone,1,30.0,Debit Card,Male,4.0,4,Grocery,4,Married,6,1,13.0,14.0,3.0080044676098288,10.0,259
0,8.0,Computer,1,33.0,COD,Female,4.0,5,Mobile Phone,3,Married,3,0,21.0,2.0,2.0,1.0,145
0,14.0,Mobile Phone,1,9.0,Credit Card,Female,3.0,2,Laptop & Accessory,3,Married,7,0,21.0,7.0,12.0,9.0,189
0,8.0,Mobile Phone,1,36.0,Credit Card,Male,3.0,4,Laptop & Accessory,3,Married,6,0,14.0,6.0,8.0,8.0,179
1,1.0,Computer,3,9.0,Debit Card,Female,3.0,5,Mobile Phone,1,Single,9,0,15.0,1.0,2.0,1.0,153
1,1.0,Computer,3,25.0,E wallet,Female,4.0,4,Laptop & Accessory,3,Married,2,1,19.0,1.0,4.0,3.0,171
0,12.0,Computer,1,14.0,Debit Card,Male,3.0,2,Mobile Phone,3,Married,3,0,12.0,1.0,2.0,4.0,151
0,8.0,Mobile Phone,1,9.0,COD,Female,4.0,4,Laptop & Accessory,1,Single,3,0,12.0,5.0,5.0,12.0,192
0,2.0,Mobile Phone,3,33.0,Debit Card,Male,3.0,5,Laptop & Accessory,5,Married,3,0,12.0,2.0,2.0,5.0,172
1,1.0,Mobile Phone,1,29.0,Credit Card,Male,4.0,4,Laptop & Accessory,3,Married,3,1,16.0,6.0,7.0,8.0,187
0,13.0,Mobile Phone,3,28.0,Debit Card,Male,3.0,5,Laptop & Accessory,1,Married,5,1,13.0,1.0,2.0,5.0,186
0,25.0,Computer,3,9.0,E wallet,Male,3.0,4,Fashion,4,Married,4,0,12.0,4.0,4.0,4.543490512868683,231
0,15.0,Computer,1,29.0,Debit Card,Female,4.0,4,Laptop & Accessory,1,Married,5,1,15.0,3.0,4.0,4.0,180
0,11.0,Mobile Phone,1,11.0,Debit Card,Male,3.0,4,Mobile Phone,3,Married,9,1,16.0,2.0,2.0,4.0,155
0,7.0,Computer,3,12.0,Debit Card,Male,4.0,4,Laptop & Accessory,1,Married,8,0,14.0,2.0,2.0,4.543490512868683,225
0,6.0,Mobile Phone,3,9.0,E wallet,Male,3.0,4,Laptop & Accessory,4,Married,2,1,14.0,2.0,2.0,3.0,166
0,13.0,Computer,1,32.0,Debit Card,Male,4.0,4,Fashion,3,Married,5,0,22.0,1.0,3.0080044676098288,6.0,234
0,1.0,Mobile Phone,3,25.0,Debit Card,Male,4.0,2,Laptop & Accessory,3,Married,4,0,12.0,2.0,2.0,3.0,187
0,26.0,Computer,1,35.0,Credit Card,Female,3.0,2,Grocery,3,Married,4,1,12.0,2.0,3.0080044676098288,3.0,257
0,17.0,Mobile Phone,1,13.0,Credit Card,Female,4.0,5,Laptop & Accessory,3,Single,3,1,15.0,1.0,2.0,9.0,166
0,1.0,Mobile Phone,3,17.0,E wallet,Female,4.0,5,Laptop & Accessory,1,Married,3,1,12.0,2.0,5.0,5.0,183
1,1.0,Phone,1,24.0,Debit Card,Female,3.0,4,Mobile Phone,3,Single,3,1,14.0,5.0,8.0,8.0,149
0,1.0,Mobile Phone,1,9.0,Credit Card,Male,3.0,5,Mobile Phone,1,Single,2,0,13.0,2.0,2.0,2.0,164
0,16.0,Mobile Phone,2,17.0,UPI,Female,3.0,4,Grocery,5,Married,2,0,15.707921714818266,1.0,2.0,10.0,293
0,26.0,Mobile Phone,1,15.0,UPI,Female,3.0,4,Mobile Phone,5,Married,11,0,14.0,2.0,2.0,5.0,155
0,11.0,Mobile Phone,1,18.0,Credit Card,Female,4.0,4,Mobile Phone,3,Single,6,0,19.0,2.0,2.0,3.0,161
0,9.0,Computer,1,25.0,Debit Card,Male,3.0,4,Fashion,1,Single,4,0,12.0,3.0,3.0,4.543490512868683,219
0,1.0,Mobile Phone,1,8.0,COD,Male,3.0,4,Mobile Phone,1,Married,6,0,12.0,1.0,2.0,3.0,157
0,1.0,Mobile Phone,1,14.0,UPI,Male,4.0,2,Mobile Phone,5,Single,2,0,13.0,1.0,2.0,8.0,161
0,3.0,Mobile Phone,2,24.0,UPI,Male,3.0,5,Fashion,5,Single,3,0,14.0,1.0,2.0,10.0,205
1,13.0,Computer,1,35.0,Debit Card,Male,4.0,5,Laptop & Accessory,5,Single,5,0,21.0,1.0,2.0,4.0,168
1,1.0,Computer,1,21.0,UPI,Female,3.0,4,Fashion,1,Single,2,1,13.0,5.0,8.0,8.0,201
0,28.0,Mobile Phone,1,8.0,Credit Card,Female,3.0,4,Grocery,1,Single,8,0,15.707921714818266,7.0,13.0,8.0,298
0,31.0,Mobile Phone,1,8.0,Credit Card,Female,4.0,4,Others,5,Married,5,1,15.707921714818266,2.0,2.0,6.0,322
0,29.0,Mobile Phone,1,8.0,Credit Card,Male,3.0,2,Grocery,1,Married,4,0,14.0,1.7510234462225531,2.0,1.0,272
0,10.0,Mobile Phone,3,10.0,E wallet,Female,4.0,4,Laptop & Accessory,4,Single,5,1,17.0,1.0,2.0,4.543490512868683,218
1,1.0,Computer,3,8.0,Debit Card,Female,3.0,6,Mobile Phone,3,Single,3,0,13.0,1.0,2.0,1.0,139
0,4.0,Mobile Phone,3,14.0,E wallet,Female,4.0,4,Laptop & Accessory,5,Married,9,0,15.0,2.0,2.0,3.0,173
0,5.0,Mobile Phone,1,15.0,Debit Card,Female,4.0,4,Grocery,4,Single,5,0,12.0,1.7510234462225531,2.0,1.0,289
0,8.0,Computer,1,8.0,UPI,Male,4.0,4,Mobile Phone,5,Married,7,0,15.0,2.0,2.0,4.0,155
1,1.0,Phone,1,15.0,Debit Card,Female,3.0,5,Mobile Phone,4,Single,3,0,13.0,1.0,2.0,1.0,138
0,1.0,Phone,1,18.0,Debit Card,Male,4.0,4,Mobile Phone,5,Married,2,0,15.0,2.0,2.0,5.0,146
0,10.0,Mobile Phone,1,11.0,Debit Card,Male,3.0,5,Laptop & Accessory,1,Single,3,0,17.0,1.0,2.0,9.0,183
0,10.0,Mobile Phone,3,23.0,E wallet,Female,4.0,5,Laptop & Accessory,5,Married,6,0,14.0,2.0,2.0,3.0,181
0,21.0,Mobile Phone,1,8.0,COD,Male,4.0,4,Mobile Phone,1,Married,9,0,13.0,2.0,2.0,3.0,159
1,1.0,Mobile Phone,3,16.0,Debit Card,Male,4.0,5,Mobile Phone,5,Married,5,0,13.0,3.0,3.0,3.0,169
0,11.0,Computer,1,12.0,COD,Male,3.0,2,Mobile Phone,3,Single,2,0,15.0,1.0,2.0,4.0,160
0,30.0,Phone,1,8.0,Debit Card,Female,3.0,4,Mobile Phone,5,Married,4,0,23.0,1.0,2.0,1.0,146
0,21.0,Mobile Phone,1,9.0,Credit Card,Female,3.0,4,Grocery,3,Married,5,0,15.707921714818266,3.0,6.0,7.0,297
0,1.0,Mobile Phone,3,11.0,Credit Card,Female,3.0,4,Laptop & Accessory,3,Married,3,1,13.0,2.0,2.0,4.0,167
0,6.0,Mobile Phone,3,14.0,E wallet,Male,4.0,4,Laptop & Accessory,1,Married,6,0,13.0,1.0,2.0,4.543490512868683,217
0,8.0,Mobile Phone,1,8.0,Debit Card,Female,3.0,5,Mobile Phone,4,Married,7,0,18.0,2.0,2.0,3.0,158
0,15.0,Phone,1,12.0,Credit Card,Male,3.0,2,Mobile Phone,3,Married,4,1,13.0,1.0,2.0,4.0,146
0,14.0,Computer,1,16.0,UPI,Male,3.0,4,Laptop & Accessory,3,Married,5,0,12.0,1.0,2.0,8.0,165
0,5.0,Mobile Phone,3,15.0,Debit Card,Male,3.0,4,Fashion,1,Married,3,0,19.0,3.0,3.0080044676098288,10.0,233
1,10.0,Mobile Phone,3,16.0,E wallet,Male,3.0,4,Fashion,1,Married,6,0,12.0,5.0,5.0,4.543490512868683,226
1,3.0,Computer,1,9.0,Debit Card,Female,3.0,5,Mobile Phone,5,Single,4,1,24.0,1.0,2.0,1.0,161
1,1.0,Computer,1,8.0,Debit Card,Female,4.0,2,Fashion,4,Single,3,0,12.0,2.0,5.0,8.0,199
0,19.0,Mobile Phone,1,27.0,Credit Card,Male,4.0,6,Fashion,5,Married,4,1,19.0,2.0,3.0080044676098288,8.0,234
0,5.0,Phone,2,15.0,Credit Card,Female,4.0,2,Mobile Phone,4,Single,11,0,19.0,2.0,2.0,3.0,146
1,1.0,Computer,1,9.0,Debit Card,Male,4.0,4,Mobile Phone,1,Married,8,1,14.0,1.0,3.0,3.0,162
0,19.0,Mobile Phone,1,36.0,Cash on Delivery,Male,3.0,4,Fashion,1,Married,6,1,19.0,2.0,2.0,4.543490512868683,219
0,22.0,Mobile Phone,3,14.0,E wallet,Male,4.0,4,Laptop & Accessory,5,Married,6,0,12.0,1.0,3.0,3.0,180
1,1.0,Mobile Phone,2,16.0,COD,Female,3.0,4,Mobile Phone,3,Married,3,0,16.0,3.0,3.0,3.0,152
0,14.0,Computer,1,15.0,Credit Card,Male,3.0,5,Fashion,4,Married,4,0,12.0,1.7510234462225531,5.0,9.0,263
0,2.0,Mobile Phone,3,12.0,Credit Card,Male,3.0,4,Laptop & Accessory,5,Single,2,0,19.0,1.0,2.0,4.543490512868683,210
0,18.0,Computer,1,12.0,Debit Card,Male,3.0,5,Mobile Phone,3,Single,5,0,15.0,1.0,2.0,4.0,157
0,27.0,Mobile Phone,1,9.0,Credit Card,Male,3.0,2,Grocery,4,Single,6,0,13.0,1.7510234462225531,9.0,9.0,291
0,23.0,Mobile Phone,1,12.0,COD,Male,4.0,4,Laptop & Accessory,3,Married,4,0,15.0,1.0,2.0,3.0,192
0,14.0,Phone,1,9.0,Credit Card,Male,4.0,4,Mobile Phone,3,Married,4,0,15.0,2.0,2.0,3.0,148
0,18.0,Mobile Phone,1,27.0,Debit Card,Male,3.0,4,Mobile Phone,4,Single,3,0,14.0,2.0,2.0,4.0,159
0,7.0,Computer,3,14.0,Credit Card,Male,3.0,4,Laptop & Accessory,5,Married,2,0,15.0,2.0,2.0,4.0,169
0,8.0,Mobile Phone,3,10.0,UPI,Male,3.0,6,Laptop & Accessory,5,Single,5,0,19.0,3.0,4.0,13.0,173
0,4.0,Mobile Phone,3,23.0,Debit Card,Male,4.0,4,Laptop & Accessory,3,Married,10,0,16.0,2.0,3.0,3.0,178
0,16.0,Computer,1,16.0,Credit Card,Female,4.0,4,Mobile Phone,1,Single,3,0,14.0,1.0,6.0,9.0,162
0,18.0,Computer,3,8.0,E wallet,Female,4.0,4,Laptop & Accessory,3,Married,9,0,13.0,1.0,2.0,1.0,173
0,4.0,Computer,1,14.0,COD,Male,4.0,4,Mobile Phone,3,Married,3,0,14.0,1.0,2.0,1.0,138
0,31.0,Mobile Phone,1,8.0,Debit Card,Male,4.0,2,Laptop & Accessory,3,Married,2,0,25.0,2.0,3.0,9.0,174
0,23.0,Mobile Phone,1,14.0,Debit Card,Male,3.0,4,Fashion,4,Married,5,0,15.0,1.0,2.0,4.543490512868683,230
0,8.0,Computer,1,22.0,Credit Card,Male,4.0,4,Grocery,5,Married,9,0,15.707921714818266,3.0,7.0,10.0,295
1,1.0,Computer,3,8.0,COD,Male,4.0,4,Mobile Phone,3,Married,5,0,16.0,2.0,2.0,3.0,154
1,1.0,Computer,3,20.0,COD,Female,3.0,4,Laptop & Accessory,4,Single,7,0,12.0,2.0,2.0,1.0,183
1,1.0,Mobile Phone,3,31.0,Credit Card,Female,3.0,5,Laptop & Accessory,4,Single,2,1,24.0,5.0,11.0,11.0,171
0,9.0,Phone,3,14.0,Debit Card,Male,4.0,4,Mobile Phone,3,Married,3,0,14.0,1.0,2.0,1.0,149
1,1.0,Computer,1,16.0,Credit Card,Male,3.0,4,Mobile Phone,5,Single,4,1,12.0,1.0,2.0,1.0,157
0,1.0,Computer,3,20.0,Debit Card,Female,4.0,4,Mobile Phone,4,Married,3,0,14.0,1.0,2.0,1.0,145
0,18.0,Computer,1,9.0,Credit Card,Male,3.0,4,Fashion,3,Single,7,1,19.0,3.0,3.0,4.543490512868683,227
0,3.0,Mobile Phone,3,26.0,Debit Card,Male,4.0,5,Laptop & Accessory,3,Married,3,0,15.0,2.0,2.0,4.543490512868683,211
0,4.0,Phone,2,8.0,Debit Card,Male,3.0,4,Mobile Phone,3,Married,2,0,22.0,1.0,2.0,4.0,146
0,29.0,Mobile Phone,1,11.0,Debit Card,Male,2.0,4,Laptop & Accessory,3,Married,2,1,17.0,2.0,2.0,3.0,165
0,7.0,Mobile Phone,1,11.0,Credit Card,Female,3.0,5,Mobile Phone,4,Married,10,0,12.0,2.0,2.0,3.0,163
0,21.0,Mobile Phone,3,21.0,Credit Card,Female,4.0,4,Laptop & Accessory,3,Married,5,1,18.0,2.0,2.0,3.0,171
1,1.0,Computer,1,9.0,Credit Card,Male,3.0,5,Mobile Phone,5,Single,9,0,12.0,2.0,2.0,1.0,151
0,2.0,Phone,1,8.0,Debit Card,Male,4.0,5,Mobile Phone,3,Married,3,0,15.0,1.0,2.0,1.0,141
0,2.0,Computer,3,14.0,Debit Card,Male,3.0,4,Laptop & Accessory,5,Single,2,0,15.0,2.0,2.0,4.0,174
0,23.0,Mobile Phone,1,10.0,Credit Card,Female,3.0,5,Laptop & Accessory,5,Married,6,0,26.0,1.0,2.0,3.0,173
0,3.0,Computer,1,9.0,Debit Card,Female,4.0,4,Mobile Phone,4,Married,2,0,14.0,2.0,2.0,3.0,157
0,2.0,Mobile Phone,1,36.0,Debit Card,Male,4.0,6,Laptop & Accessory,4,Married,3,0,15.0,1.0,2.0,8.0,190
0,7.0,Mobile Phone,1,15.0,Debit Card,Male,4.0,4,Laptop & Accessory,3,Single,4,1,18.0,2.0,2.0,1.0,189
0,6.0,Mobile Phone,1,17.0,Credit Card,Male,4.0,4,Fashion,1,Single,4,0,26.0,1.0,3.0080044676098288,1.0,237
0,28.0,Computer,1,18.0,Credit Card,Female,3.0,4,Grocery,1,Married,5,0,21.0,1.7510234462225531,2.0,13.0,285
1,1.0,Phone,1,8.0,COD,Male,4.0,5,Mobile Phone,5,Single,8,0,14.0,2.0,2.0,8.0,149
0,18.0,Mobile Phone,1,35.0,Debit Card,Male,3.0,4,Grocery,5,Married,5,0,14.0,1.7510234462225531,15.0,18.0,288
0,13.0,Mobile Phone,1,13.0,Debit Card,Female,3.0,4,Fashion,4,Single,6,0,19.0,3.0,3.0,3.0,209
0,20.0,Mobile Phone,3,10.0,Debit Card,Female,3.0,4,Grocery,4,Married,10,0,13.0,1.7510234462225531,6.0,2.0,291
0,9.0,Mobile Phone,1,23.0,Debit Card,Female,4.0,5,Fashion,4,Single,3,0,20.0,4.0,4.0,4.543490512868683,211
0,1.0,Phone,1,27.0,Debit Card,Male,4.0,4,Laptop & Accessory,3,Single,2,0,15.0,2.0,2.0,3.0,148
1,4.0,Phone,1,16.0,Debit Card,Male,3.0,4,Mobile Phone,5,Single,5,0,15.0,2.0,2.0,1.0,145
0,8.0,Mobile Phone,3,8.0,Cash on Delivery,Male,4.0,5,Fashion,3,Married,3,1,15.0,8.0,9.0,7.0,196
1,1.0,Computer,1,10.0,Debit Card,Female,3.0,4,Mobile Phone,3,Single,3,0,13.0,3.0,8.0,8.0,166
0,24.0,Computer,1,29.0,Credit Card,Male,3.0,6,Grocery,1,Single,3,1,14.0,1.7510234462225531,14.0,10.0,269
0,8.0,Phone,3,14.0,COD,Male,3.0,4,Mobile Phone,3,Married,2,1,26.0,4.0,6.0,8.0,148
0,16.0,Mobile Phone,1,9.0,Credit Card,Male,4.0,5,Mobile Phone,4,Married,6,0,15.0,1.0,2.0,1.0,173
0,11.0,Mobile Phone,1,20.0,Credit Card,Male,3.0,4,Laptop & Accessory,1,Married,3,0,18.0,3.0,4.0,8.0,168
0,3.0,Mobile Phone,1,15.0,UPI,Female,3.0,6,Laptop & Accessory,5,Married,5,0,14.0,2.0,2.0,4.543490512868683,222
0,7.0,Mobile Phone,1,32.0,Debit Card,Male,3.0,5,Laptop & Accessory,4,Single,3,0,14.0,2.0,2.0,3.0,168
0,19.0,Phone,1,35.0,COD,Male,4.0,4,Mobile Phone,1,Married,6,0,21.0,2.0,2.0,4.0,146
0,16.0,Computer,1,9.0,Debit Card,Male,3.0,4,Fashion,1,Married,4,1,15.0,5.0,14.0,4.543490512868683,226
0,14.0,Mobile Phone,3,16.0,Credit Card,Male,3.0,4,Laptop & Accessory,5,Married,2,0,13.0,8.0,8.0,2.0,180
0,7.0,Mobile Phone,1,35.0,Debit Card,Male,4.0,4,Laptop & Accessory,3,Married,3,1,13.0,5.0,6.0,8.0,177
0,14.0,Mobile Phone,2,13.0,Credit Card,Male,3.0,4,Grocery,1,Single,3,1,22.0,1.7510234462225531,8.0,8.0,289
0,1.0,Phone,1,28.0,COD,Male,3.0,5,Mobile Phone,5,Married,2,0,15.0,1.0,2.0,1.0,148
0,14.0,Computer,1,15.0,Debit Card,Male,4.0,4,Laptop & Accessory,1,Married,5,1,19.0,2.0,3.0,3.0,166
0,19.0,Mobile Phone,1,8.0,Cash on Delivery,Male,4.0,4,Fashion,4,Married,3,0,13.0,4.0,8.0,8.0,199
0,9.0,Phone,3,35.0,Debit Card,Female,4.0,5,Mobile Phone,3,Married,2,0,24.0,3.0,5.0,3.0,149
0,6.0,Mobile Phone,1,12.0,Debit Card,Female,4.0,5,Laptop & Accessory,4,Married,5,0,13.0,2.0,3.0,6.0,184
0,10.0,Mobile Phone,3,9.0,Debit Card,Male,4.0,4,Mobile Phone,1,Single,5,1,22.0,2.0,2.0,3.0,151
0,22.0,Mobile Phone,3,23.0,Debit Card,Female,4.0,4,Laptop & Accessory,3,Married,10,0,15.0,8.0,8.0,8.0,189
0,3.0,Mobile Phone,1,16.0,Debit Card,Male,4.0,2,Mobile Phone,3,Married,8,0,19.0,1.0,2.0,1.0,150
0,7.0,Mobile Phone,3,15.0,Debit Card,Male,3.0,4,Laptop & Accessory,5,Married,4,0,14.0,3.0,3.0,3.0,189
1,1.0,Mobile Phone,3,8.0,Debit Card,Male,4.0,5,Laptop & Accessory,5,Married,3,0,12.0,2.0,7.0,4.543490512868683,222
0,12.0,Computer,2,17.0,UPI,Male,4.0,4,Laptop & Accessory,3,Married,5,0,12.0,1.0,2.0,3.0,186
0,9.0,Phone,1,8.0,Credit Card,Male,4.0,5,Mobile Phone,5,Single,3,0,20.0,2.0,2.0,3.0,150
0,8.0,Mobile Phone,3,36.0,Cash on Delivery,Male,3.0,4,Fashion,4,Married,5,0,13.0,2.0,2.0,4.543490512868683,218
1,1.0,Phone,1,9.0,Debit Card,Female,4.0,4,Mobile Phone,5,Married,3,1,13.0,2.0,2.0,1.0,146
1,17.0,Mobile Phone,1,9.0,Cash on Delivery,Female,4.0,5,Fashion,1,Married,2,0,17.0,1.0,2.0,4.543490512868683,227
1,2.0,Mobile Phone,1,9.0,Credit Card,Male,3.0,4,Laptop & Accessory,4,Married,6,0,12.0,2.0,2.0,5.0,174
0,6.0,Computer,1,8.0,COD,Male,4.0,4,Laptop & Accessory,5,Married,6,0,15.0,1.0,2.0,3.0,166
0,22.0,Phone,1,22.0,UPI,Female,4.0,4,Mobile Phone,5,Married,10,0,13.0,7.0,8.0,7.0,149
0,8.0,Mobile Phone,1,14.0,Credit Card,Male,3.0,4,Mobile Phone,1,Single,3,0,14.0,1.0,2.0,1.0,155
0,29.0,Mobile Phone,3,33.0,E wallet,Male,3.0,5,Others,1,Married,3,0,15.707921714818266,1.0,3.0,14.0,321
0,8.0,Mobile Phone,1,8.0,Debit Card,Male,3.0,4,Laptop & Accessory,1,Married,11,0,18.0,1.0,3.0,2.0,180
0,1.0,Phone,1,10.0,Debit Card,Female,3.0,4,Mobile Phone,1,Married,3,0,22.0,2.0,2.0,1.0,146
0,12.0,Mobile Phone,3,21.0,Debit Card,Male,4.0,4,Laptop & Accessory,4,Married,2,0,12.0,4.0,8.0,4.543490512868683,224
0,12.0,Mobile Phone,3,23.0,Debit Card,Female,3.0,4,Laptop & Accessory,4,Single,4,0,13.0,2.0,2.0,3.0,167
0,10.0,Mobile Phone,3,8.0,Debit Card,Female,4.0,4,Laptop & Accessory,3,Single,8,0,14.0,2.0,2.0,1.0,193
0,3.0,Mobile Phone,1,10.0,Credit Card,Male,3.0,4,Mobile Phone,5,Single,3,1,19.0,1.0,2.0,6.0,172
0,9.0,Mobile Phone,1,17.0,Credit Card,Female,3.0,4,Laptop & Accessory,3,Single,5,1,17.0,1.0,2.0,5.0,186
0,13.0,Mobile Phone,3,13.0,Credit Card,Male,3.0,2,Fashion,3,Married,4,0,12.0,4.0,8.0,7.0,207
0,3.0,Computer,1,9.0,Debit Card,Male,3.0,4,Laptop & Accessory,1,Married,3,0,20.0,2.0,2.0,4.543490512868683,214
0,24.0,Mobile Phone,3,16.0,E wallet,Male,3.0,4,Others,3,Married,6,1,15.707921714818266,1.0,2.0,1.0,318
0,1.0,Phone,1,17.0,COD,Male,3.0,2,Mobile Phone,3,Married,4,0,17.0,1.0,3.0,3.0,146
0,10.0,Computer,1,13.0,Debit Card,Male,4.0,2,Laptop & Accessory,5,Married,5,1,14.0,1.0,2.0,3.0,181
0,16.0,Mobile Phone,1,16.0,UPI,Male,4.0,5,Others,1,Single,10,0,15.707921714818266,2.0,2.0,2.0,321
0,9.0,Mobile Phone,1,35.0,Debit Card,Male,3.0,2,Laptop & Accessory,3,Married,3,0,18.0,7.0,7.0,9.0,159
0,8.0,Computer,1,17.0,COD,Male,4.0,5,Laptop & Accessory,3,Married,3,0,15.0,2.0,8.0,8.0,176
0,14.0,Mobile Phone,3,21.0,Debit Card,Female,3.0,4,Laptop & Accessory,5,Married,3,0,16.0,1.0,2.0,3.0,171
0,17.0,Mobile Phone,1,34.0,COD,Male,3.0,2,Mobile Phone,4,Married,7,0,13.0,2.0,2.0,3.0,174
0,9.0,Mobile Phone,1,14.0,Debit Card,Male,4.0,5,Mobile Phone,1,Married,3,0,19.0,2.0,2.0,2.0,152
0,20.0,Mobile Phone,3,8.0,Debit Card,Male,3.0,2,Grocery,5,Single,3,0,15.707921714818266,1.0,2.0,13.0,301
1,1.0,Phone,1,31.0,Credit Card,Male,3.0,4,Mobile Phone,4,Married,3,1,18.0,1.0,2.0,1.0,149
0,1.0,Computer,1,33.0,UPI,Female,3.0,5,Mobile Phone,3,Married,3,1,15.0,2.0,2.0,4.0,153
0,24.0,Computer,1,27.0,Credit Card,Male,3.0,4,Grocery,3,Married,4,1,16.0,1.0,3.0080044676098288,14.0,237
0,6.0,Mobile Phone,1,12.0,UPI,Female,3.0,2,Mobile Phone,1,Married,5,0,18.0,2.0,2.0,3.0,158
0,18.0,Mobile Phone,1,14.0,Credit Card,Female,3.0,4,Others,1,Married,2,1,15.707921714818266,1.0,2.0,11.0,315
0,4.0,Phone,1,14.0,Credit Card,Male,3.0,5,Mobile Phone,4,Married,3,0,13.0,2.0,2.0,2.0,146
0,19.0,Mobile Phone,1,12.0,Credit Card,Female,3.0,6,Laptop & Accessory,5,Single,3,1,15.0,1.0,2.0,5.0,183
0,19.0,Computer,3,33.0,E wallet,Male,3.0,5,Laptop & Accessory,5,Married,3,0,16.0,4.0,5.0,6.0,169
0,5.0,Computer,3,9.0,UPI,Male,3.0,4,Laptop & Accessory,5,Single,9,0,14.0,2.0,2.0,4.0,178
0,10.0,Mobile Phone,1,19.0,Debit Card,Female,4.0,4,Laptop & Accessory,3,Married,11,1,13.0,1.0,2.0,2.0,172
0,8.0,Computer,1,17.0,Debit Card,Male,3.0,2,Laptop & Accessory,1,Married,3,0,14.0,4.0,8.0,3.0,172
0,23.0,Mobile Phone,1,32.0,Debit Card,Female,3.0,4,Mobile Phone,5,Married,3,0,15.0,2.0,2.0,5.0,157
0,13.0,Mobile Phone,1,17.0,Credit Card,Male,4.0,4,Laptop & Accessory,5,Married,4,0,14.0,4.0,8.0,8.0,179
0,1.0,Mobile Phone,1,26.0,UPI,Male,4.0,5,Mobile Phone,5,Married,3,0,12.0,1.0,2.0,8.0,166
0,9.0,Mobile Phone,1,25.0,Debit Card,Male,3.0,2,Laptop & Accessory,5,Married,3,0,12.0,2.0,2.0,11.0,177
0,2.0,Mobile Phone,1,34.0,Credit Card,Female,3.0,6,Laptop & Accessory,5,Married,2,0,22.0,2.0,2.0,1.0,174
0,1.0,Mobile Phone,1,12.0,Credit Card,Male,4.0,4,Mobile Phone,1,Single,3,0,19.0,1.0,3.0,3.0,156
1,1.0,Computer,3,10.0,Credit Card,Female,4.0,4,Mobile Phone,1,Single,3,1,13.0,2.0,2.0,1.0,141
0,21.0,Mobile Phone,2,33.0,Debit Card,Female,4.0,4,Others,3,Married,5,0,15.707921714818266,2.0,2.0,1.0,322
0,13.0,Mobile Phone,1,10.0,Credit Card,Male,4.0,5,Laptop & Accessory,3,Married,2,0,16.0,1.0,2.0,8.0,156
0,14.0,Mobile Phone,1,22.0,Debit Card,Female,4.0,5,Fashion,3,Married,3,0,14.0,7.0,15.0,4.543490512868683,229
0,9.0,Computer,1,15.0,Debit Card,Female,3.0,4,Laptop & Accessory,3,Married,3,0,13.0,1.0,3.0,10.0,166
0,11.0,Mobile Phone,1,26.0,Debit Card,Male,3.0,4,Laptop & Accessory,3,Married,5,0,18.0,1.0,2.0,3.0,183
0,13.0,Computer,1,11.0,Credit Card,Female,3.0,4,Laptop & Accessory,3,Single,2,0,14.0,4.0,4.0,9.0,175
0,19.0,Mobile Phone,1,9.0,UPI,Female,3.0,5,Laptop & Accessory,1,Married,3,0,20.0,4.0,4.0,10.0,183
0,12.0,Mobile Phone,1,9.0,Credit Card,Female,3.0,5,Fashion,3,Married,5,1,20.0,1.0,2.0,3.0,203
1,1.0,Mobile Phone,3,17.0,Credit Card,Male,3.0,5,Fashion,5,Married,11,0,18.0,1.0,7.0,4.543490512868683,228
0,11.0,Mobile Phone,1,17.0,Credit Card,Female,4.0,4,Mobile Phone,4,Married,3,0,12.0,5.0,8.0,8.0,164
0,14.0,Mobile Phone,1,23.0,Debit Card,Female,3.0,4,Fashion,1,Single,8,1,16.0,4.0,4.0,4.0,204
0,18.0,Computer,2,8.0,UPI,Male,3.0,4,Laptop & Accessory,1,Married,6,1,12.0,2.0,2.0,3.0,182
0,22.0,Computer,1,11.0,Credit Card,Male,3.0,5,Grocery,1,Married,4,0,26.0,1.7510234462225531,3.0,3.0,277
1,1.0,Mobile Phone,3,22.0,Credit Card,Male,3.0,6,Laptop & Accessory,1,Married,8,1,15.0,1.0,3.0,3.0,179
0,1.0,Computer,1,9.0,COD,Female,3.0,4,Mobile Phone,1,Single,3,1,14.0,1.0,2.0,4.0,163
0,1.0,Mobile Phone,1,15.0,Credit Card,Female,3.0,2,Mobile Phone,3,Married,9,0,18.0,1.0,2.0,3.0,160
0,1.0,Computer,1,9.0,Credit Card,Male,3.0,4,Mobile Phone,1,Single,4,0,14.0,1.0,2.0,3.0,151
1,4.0,Phone,1,14.0,Debit Card,Male,4.0,4,Mobile Phone,5,Single,5,1,15.0,1.0,2.0,4.0,147
0,3.0,Mobile Phone,3,17.0,Credit Card,Male,3.0,5,Laptop & Accessory,3,Single,11,0,12.0,2.0,2.0,5.0,184
0,10.0,Mobile Phone,1,12.0,Debit Card,Female,3.0,4,Fashion,5,Married,6,0,13.0,2.0,2.0,3.0,205
0,1.0,Computer,1,9.0,Debit Card,Male,4.0,2,Laptop & Accessory,3,Married,3,0,18.0,2.0,2.0,8.0,177
0,13.0,Mobile Phone,1,19.0,Credit Card,Male,4.0,4,Laptop & Accessory,4,Married,6,0,22.0,2.0,2.0,1.0,178
0,23.0,Mobile Phone,1,29.0,UPI,Female,4.0,4,Grocery,4,Married,5,0,17.0,1.7510234462225531,2.0,3.0,289
0,24.0,Mobile Phone,1,24.0,Debit Card,Female,3.0,5,Fashion,5,Married,7,0,16.0,1.0,3.0080044676098288,12.0,258
0,1.0,Mobile Phone,3,9.0,Credit Card,Female,3.0,4,Mobile Phone,3,Single,3,0,20.0,1.0,3.0,3.0,153
0,8.0,Mobile Phone,1,10.0,Debit Card,Female,4.0,4,Laptop & Accessory,4,Married,3,0,13.0,2.0,8.0,10.0,179
0,10.0,Phone,1,14.0,Debit Card,Male,4.0,4,Mobile Phone,4,Single,4,0,12.0,1.0,2.0,4.0,145
0,23.0,Mobile Phone,1,13.0,Debit Card,Female,3.0,5,Grocery,3,Married,4,1,20.0,1.7510234462225531,3.0,13.0,265
0,10.0,Computer,1,8.0,Credit Card,Female,3.0,5,Laptop & Accessory,3,Married,2,0,16.0,1.0,2.0,3.0,169
0,10.0,Mobile Phone,1,10.0,Debit Card,Male,4.0,2,Laptop & Accessory,5,Married,8,0,21.0,1.0,2.0,5.0,193
0,28.0,Mobile Phone,1,29.0,Credit Card,Female,4.0,4,Grocery,3,Married,5,0,15.707921714818266,4.0,5.0,8.0,299
0,17.0,Mobile Phone,1,22.0,Debit Card,Male,4.0,5,Grocery,3,Married,3,0,15.707921714818266,3.0,7.0,12.0,301
1,1.0,Computer,3,19.0,UPI,Male,3.0,4,Laptop & Accessory,1,Single,5,1,25.0,6.0,7.0,8.0,171
0,12.0,Computer,1,8.0,Debit Card,Male,3.0,4,Laptop & Accessory,1,Married,9,0,16.0,2.0,3.0,10.0,172
0,3.0,Mobile Phone,3,12.0,Credit Card,Male,3.0,5,Laptop & Accessory,4,Married,3,1,14.0,1.0,2.0,10.0,167
0,7.0,Mobile Phone,3,9.0,Credit Card,Male,4.0,4,Laptop & Accessory,1,Married,3,0,15.0,2.0,2.0,5.0,180
0,6.0,Mobile Phone,1,9.0,Credit Card,Male,3.0,4,Laptop & Accessory,4,Married,2,0,14.0,2.0,2.0,7.0,180
0,5.0,Mobile Phone,3,12.0,Debit Card,Female,4.0,4,Laptop & Accessory,1,Married,3,0,12.0,1.0,2.0,3.0,180
0,23.0,Mobile Phone,1,23.0,Credit Card,Female,4.0,4,Mobile Phone,5,Married,6,1,17.0,1.0,3.0,3.0,151
0,12.0,Computer,1,9.0,Credit Card,Female,3.0,5,Mobile Phone,4,Single,3,0,23.0,1.0,4.0,4.0,149
0,21.0,Mobile Phone,3,9.0,Debit Card,Female,3.0,2,Grocery,4,Married,8,0,15.0,1.7510234462225531,2.0,3.0,285
0,23.0,Mobile Phone,1,8.0,Debit Card,Male,3.0,4,Grocery,3,Single,6,0,15.0,1.7510234462225531,2.0,1.0,279
0,15.0,Mobile Phone,3,30.0,Debit Card,Male,4.0,4,Fashion,3,Single,5,1,17.0,1.0,2.0,3.0,196
0,1.0,Mobile Phone,3,16.0,Debit Card,Male,3.0,4,Mobile Phone,5,Single,3,0,12.0,1.0,2.0,3.0,152
0,7.0,Computer,3,23.0,Debit Card,Female,3.0,4,Laptop & Accessory,1,Married,3,1,26.0,1.0,2.0,3.0,179
0,10.0,Mobile Phone,1,33.0,Debit Card,Male,4.0,4,Laptop & Accessory,3,Married,8,0,15.0,2.0,2.0,3.0,178
0,18.0,Mobile Phone,2,8.0,Debit Card,Female,3.0,4,Mobile Phone,1,Married,6,1,19.0,3.0,3.0,3.0,157
1,1.0,Mobile Phone,1,15.0,Credit Card,Male,4.0,5,Mobile Phone,3,Single,3,1,12.0,2.0,2.0,3.0,165
0,12.0,Mobile Phone,1,11.0,Credit Card,Female,3.0,4,Mobile Phone,3,Married,9,0,20.0,1.0,2.0,1.0,158
0,27.0,Mobile Phone,1,31.0,Credit Card,Male,3.0,2,Fashion,1,Married,5,0,16.0,1.0,2.0,3.0,195
1,12.0,Computer,3,14.0,Credit Card,Female,4.0,4,Mobile Phone,3,Married,4,1,12.0,2.0,8.0,8.0,152
1,1.0,Phone,1,9.0,Debit Card,Male,4.0,4,Mobile Phone,4,Single,3,0,13.0,1.0,2.0,1.0,139
0,1.0,Computer,1,14.0,Credit Card,Male,4.0,4,Mobile Phone,1,Single,3,0,21.0,1.0,6.0,8.0,151
0,29.0,Mobile Phone,1,29.0,COD,Male,4.0,5,Mobile Phone,4,Married,7,0,13.0,2.0,2.0,3.0,160
0,8.0,Mobile Phone,1,12.0,Credit Card,Male,3.0,5,Laptop & Accessory,1,Married,3,0,15.0,1.0,5.0,14.0,165
0,31.0,Mobile Phone,1,8.0,Credit Card,Male,4.0,6,Fashion,1,Married,5,0,21.0,2.0,3.0080044676098288,1.0,234
0,7.0,Phone,1,28.0,Credit Card,Male,4.0,2,Mobile Phone,4,Married,3,0,19.0,1.0,3.0,14.0,145
0,11.0,Computer,3,8.0,Credit Card,Male,3.0,6,Laptop & Accessory,1,Married,3,0,15.0,2.0,2.0,4.543490512868683,220
0,8.0,Mobile Phone,1,26.0,Debit Card,Female,3.0,5,Mobile Phone,1,Married,3,0,13.0,2.0,9.0,8.0,154
1,1.0,Phone,3,14.0,Debit Card,Male,4.0,4,Mobile Phone,1,Married,3,1,22.0,2.0,2.0,3.0,148
0,18.0,Mobile Phone,1,9.0,Debit Card,Female,4.0,2,Fashion,1,Married,3,1,20.0,2.0,7.0,8.0,204
0,9.0,Computer,1,9.0,Credit Card,Male,4.0,5,Mobile Phone,1,Single,2,1,15.0,2.0,2.0,5.0,174
0,17.0,Mobile Phone,3,9.0,Credit Card,Male,4.0,4,Laptop & Accessory,1,Married,3,1,18.0,4.0,9.0,9.0,203
0,1.0,Mobile Phone,1,16.0,Credit Card,Male,4.0,2,Mobile Phone,3,Married,3,0,17.0,1.0,2.0,5.0,169
0,15.0,Mobile Phone,3,13.0,E wallet,Male,3.0,4,Fashion,3,Single,3,0,13.0,4.0,9.0,4.543490512868683,217
0,3.0,Mobile Phone,1,16.0,Credit Card,Female,3.0,4,Mobile Phone,3,Married,11,0,18.0,1.0,2.0,3.0,155
0,10.0,Mobile Phone,3,9.0,Debit Card,Female,3.0,4,Laptop & Accessory,1,Single,5,0,16.0,7.0,7.0,8.0,170
0,19.0,Computer,1,8.0,Debit Card,Male,4.0,5,Fashion,3,Married,5,0,24.0,5.0,3.0080044676098288,5.0,232
1,1.0,Phone,2,29.0,UPI,Male,3.0,6,Mobile Phone,3,Married,3,0,12.0,1.0,2.0,1.0,141
1,11.0,Computer,3,16.0,Debit Card,Male,3.0,6,Grocery,3,Married,9,0,12.0,7.0,3.0080044676098288,11.0,254
0,1.0,Phone,1,24.0,Credit Card,Male,4.0,6,Mobile Phone,3,Married,3,0,16.0,2.0,2.0,3.0,148
0,19.0,Mobile Phone,1,35.0,Cash on Delivery,Female,3.0,5,Grocery,4,Single,3,0,15.707921714818266,7.0,9.0,7.0,292
0,6.0,Computer,1,17.0,Debit Card,Male,3.0,4,Mobile Phone,3,Married,8,0,14.0,1.0,2.0,4.0,159
0,5.0,Mobile Phone,1,9.0,Debit Card,Male,4.0,4,Mobile Phone,3,Married,3,0,15.0,2.0,2.0,4.0,160
0,15.0,Computer,2,11.0,UPI,Male,3.0,6,Laptop & Accessory,4,Married,8,0,20.0,1.0,2.0,3.0,189
0,14.0,Mobile Phone,1,15.0,Debit Card,Female,4.0,4,Laptop & Accessory,5,Married,4,1,17.0,2.0,2.0,1.0,190
0,1.0,Mobile Phone,1,36.0,Credit Card,Male,4.0,4,Mobile Phone,5,Married,3,0,14.0,2.0,2.0,3.0,164
0,20.0,Mobile Phone,1,20.0,Debit Card,Male,3.0,4,Laptop & Accessory,4,Single,8,0,15.0,2.0,2.0,10.0,181
0,9.0,Mobile Phone,1,34.0,Debit Card,Male,3.0,4,Laptop & Accessory,3,Married,4,0,17.0,2.0,2.0,8.0,194
0,4.0,Mobile Phone,1,23.0,Debit Card,Male,3.0,4,Mobile Phone,1,Married,3,0,13.0,1.0,2.0,9.0,154
0,21.0,Computer,3,9.0,E wallet,Male,3.0,4,Laptop & Accessory,4,Married,9,0,12.0,1.0,2.0,1.0,175
0,20.0,Mobile Phone,3,9.0,Debit Card,Male,4.0,4,Fashion,1,Married,6,1,13.0,1.0,2.0,4.543490512868683,229
1,1.0,Mobile Phone,3,20.0,E wallet,Male,4.0,5,Laptop & Accessory,5,Married,7,1,14.0,2.0,3.0,3.0,186
1,1.0,Mobile Phone,3,8.0,Debit Card,Male,3.0,6,Laptop & Accessory,4,Single,8,0,16.0,1.0,2.0,1.0,192
0,1.0,Mobile Phone,1,11.0,Credit Card,Female,3.0,4,Mobile Phone,4,Single,3,0,14.0,1.0,2.0,3.0,158
0,5.0,Computer,1,31.0,COD,Female,2.0,4,Laptop & Accessory,1,Single,4,0,21.0,1.0,2.0,5.0,177
0,13.0,Computer,1,8.0,Debit Card,Male,4.0,4,Laptop & Accessory,1,Married,3,1,16.0,1.0,6.0,9.0,190
0,6.0,Mobile Phone,3,26.0,Debit Card,Male,4.0,6,Fashion,3,Married,5,0,14.0,1.0,2.0,4.543490512868683,221
0,14.0,Mobile Phone,3,14.0,Credit Card,Male,3.0,4,Others,4,Single,3,0,15.0,13.0,13.0,9.0,323
0,19.0,Mobile Phone,2,11.0,Debit Card,Female,3.0,6,Fashion,3,Married,6,0,22.0,2.0,2.0,4.543490512868683,223
0,4.0,Computer,1,9.0,COD,Female,4.0,5,Mobile Phone,5,Single,2,0,17.0,1.0,2.0,8.0,175
0,1.0,Computer,2,17.0,Credit Card,Male,3.0,4,Mobile Phone,1,Married,2,0,15.0,1.0,3.0,2.0,146
1,1.0,Computer,2,15.0,UPI,Female,4.0,5,Mobile Phone,1,Married,8,0,12.0,2.0,2.0,3.0,147
0,5.0,Mobile Phone,3,12.0,Cash on Delivery,Male,3.0,4,Laptop & Accessory,3,Married,3,0,20.0,2.0,2.0,3.0,208
0,1.0,Mobile Phone,1,15.0,Credit Card,Female,4.0,4,Mobile Phone,1,Single,3,0,12.0,1.0,2.0,5.0,159
1,1.0,Mobile Phone,3,16.0,E wallet,Female,3.0,6,Mobile Phone,4,Single,3,0,14.0,3.0,3.0,3.0,153
0,3.0,Computer,1,8.0,Debit Card,Male,4.0,2,Laptop & Accessory,3,Single,10,1,13.0,2.0,2.0,3.0,188
0,4.0,Mobile Phone,3,22.0,E wallet,Male,4.0,5,Fashion,5,Married,4,0,12.0,2.0,2.0,8.0,196
0,8.0,Mobile Phone,1,9.0,Credit Card,Male,4.0,2,Mobile Phone,1,Married,2,1,15.0,2.0,2.0,3.0,154
0,7.0,Computer,3,9.0,E wallet,Female,4.0,4,Laptop & Accessory,4,Single,10,0,16.0,2.0,2.0,8.0,176
0,23.0,Mobile Phone,3,18.0,E wallet,Female,4.0,4,Laptop & Accessory,1,Single,5,0,13.0,1.0,2.0,5.0,170
1,1.0,Mobile Phone,3,23.0,Debit Card,Female,4.0,4,Fashion,5,Single,4,1,21.0,2.0,2.0,4.543490512868683,211
0,12.0,Computer,1,9.0,Credit Card,Female,4.0,5,Mobile Phone,4,Married,6,0,15.0,1.0,2.0,6.0,150
1,1.0,Mobile Phone,3,23.0,E wallet,Male,4.0,4,Fashion,3,Married,4,0,14.0,1.0,2.0,1.0,207
0,3.0,Phone,1,11.0,COD,Female,4.0,5,Mobile Phone,5,Married,3,0,14.0,1.0,2.0,1.0,146
0,4.0,Mobile Phone,1,23.0,Debit Card,Male,3.0,2,Laptop & Accessory,3,Married,5,0,17.0,2.0,2.0,8.0,178
0,6.0,Computer,1,12.0,COD,Male,4.0,4,Mobile Phone,4,Single,4,0,15.0,2.0,2.0,8.0,152
0,12.0,Mobile Phone,1,25.0,Credit Card,Male,3.0,6,Laptop & Accessory,1,Married,5,1,17.0,1.0,2.0,1.0,183
1,7.0,Computer,1,24.0,COD,Male,3.0,5,Mobile Phone,3,Married,11,1,17.0,2.0,2.0,1.0,149
0,16.0,Mobile Phone,1,19.0,Credit Card,Male,3.0,4,Mobile Phone,4,Married,10,0,23.0,2.0,2.0,5.0,153
0,29.0,Mobile Phone,1,9.0,Credit Card,Male,3.0,5,Others,5,Married,10,0,15.707921714818266,2.0,2.0,1.0,315
0,7.0,Computer,1,11.0,COD,Male,3.0,4,Laptop & Accessory,4,Married,7,0,16.0,1.0,2.0,8.0,156
0,15.0,Phone,1,16.0,Debit Card,Male,4.0,4,Mobile Phone,5,Married,3,0,21.0,1.0,2.0,5.0,148
0,8.0,Computer,3,17.0,Debit Card,Male,3.0,4,Laptop & Accessory,3,Married,3,1,15.0,2.0,2.0,8.0,165
0,27.0,Computer,1,8.0,Credit Card,Female,3.0,5,Grocery,3,Married,6,1,21.0,2.0,3.0080044676098288,3.0,255
0,17.0,Mobile Phone,2,9.0,Debit Card,Male,4.0,4,Mobile Phone,1,Single,2,0,14.0,2.0,2.0,9.0,160
0,8.0,Mobile Phone,3,10.0,Debit Card,Female,3.0,6,Laptop & Accessory,1,Single,7,0,13.0,3.0,3.0,3.0,185
1,1.0,Mobile Phone,3,14.0,E wallet,Male,3.0,4,Mobile Phone,4,Single,3,0,14.0,1.0,2.0,1.0,152
0,12.0,Mobile Phone,1,13.0,UPI,Female,3.0,5,Mobile Phone,3,Married,3,0,12.0,2.0,2.0,5.0,162
1,1.0,Phone,1,15.0,Credit Card,Female,4.0,4,Mobile Phone,5,Married,3,1,18.0,1.0,2.0,1.0,149
0,5.0,Mobile Phone,3,36.0,E wallet,Female,4.0,5,Laptop & Accessory,1,Married,3,0,15.0,1.0,6.0,8.0,180
0,25.0,Mobile Phone,1,10.0,Cash on Delivery,Female,3.0,4,Fashion,3,Married,4,0,12.0,3.0,3.0080044676098288,3.0,256
0,11.0,Mobile Phone,3,16.0,E wallet,Male,3.0,5,Laptop & Accessory,4,Married,3,0,15.0,2.0,2.0,4.0,167
0,20.0,Mobile Phone,1,9.0,Credit Card,Male,3.0,4,Others,1,Married,9,1,15.707921714818266,3.0,3.0,3.0,318
0,10.0,Mobile Phone,1,17.0,Debit Card,Male,3.0,4,Fashion,5,Married,9,1,14.0,3.0,6.0,8.0,208
1,8.0,Computer,1,8.0,Credit Card,Male,4.0,4,Mobile Phone,4,Married,3,1,13.0,3.0,3.0,4.0,148
0,11.0,Mobile Phone,2,15.0,UPI,Male,3.0,4,Laptop & Accessory,4,Married,4,0,14.0,4.0,5.0,8.0,166
1,1.0,Mobile Phone,3,34.0,Debit Card,Male,3.0,4,Laptop & Accessory,1,Single,3,1,19.0,4.0,8.0,8.0,183
0,7.0,Mobile Phone,1,15.0,Debit Card,Male,3.0,2,Mobile Phone,5,Married,8,0,20.0,4.0,8.0,7.0,156
0,2.0,Phone,1,8.0,Debit Card,Male,3.0,4,Mobile Phone,1,Married,3,0,12.0,1.0,2.0,4.0,145
0,13.0,Mobile Phone,1,17.0,Credit Card,Male,4.0,4,Fashion,3,Single,9,0,22.0,3.0,3.0080044676098288,3.0,260
0,20.0,Computer,3,33.0,Debit Card,Male,4.0,5,Laptop & Accessory,4,Single,10,0,16.0,2.0,3.0,3.0,205
0,14.0,Mobile Phone,1,9.0,Debit Card,Female,4.0,4,Mobile Phone,5,Married,6,0,18.0,2.0,2.0,3.0,159
0,16.0,Mobile Phone,1,20.0,Credit Card,Male,4.0,2,Laptop & Accessory,5,Married,7,0,19.0,2.0,2.0,1.0,180
0,9.0,Computer,1,9.0,Credit Card,Male,3.0,4,Laptop & Accessory,1,Married,4,0,15.0,2.0,2.0,8.0,183
0,12.0,Computer,2,9.0,UPI,Male,4.0,4,Mobile Phone,4,Married,7,0,14.0,3.0,4.0,9.0,151
1,1.0,Computer,1,16.0,Debit Card,Male,4.0,4,Laptop & Accessory,5,Married,6,0,18.0,1.0,2.0,8.0,178
1,1.0,Mobile Phone,1,17.0,Credit Card,Male,3.0,4,Laptop & Accessory,5,Single,3,0,16.0,1.0,2.0,9.0,167
0,13.0,Computer,3,27.0,Debit Card,Male,3.0,4,Laptop & Accessory,1,Married,4,0,19.0,2.0,3.0,3.0,166
0,17.0,Computer,1,16.0,Debit Card,Male,3.0,4,Mobile Phone,3,Single,6,0,14.0,2.0,2.0,3.0,149
0,15.0,Mobile Phone,1,12.0,Debit Card,Male,3.0,2,Laptop & Accessory,4,Single,5,0,13.0,1.0,2.0,3.0,194
0,15.0,Mobile Phone,3,11.0,E wallet,Female,3.0,4,Fashion,3,Married,2,1,14.0,6.0,14.0,4.543490512868683,229
0,4.0,Mobile Phone,1,17.0,Credit Card,Female,4.0,4,Fashion,3,Single,11,0,15.0,1.0,2.0,4.543490512868683,222
1,1.0,Phone,2,27.0,Credit Card,Female,4.0,4,Mobile Phone,4,Married,2,1,12.0,1.0,2.0,5.0,146
1,10.0,Mobile Phone,1,28.0,Credit Card,Female,4.0,4,Laptop & Accessory,4,Married,6,0,23.0,4.0,4.0,4.543490512868683,214
0,14.0,Mobile Phone,1,8.0,Debit Card,Female,3.0,4,Laptop & Accessory,1,Married,6,0,18.0,1.0,2.0,4.0,190
0,8.0,Mobile Phone,3,15.0,Cash on Delivery,Male,4.0,2,Laptop & Accessory,3,Married,3,0,22.0,3.0,5.0,9.0,193
0,31.0,Computer,3,9.0,Credit Card,Male,3.0,4,Grocery,4,Married,6,0,23.0,1.7510234462225531,15.0,15.0,288
0,9.0,Mobile Phone,1,30.0,Credit Card,Male,4.0,6,Mobile Phone,3,Married,2,0,17.0,1.0,2.0,4.0,152
0,21.0,Mobile Phone,1,11.0,Debit Card,Female,4.0,5,Fashion,4,Married,10,1,13.0,6.0,15.0,4.543490512868683,228
0,14.0,Mobile Phone,1,19.0,Debit Card,Female,3.0,4,Laptop & Accessory,5,Married,4,0,13.0,2.0,8.0,8.0,169
0,28.0,Mobile Phone,1,14.0,Credit Card,Female,4.0,4,Laptop & Accessory,1,Married,6,0,16.0,2.0,2.0,8.0,194
0,5.0,Computer,3,14.0,E wallet,Female,4.0,4,Fashion,5,Married,4,0,15.0,3.0,3.0,4.543490512868683,221
0,2.0,Mobile Phone,1,8.0,Credit Card,Female,4.0,4,Mobile Phone,5,Married,3,0,26.0,2.0,2.0,3.0,161
0,12.0,Mobile Phone,3,9.0,E wallet,Female,4.0,6,Laptop & Accessory,1,Married,4,1,21.0,1.0,2.0,4.0,179
0,1.0,Mobile Phone,3,17.0,Credit Card,Male,3.0,4,Laptop & Accessory,1,Single,3,0,14.0,2.0,2.0,3.0,172
0,31.0,Computer,1,22.0,Debit Card,Male,3.0,4,Grocery,3,Married,4,1,15.0,1.7510234462225531,3.0,3.0,283
0,1.0,Computer,1,21.0,Credit Card,Female,3.0,4,Mobile Phone,3,Single,3,0,17.0,2.0,2.0,1.0,140
1,1.0,Mobile Phone,2,25.0,UPI,Male,3.0,2,Mobile Phone,5,Married,2,0,18.0,2.0,2.0,1.0,155
1,1.0,Phone,2,20.0,UPI,Male,3.0,5,Mobile Phone,5,Married,6,1,16.0,3.0,3.0,1.0,148
0,19.0,Computer,3,9.0,Debit Card,Female,4.0,4,Laptop & Accessory,3,Married,6,0,23.0,4.0,6.0,8.0,177
0,10.0,Mobile Phone,1,9.0,UPI,Female,4.0,4,Laptop & Accessory,4,Married,6,1,23.0,2.0,2.0,1.0,195
0,17.0,Computer,3,9.0,Debit Card,Male,4.0,4,Laptop & Accessory,1,Married,3,0,21.0,8.0,8.0,8.0,182
0,1.0,Computer,1,12.0,Debit Card,Female,3.0,4,Mobile Phone,1,Single,2,1,15.0,2.0,2.0,3.0,149
0,3.0,Computer,1,27.0,Credit Card,Male,3.0,4,Mobile Phone,1,Married,3,0,14.0,2.0,4.0,11.0,163
0,6.0,Computer,3,17.0,E wallet,Male,4.0,4,Laptop & Accessory,1,Single,10,0,14.0,1.0,2.0,1.0,171
0,16.0,Computer,1,17.0,COD,Male,3.0,4,Mobile Phone,3,Married,5,0,23.0,4.0,4.0,4.0,154
0,21.0,Phone,1,16.0,Debit Card,Female,4.0,4,Mobile Phone,3,Single,6,0,13.0,1.0,3.0,1.0,146
0,20.0,Mobile Phone,1,9.0,Debit Card,Male,3.0,4,Fashion,1,Married,5,0,15.0,1.0,5.0,4.543490512868683,211
0,2.0,Computer,2,8.0,Debit Card,Male,3.0,4,Mobile Phone,1,Married,3,0,16.0,2.0,3.0,3.0,152
0,3.0,Mobile Phone,1,36.0,Debit Card,Male,4.0,6,Laptop & Accessory,3,Married,10,0,18.0,1.0,2.0,7.0,189
0,16.0,Mobile Phone,1,15.0,Debit Card,Male,3.0,4,Mobile Phone,3,Single,6,0,14.0,2.0,2.0,1.0,165
1,1.0,Mobile Phone,3,9.0,E wallet,Male,3.0,5,Laptop & Accessory,4,Single,9,1,13.0,2.0,3.0,4.543490512868683,224
0,20.0,Mobile Phone,3,10.0,Cash on Delivery,Female,3.0,2,Grocery,5,Married,4,0,13.0,3.0,3.0080044676098288,9.0,257
0,1.0,Mobile Phone,3,30.0,Credit Card,Female,3.0,5,Laptop & Accessory,3,Married,3,0,22.0,4.0,6.0,9.0,160
0,3.0,Mobile Phone,2,13.0,Credit Card,Male,3.0,5,Mobile Phone,4,Married,3,0,12.0,2.0,2.0,1.0,153
0,17.0,Mobile Phone,1,13.0,Credit Card,Female,3.0,5,Others,3,Married,9,0,15.707921714818266,7.0,7.0,15.0,319
0,22.0,Mobile Phone,1,17.0,Debit Card,Male,4.0,5,Others,4,Married,6,0,15.707921714818266,4.0,13.0,10.0,322
1,1.0,Computer,1,31.0,Debit Card,Male,4.0,5,Mobile Phone,1,Single,3,1,25.0,2.0,2.0,1.0,149
1,10.0,Mobile Phone,3,17.0,Debit Card,Female,4.0,4,Fashion,4,Married,7,0,22.0,2.0,2.0,8.0,198
0,1.0,Computer,1,22.0,Debit Card,Female,4.0,5,Mobile Phone,5,Married,2,0,20.0,1.0,8.0,4.0,173
0,13.0,Mobile Phone,1,26.0,UPI,Male,3.0,4,Laptop & Accessory,1,Married,10,0,15.0,1.0,3.0,3.0,164
0,29.0,Mobile Phone,1,9.0,COD,Male,4.0,5,Mobile Phone,1,Married,10,0,21.0,2.0,2.0,5.0,152
0,2.0,Mobile Phone,3,10.0,Credit Card,Female,4.0,4,Mobile Phone,4,Married,3,0,20.0,2.0,2.0,1.0,154
1,1.0,Phone,3,16.0,Credit Card,Male,3.0,4,Mobile Phone,1,Single,3,0,14.0,1.0,2.0,1.0,136
1,1.0,Mobile Phone,1,14.0,Debit Card,Male,4.0,4,Mobile Phone,4,Single,3,1,24.0,2.0,2.0,1.0,150
0,10.0,Mobile Phone,3,17.0,COD,Female,4.0,5,Laptop & Accessory,3,Married,3,1,14.0,1.0,2.0,8.0,182
0,5.0,Mobile Phone,1,27.0,Debit Card,Male,3.0,4,Laptop & Accessory,3,Married,3,0,12.0,1.0,2.0,3.0,167
0,8.0,Mobile Phone,3,11.0,Debit Card,Male,4.0,4,Fashion,1,Married,4,1,14.0,1.0,2.0,4.543490512868683,222
0,3.0,Phone,1,14.0,Debit Card,Male,3.0,4,Mobile Phone,5,Single,5,0,15.0,1.0,2.0,3.0,146
0,11.0,Mobile Phone,1,14.0,Credit Card,Male,4.0,4,Laptop & Accessory,5,Married,7,1,23.0,1.0,2.0,5.0,168
0,9.0,Mobile Phone,1,23.0,UPI,Female,3.0,5,Laptop & Accessory,4,Married,2,1,12.0,1.0,2.0,3.0,173
0,19.0,Mobile Phone,1,32.0,Debit Card,Female,4.0,5,Laptop & Accessory,1,Married,2,0,14.0,1.0,4.0,9.0,184
0,10.0,Computer,2,9.0,UPI,Male,4.0,5,Laptop & Accessory,1,Single,3,0,22.0,2.0,2.0,9.0,164
0,14.0,Mobile Phone,1,8.0,Debit Card,Male,4.0,4,Grocery,5,Married,4,0,15.707921714818266,3.0,12.0,17.0,293
0,1.0,Mobile Phone,1,8.0,Debit Card,Female,3.0,5,Mobile Phone,3,Married,3,1,14.0,1.0,2.0,1.0,154
0,1.0,Mobile Phone,3,9.0,Credit Card,Female,3.0,2,Laptop & Accessory,3,Single,2,0,15.0,1.0,2.0,8.0,190
0,22.0,Computer,1,29.0,Credit Card,Female,3.0,4,Grocery,1,Married,5,0,15.707921714818266,2.0,5.0,8.0,297
0,18.0,Mobile Phone,1,8.0,Debit Card,Male,4.0,2,Laptop & Accessory,5,Married,4,0,16.0,2.0,3.0,3.0,175
1,1.0,Computer,1,23.0,COD,Male,3.0,6,Mobile Phone,5,Married,3,1,24.0,1.0,4.0,1.0,148
1,20.0,Mobile Phone,1,31.0,Debit Card,Male,4.0,4,Mobile Phone,1,Single,3,0,17.0,1.0,2.0,1.0,151
0,10.0,Mobile Phone,3,24.0,E wallet,Male,3.0,5,Laptop & Accessory,4,Married,4,0,17.0,2.0,2.0,4.0,180
0,15.0,Mobile Phone,3,15.0,E wallet,Female,3.0,4,Laptop & Accessory,4,Married,7,0,22.0,1.0,2.0,5.0,169
0,16.0,Mobile Phone,1,13.0,Credit Card,Male,3.0,4,Fashion,5,Married,11,0,14.0,6.0,3.0080044676098288,8.0,258
0,5.0,Mobile Phone,3,17.0,Credit Card,Female,3.0,4,Laptop & Accessory,1,Married,4,1,12.0,2.0,2.0,5.0,191
0,8.0,Mobile Phone,3,10.0,Credit Card,Female,4.0,5,Laptop & Accessory,1,Married,5,1,13.0,1.0,2.0,2.0,206
0,5.0,Mobile Phone,1,11.0,Credit Card,Female,4.0,2,Mobile Phone,3,Married,10,0,13.0,2.0,3.0,3.0,165
0,1.0,Computer,1,13.0,UPI,Male,4.0,2,Mobile Phone,1,Married,2,0,19.0,3.0,8.0,8.0,150
0,19.0,Computer,1,8.0,Credit Card,Male,3.0,4,Laptop & Accessory,3,Single,6,0,13.0,1.0,2.0,4.0,179
0,7.0,Mobile Phone,3,17.0,E wallet,Male,3.0,4,Laptop & Accessory,3,Single,3,0,15.0,1.0,2.0,10.0,180
0,2.0,Computer,3,8.0,Debit Card,Male,3.0,5,Laptop & Accessory,1,Married,3,1,13.0,2.0,2.0,8.0,193
1,1.0,Computer,3,31.0,COD,Male,3.0,2,Mobile Phone,5,Single,3,0,18.0,1.0,2.0,1.0,136
0,13.0,Computer,3,28.0,Debit Card,Female,3.0,6,Laptop & Accessory,3,Married,8,0,20.0,1.0,2.0,3.0,182
0,1.0,Phone,1,9.0,COD,Male,3.0,4,Mobile Phone,4,Married,3,0,12.0,1.0,2.0,3.0,147
0,8.0,Computer,1,29.0,UPI,Male,3.0,5,Laptop & Accessory,1,Married,3,1,16.0,4.0,7.0,12.0,182
1,1.0,Mobile Phone,3,20.0,E wallet,Female,3.0,4,Laptop & Accessory,3,Single,5,1,12.0,1.0,3.0,4.543490512868683,224
0,21.0,Computer,1,21.0,COD,Male,4.0,4,Laptop & Accessory,4,Married,10,0,19.0,1.0,2.0,8.0,180
0,30.0,Mobile Phone,3,18.0,E wallet,Female,3.0,5,Laptop & Accessory,5,Married,6,0,17.0,1.0,2.0,1.0,179
0,13.0,Mobile Phone,1,16.0,Credit Card,Male,3.0,4,Laptop & Accessory,5,Married,3,0,26.0,1.0,8.0,10.0,177
0,12.0,Computer,1,15.0,Credit Card,Female,3.0,5,Laptop & Accessory,4,Married,3,1,17.0,2.0,2.0,8.0,146
0,61.0,Mobile Phone,3,28.0,Debit Card,Female,4.0,4,Grocery,1,Married,6,1,15.707921714818266,1.0,2.0,1.0,304
1,1.0,Computer,1,12.0,Debit Card,Female,3.0,2,Mobile Phone,3,Single,5,1,15.0,1.0,2.0,4.0,149
0,12.0,Mobile Phone,1,16.0,Debit Card,Male,4.0,4,Mobile Phone,1,Married,4,0,20.0,1.0,2.0,4.0,173
0,23.0,Computer,1,9.0,Debit Card,Male,3.0,4,Others,1,Married,5,0,15.707921714818266,5.0,5.0,4.0,317
0,16.0,Mobile Phone,3,19.0,E wallet,Male,4.0,4,Laptop & Accessory,1,Married,5,1,13.0,2.0,2.0,1.0,176
1,1.0,Computer,2,29.0,UPI,Female,3.0,5,Mobile Phone,4,Married,3,0,13.0,2.0,2.0,1.0,154
0,9.0,Mobile Phone,3,25.0,Credit Card,Male,4.0,4,Laptop & Accessory,5,Married,2,0,17.0,2.0,2.0,5.0,181
0,2.0,Computer,1,23.0,Credit Card,Male,3.0,4,Mobile Phone,3,Single,3,0,15.0,1.0,2.0,5.0,146
0,5.0,Computer,1,10.0,Credit Card,Male,3.0,4,Mobile Phone,5,Married,3,1,14.0,3.0,3.0,4.0,156
0,10.0,Computer,1,16.0,Debit Card,Male,4.0,2,Mobile Phone,4,Married,3,0,23.0,2.0,2.0,3.0,153
0,8.0,Mobile Phone,3,8.0,E wallet,Male,3.0,4,Fashion,1,Single,3,0,22.0,3.0,3.0,4.543490512868683,224
0,8.0,Mobile Phone,3,20.0,Credit Card,Male,3.0,4,Fashion,3,Married,3,0,19.0,1.0,2.0,4.543490512868683,211
0,1.0,Mobile Phone,1,8.0,Credit Card,Male,4.0,4,Mobile Phone,5,Single,2,0,14.0,8.0,8.0,7.0,154
0,3.0,Mobile Phone,1,8.0,Debit Card,Male,3.0,4,Laptop & Accessory,5,Married,2,0,13.0,1.0,2.0,3.0,179
0,6.0,Computer,1,22.0,Credit Card,Female,3.0,4,Laptop & Accessory,1,Married,7,0,19.0,1.0,2.0,3.0,192
0,5.0,Computer,1,8.0,Debit Card,Male,3.0,6,Laptop & Accessory,5,Married,3,0,22.0,7.0,9.0,8.0,175
1,1.0,Phone,1,24.0,COD,Male,3.0,5,Mobile Phone,1,Married,7,0,13.0,2.0,2.0,4.0,149
0,12.0,Mobile Phone,3,8.0,Debit Card,Male,3.0,5,Mobile Phone,5,Single,6,0,15.0,2.0,2.0,1.0,154
0,9.0,Mobile Phone,3,14.0,Debit Card,Female,3.0,4,Laptop & Accessory,1,Married,3,1,12.0,2.0,2.0,10.0,177
0,1.0,Mobile Phone,3,16.0,E wallet,Male,3.0,4,Laptop & Accessory,1,Single,3,0,15.0,2.0,2.0,8.0,166
0,6.0,Mobile Phone,1,12.0,Debit Card,Male,3.0,5,Laptop & Accessory,1,Single,10,0,25.0,2.0,2.0,4.543490512868683,222
1,1.0,Computer,3,33.0,E wallet,Male,4.0,4,Laptop & Accessory,1,Married,3,1,12.0,1.0,2.0,9.0,181
1,17.0,Mobile Phone,3,31.0,Debit Card,Male,4.0,4,Fashion,5,Single,8,1,14.0,1.0,3.0,4.543490512868683,229
0,28.0,Mobile Phone,1,16.0,Debit Card,Female,4.0,4,Laptop & Accessory,3,Married,5,0,12.0,2.0,3.0,4.0,154
0,7.0,Computer,1,14.0,Debit Card,Male,3.0,4,Laptop & Accessory,3,Married,3,0,21.0,1.0,3.0,9.0,185
0,17.0,Mobile Phone,1,18.0,Debit Card,Male,2.0,4,Fashion,3,Married,3,0,18.0,2.0,2.0,10.0,200
0,12.0,Computer,2,8.0,UPI,Male,3.0,4,Mobile Phone,4,Married,2,1,12.0,1.0,2.0,3.0,155
0,29.0,Mobile Phone,2,33.0,UPI,Male,4.0,2,Others,4,Married,6,1,15.707921714818266,2.0,2.0,5.0,321
0,5.0,Phone,1,9.0,Credit Card,Female,3.0,6,Mobile Phone,1,Married,3,1,12.0,1.0,2.0,1.0,136
0,13.0,Mobile Phone,3,22.0,E wallet,Male,4.0,4,Grocery,5,Single,2,0,13.0,5.0,3.0080044676098288,11.0,258
0,16.0,Computer,1,30.0,Debit Card,Male,3.0,5,Laptop & Accessory,3,Single,3,0,13.0,4.0,4.0,8.0,168
0,5.0,Computer,1,17.0,Credit Card,Female,3.0,4,Fashion,3,Married,6,0,21.0,4.0,3.0080044676098288,9.0,235
0,28.0,Mobile Phone,1,17.0,Credit Card,Female,4.0,4,Laptop & Accessory,5,Single,8,1,20.0,1.0,2.0,5.0,169
0,1.0,Mobile Phone,1,8.0,Debit Card,Male,3.0,5,Laptop & Accessory,3,Single,3,0,13.0,2.0,2.0,3.0,171
0,1.0,Mobile Phone,1,19.0,UPI,Male,4.0,4,Mobile Phone,1,Single,3,0,14.0,2.0,2.0,5.0,151
0,14.0,Computer,1,18.0,COD,Female,4.0,4,Laptop & Accessory,3,Married,3,0,12.0,8.0,10.0,5.0,188
0,14.0,Mobile Phone,3,9.0,E wallet,Female,4.0,4,Laptop & Accessory,4,Married,5,0,15.0,2.0,6.0,11.0,182
0,1.0,Phone,2,9.0,UPI,Female,3.0,4,Mobile Phone,4,Married,6,0,15.0,1.0,2.0,3.0,147
0,4.0,Mobile Phone,1,8.0,Credit Card,Male,4.0,4,Mobile Phone,4,Married,3,0,14.0,2.0,2.0,8.0,162
0,1.0,Mobile Phone,1,9.0,UPI,Male,3.0,4,Mobile Phone,3,Married,8,1,20.0,1.0,2.0,3.0,165
0,21.0,Mobile Phone,1,32.0,Credit Card,Male,3.0,4,Fashion,3,Single,4,0,24.0,10.0,13.0,4.543490512868683,211
0,7.0,Computer,1,8.0,Credit Card,Male,3.0,5,Mobile Phone,3,Married,3,0,13.0,1.0,2.0,1.0,145
0,12.0,Mobile Phone,3,8.0,Debit Card,Male,3.0,4,Laptop & Accessory,4,Married,2,0,16.0,2.0,6.0,9.0,169
0,5.0,Mobile Phone,3,9.0,Debit Card,Male,3.0,4,Mobile Phone,3,Married,2,0,20.0,1.0,2.0,3.0,156
0,12.0,Computer,1,13.0,Debit Card,Male,4.0,5,Laptop & Accessory,3,Married,4,0,12.0,3.0,8.0,8.0,178
0,16.0,Mobile Phone,1,25.0,Debit Card,Male,3.0,4,Laptop & Accessory,5,Married,8,1,18.0,2.0,2.0,3.0,179
0,15.0,Mobile Phone,1,8.0,Debit Card,Male,4.0,4,Mobile Phone,1,Married,5,0,23.0,1.0,2.0,1.0,153
0,21.0,Computer,1,8.0,Credit Card,Female,4.0,4,Fashion,4,Married,2,0,19.0,1.0,3.0080044676098288,13.0,245
0,9.0,Mobile Phone,1,18.0,Credit Card,Male,3.0,4,Mobile Phone,3,Married,9,1,12.0,3.0,3.0,3.0,152
0,1.0,Mobile Phone,1,8.0,Debit Card,Male,4.0,4,Mobile Phone,3,Single,2,0,13.0,2.0,2.0,3.0,159
0,9.0,Mobile Phone,1,16.0,Credit Card,Male,3.0,4,Laptop & Accessory,3,Single,3,0,20.0,1.0,2.0,9.0,176
0,7.0,Mobile Phone,1,22.0,Credit Card,Female,4.0,4,Laptop & Accessory,1,Married,2,1,14.0,7.0,9.0,2.0,174
0,6.0,Mobile Phone,1,36.0,Debit Card,Female,3.0,5,Mobile Phone,4,Single,3,0,14.0,1.0,5.0,2.0,153
0,14.0,Phone,1,8.0,Debit Card,Male,3.0,4,Mobile Phone,1,Married,10,0,20.0,2.0,2.0,1.0,149
0,6.0,Phone,3,8.0,Credit Card,Male,4.0,5,Mobile Phone,4,Married,2,0,15.0,3.0,3.0,3.0,148
0,13.0,Mobile Phone,1,31.0,Debit Card,Male,3.0,4,Laptop & Accessory,1,Single,9,0,14.0,1.0,2.0,8.0,166
0,12.0,Mobile Phone,1,17.0,Credit Card,Female,4.0,6,Fashion,3,Married,5,0,13.0,1.0,3.0080044676098288,12.0,257
0,6.0,Mobile Phone,3,8.0,E wallet,Female,3.0,4,Fashion,1,Married,3,0,20.0,1.0,6.0,4.543490512868683,229
0,11.0,Mobile Phone,1,17.0,Debit Card,Female,3.0,2,Fashion,1,Married,3,1,26.0,1.7510234462225531,7.0,9.0,262
0,1.0,Mobile Phone,3,15.0,UPI,Female,3.0,4,Laptop & Accessory,3,Married,2,1,23.0,1.0,2.0,5.0,174
0,26.0,Computer,3,36.0,Debit Card,Male,3.0,4,Mobile Phone,1,Married,4,0,16.0,2.0,2.0,1.0,160
0,18.0,Phone,1,8.0,Credit Card,Male,3.0,4,Mobile Phone,1,Single,8,1,13.0,2.0,2.0,3.0,149
0,1.0,Phone,3,12.0,Credit Card,Male,3.0,4,Mobile Phone,5,Single,3,1,12.0,2.0,2.0,3.0,149
0,13.0,Computer,1,16.0,Debit Card,Male,3.0,4,Others,1,Single,4,0,15.707921714818266,2.0,2.0,4.0,319
1,1.0,Computer,3,16.0,E wallet,Male,3.0,4,Mobile Phone,5,Married,3,0,20.0,2.0,2.0,1.0,143
0,10.0,Mobile Phone,3,10.0,Credit Card,Female,4.0,5,Fashion,1,Married,2,0,20.0,1.0,4.0,5.0,201
0,10.0,Computer,1,11.0,Debit Card,Female,4.0,4,Laptop & Accessory,4,Married,9,0,14.0,1.0,2.0,3.0,176
0,30.0,Computer,1,8.0,Debit Card,Male,3.0,4,Laptop & Accessory,3,Married,3,0,22.0,1.0,2.0,10.0,188
1,1.0,Mobile Phone,1,8.0,Credit Card,Male,3.0,4,Mobile Phone,1,Married,11,1,15.0,3.0,3.0,3.0,173
0,16.0,Mobile Phone,1,9.0,Debit Card,Male,3.0,4,Others,3,Married,7,0,15.707921714818266,1.0,5.0,15.0,314
1,20.0,Phone,1,14.0,COD,Male,4.0,4,Mobile Phone,3,Married,10,0,12.0,7.0,10.0,9.0,148
0,15.0,Mobile Phone,1,35.0,Debit Card,Female,3.0,5,Grocery,4,Married,2,0,24.0,2.0,2.0,11.0,261
0,8.0,Mobile Phone,3,35.0,E wallet,Female,4.0,5,Laptop & Accessory,3,Married,3,0,22.0,2.0,2.0,8.0,192
0,10.0,Computer,3,22.0,E wallet,Male,3.0,6,Laptop & Accessory,1,Married,3,0,25.0,6.0,12.0,12.0,179
0,15.0,Mobile Phone,3,10.0,Debit Card,Male,3.0,5,Laptop & Accessory,4,Married,4,0,12.0,2.0,2.0,4.543490512868683,214
0,6.0,Phone,1,9.0,COD,Male,4.0,4,Mobile Phone,5,Single,3,0,15.0,1.0,2.0,3.0,149
0,9.0,Mobile Phone,2,33.0,Debit Card,Female,3.0,4,Fashion,1,Single,3,1,17.0,2.0,2.0,4.543490512868683,213
0,12.0,Mobile Phone,3,17.0,Debit Card,Female,4.0,4,Laptop & Accessory,1,Married,3,0,12.0,1.0,2.0,10.0,178
1,14.0,Computer,3,8.0,Debit Card,Male,4.0,4,Laptop & Accessory,3,Married,9,0,13.0,2.0,2.0,2.0,192
0,10.0,Mobile Phone,3,18.0,E wallet,Female,4.0,5,Laptop & Accessory,1,Married,6,0,14.0,2.0,2.0,1.0,192
0,19.0,Mobile Phone,3,27.0,Debit Card,Female,3.0,4,Laptop & Accessory,3,Single,10,0,16.0,1.0,2.0,2.0,174
0,14.0,Mobile Phone,1,9.0,Debit Card,Male,1.0,5,Mobile Phone,3,Single,4,0,15.0,1.0,3.0,3.0,153
0,9.0,Computer,1,25.0,Debit Card,Male,4.0,4,Laptop & Accessory,3,Married,3,1,15.0,1.0,2.0,3.0,182
0,14.0,Phone,1,9.0,Credit Card,Female,4.0,4,Mobile Phone,3,Married,4,0,15.0,1.0,2.0,3.0,145
0,9.0,Mobile Phone,1,8.0,Debit Card,Female,4.0,6,Mobile Phone,1,Married,3,0,13.0,2.0,2.0,2.0,155
0,3.0,Mobile Phone,1,20.0,UPI,Male,3.0,5,Laptop & Accessory,4,Married,6,1,14.0,1.0,2.0,4.0,165
0,3.0,Mobile Phone,1,35.0,Credit Card,Female,4.0,5,Mobile Phone,5,Single,3,0,15.0,1.0,2.0,5.0,163
1,14.0,Mobile Phone,3,35.0,E wallet,Male,3.0,5,Fashion,5,Married,6,1,14.0,3.0,3.0080044676098288,1.0,234
0,13.0,Mobile Phone,3,31.0,E wallet,Female,3.0,5,Grocery,1,Married,2,0,12.0,4.0,3.0080044676098288,7.0,245
0,5.0,Computer,1,12.0,Credit Card,Male,4.0,4,Laptop & Accessory,5,Single,2,0,20.0,2.0,2.0,4.543490512868683,224
0,1.0,Mobile Phone,3,12.0,UPI,Female,2.0,5,Mobile Phone,3,Single,2,0,19.0,2.0,2.0,1.0,155
0,10.0,Computer,1,30.0,Credit Card,Male,3.0,2,Laptop & Accessory,1,Married,6,0,18.0,1.0,2.0,4.0,151
0,13.0,Mobile Phone,1,13.0,Credit Card,Male,3.0,5,Fashion,5,Married,6,0,16.0,1.0,2.0,4.543490512868683,225
0,1.0,Mobile Phone,1,11.0,Debit Card,Male,3.0,2,Laptop & Accessory,4,Married,3,1,21.0,1.0,2.0,4.0,186
0,23.0,Computer,3,9.0,Credit Card,Male,4.0,5,Laptop & Accessory,4,Married,4,0,15.0,2.0,2.0,9.0,179
0,8.0,Mobile Phone,1,15.0,Credit Card,Male,3.0,2,Laptop & Accessory,3,Married,4,0,13.0,2.0,2.0,3.0,169
